src_ip,dst_ip,protocol,action,value,packet_size,num_retries,label,hour,day
10.0.0.2,8.8.4.4,UDP,BLOCK,-0.0690089658585841,138.73195539030692,6,1,14,0
192.168.1.2,8.8.8.8,TCP,ALLOW,0.3502371199371585,401.3324456897541,3,1,1,0
172.16.0.1,172.16.0.2,UDP,ALLOW,0.8236983710865542,370.043913498899,1,0,8,0
10.0.0.1,8.8.8.8,UDP,BLOCK,0.0136553003473685,272.9037872431312,0,0,1,0
10.0.0.2,8.8.4.4,UDP,BLOCK,-0.377327722863608,783.9925803376494,4,1,5,0
172.16.0.1,8.8.8.8,ICMP,BLOCK,-0.116982310650376,1310.4357832551934,7,0,6,0
172.16.0.1,10.0.0.3,TCP,BLOCK,-0.6969176123416896,1445.4938300792628,3,0,13,0
172.16.0.1,8.8.4.4,ICMP,BLOCK,0.2709566747657608,623.8903605680199,9,0,5,0
172.16.0.1,192.168.1.3,ICMP,ALLOW,-0.3353090636905318,217.9963294049745,8,0,7,0
192.168.1.1,8.8.4.4,TCP,BLOCK,0.5423230289854879,1417.9281798734671,1,0,13,0
192.168.1.1,192.168.1.3,ICMP,ALLOW,-0.987168153387874,761.894129419478,3,0,14,0
192.168.1.1,192.168.1.3,UDP,BLOCK,0.1680171546652251,1452.6666625556295,5,0,4,0
192.168.1.1,8.8.4.4,TCP,ALLOW,0.4901085338854518,1293.0955804582895,0,1,16,0
172.16.0.1,8.8.8.8,TCP,BLOCK,-0.0777257394032251,828.1291700762897,9,1,0,0
192.168.1.1,172.16.0.2,ICMP,BLOCK,0.7726376580403462,1005.0464734454554,8,0,7,0
192.168.1.1,8.8.8.8,ICMP,ALLOW,-0.568290927315787,1039.8727746359796,1,1,5,0
10.0.0.1,192.168.1.3,TCP,ALLOW,0.5337169783269275,668.0557663872136,5,0,10,0
10.0.0.1,172.16.0.2,TCP,BLOCK,-0.3372815111197085,738.5571341324969,8,0,9,0
192.168.1.2,192.168.1.3,ICMP,ALLOW,0.663247016355869,282.8856405294258,5,0,12,0
192.168.1.1,8.8.8.8,ICMP,BLOCK,0.1479263092955964,1277.8890937080694,7,0,14,0
10.0.0.2,192.168.1.3,UDP,ALLOW,0.6217790737477491,661.0663032150054,4,0,5,0
10.0.0.2,8.8.4.4,ICMP,BLOCK,0.9091868670259468,356.9554312333689,4,0,4,0
192.168.1.2,10.0.0.3,UDP,BLOCK,0.4000966901036726,1079.0010644605268,9,0,8,0
172.16.0.1,172.16.0.2,UDP,BLOCK,-0.1400628670848238,606.5059520732365,10,0,13,0
172.16.0.1,172.16.0.2,TCP,ALLOW,0.619307724106418,636.4766792209209,9,0,6,0
192.168.1.1,192.168.1.3,TCP,ALLOW,0.4838559397019695,1051.164558193076,10,1,15,0
10.0.0.1,192.168.1.3,UDP,BLOCK,0.9154770437331404,914.5877721728714,8,1,0,0
10.0.0.2,8.8.4.4,TCP,BLOCK,-0.1663639442362263,613.7963177803622,4,1,3,0
10.0.0.2,8.8.8.8,ICMP,ALLOW,0.2076571260317312,1082.9022728928778,8,1,3,0
172.16.0.1,10.0.0.3,TCP,BLOCK,0.9531301240181168,610.0168570875643,10,0,13,0
192.168.1.1,10.0.0.3,ICMP,ALLOW,-0.3760711830785763,425.31177264433495,4,1,14,0
192.168.1.1,8.8.8.8,ICMP,BLOCK,-0.5479383725978217,1343.6045039842766,1,0,14,0
10.0.0.1,10.0.0.3,UDP,BLOCK,0.23541722449623,601.3398189346715,9,0,0,0
172.16.0.1,10.0.0.3,UDP,BLOCK,0.2330786024203064,1037.402173224761,1,1,4,0
192.168.1.1,8.8.4.4,ICMP,BLOCK,-0.405184551917287,335.6007673704562,5,0,6,0
10.0.0.1,172.16.0.2,UDP,BLOCK,-0.0545414226784275,339.8670545099208,3,1,9,0
192.168.1.2,172.16.0.2,ICMP,ALLOW,-0.4782179158719404,124.36500237900572,8,1,15,0
172.16.0.1,172.16.0.2,TCP,BLOCK,0.0281943447528278,1301.026917388749,5,1,7,0
192.168.1.1,8.8.4.4,ICMP,BLOCK,0.0616735524957283,1255.0352494996314,9,1,15,0
192.168.1.2,8.8.8.8,TCP,ALLOW,-0.3409049291423034,689.1872303309818,6,1,2,0
10.0.0.1,8.8.8.8,TCP,ALLOW,-0.7891898373320076,1244.6857670512852,7,0,15,0
172.16.0.1,10.0.0.3,UDP,BLOCK,-0.4718945150700766,1373.4468400139292,4,1,7,0
192.168.1.1,10.0.0.3,ICMP,ALLOW,0.6889206632900675,352.7208339098746,7,0,0,0
10.0.0.2,10.0.0.3,ICMP,BLOCK,0.0365519756240342,413.4797313521723,4,0,1,0
10.0.0.1,172.16.0.2,TCP,BLOCK,0.3598682921222327,1017.6007235421675,3,1,10,0
192.168.1.1,8.8.4.4,UDP,BLOCK,0.5456162581316577,185.96985015415453,5,0,12,0
192.168.1.2,10.0.0.3,UDP,ALLOW,-0.419282275640517,1108.6561905250385,10,0,4,0
192.168.1.1,8.8.4.4,UDP,ALLOW,-0.5153908622966328,356.8545398984939,1,0,9,0
10.0.0.1,192.168.1.3,TCP,ALLOW,-0.6156434551710481,1036.7003066338104,4,0,8,0
192.168.1.1,8.8.8.8,UDP,BLOCK,-0.3136375119923944,910.9550244182984,3,1,12,0
10.0.0.1,172.16.0.2,ICMP,ALLOW,-0.1186196834753754,203.71246930995176,5,1,14,0
10.0.0.1,10.0.0.3,UDP,BLOCK,-0.9989275357242366,124.30967529564523,2,1,7,0
192.168.1.2,8.8.8.8,TCP,ALLOW,0.7188747623766769,962.0406367542088,6,0,9,0
172.16.0.1,8.8.4.4,TCP,ALLOW,-0.0345875965458708,251.25076066351815,2,0,4,0
192.168.1.2,10.0.0.3,ICMP,BLOCK,-0.3542290545288691,775.1695669566708,8,1,7,0
192.168.1.1,192.168.1.3,ICMP,ALLOW,-0.9856614168110784,403.1856487403034,5,0,12,0
172.16.0.1,10.0.0.3,TCP,BLOCK,0.3575893780381476,788.9788695924836,6,0,9,0
10.0.0.2,10.0.0.3,UDP,ALLOW,-0.0246861241457589,1356.6273000073104,3,1,7,0
10.0.0.1,8.8.4.4,UDP,BLOCK,0.2743481704394972,360.8300291316024,2,0,8,0
172.16.0.1,172.16.0.2,UDP,BLOCK,0.7068405228118597,605.1507756884292,2,1,11,0
192.168.1.2,8.8.4.4,ICMP,BLOCK,-0.7174797159883857,766.2431976896103,2,0,15,0
192.168.1.1,8.8.8.8,UDP,ALLOW,0.9730868649073956,869.3630554000383,9,0,8,0
192.168.1.1,10.0.0.3,UDP,ALLOW,0.7285975449486475,793.9327758718233,7,1,10,0
172.16.0.1,192.168.1.3,TCP,BLOCK,0.1626786094500534,177.5660456599016,3,0,1,0
10.0.0.1,8.8.4.4,ICMP,ALLOW,0.0907283484364478,531.688731766486,1,1,0,0
172.16.0.1,8.8.4.4,ICMP,ALLOW,-0.0670130477533643,826.8658917645297,10,0,9,0
10.0.0.1,8.8.4.4,TCP,BLOCK,-0.3764232457853125,724.2445865255481,0,1,8,0
10.0.0.2,8.8.8.8,TCP,ALLOW,-0.520805307755521,1347.3752880252778,0,1,1,0
192.168.1.2,192.168.1.3,TCP,BLOCK,0.1064474826415293,904.173006563148,9,1,13,0
172.16.0.1,192.168.1.3,UDP,ALLOW,-0.9077770323374948,317.97672074770026,3,0,4,0
10.0.0.2,172.16.0.2,UDP,ALLOW,0.3998299592072547,487.7664471676426,2,1,2,0
192.168.1.1,192.168.1.3,TCP,ALLOW,0.8355155997577555,1402.5046145256729,10,1,14,0
10.0.0.1,8.8.8.8,UDP,BLOCK,-0.6001212131688676,1370.5747231823584,4,0,11,0
10.0.0.2,8.8.4.4,ICMP,BLOCK,-0.1500184250505143,809.633754530599,6,0,3,0
192.168.1.2,10.0.0.3,TCP,ALLOW,-0.5767591352745636,1311.0172992217651,2,0,1,0
172.16.0.1,172.16.0.2,UDP,BLOCK,-0.5625478109417736,1472.1167212199075,9,1,14,0
10.0.0.2,8.8.8.8,UDP,ALLOW,-0.7550321136500806,484.8777850447655,1,0,6,0
10.0.0.2,172.16.0.2,UDP,ALLOW,-0.7158191172908217,745.0375852973931,9,0,14,0
192.168.1.2,192.168.1.3,ICMP,ALLOW,-0.0646502507459563,1353.1253603905377,0,1,9,0
10.0.0.2,192.168.1.3,UDP,BLOCK,-0.6171985322937548,818.4346399005169,1,1,4,0
192.168.1.1,8.8.4.4,UDP,BLOCK,-0.9682539312207634,1286.258741689703,7,0,11,0
172.16.0.1,8.8.4.4,TCP,BLOCK,0.3518151125955817,589.9349941553853,3,0,12,0
172.16.0.1,10.0.0.3,UDP,BLOCK,-0.9196485188526916,850.2364784743933,8,0,7,0
192.168.1.2,10.0.0.3,TCP,BLOCK,0.5409870344740721,1447.8005965026096,10,0,8,0
10.0.0.1,8.8.4.4,TCP,BLOCK,0.3466682014241964,941.3593644008724,10,0,0,0
10.0.0.1,8.8.4.4,TCP,BLOCK,0.0995638649846872,499.6325814160932,1,0,5,0
192.168.1.1,8.8.4.4,ICMP,ALLOW,0.1380655895208915,1376.503631201898,1,1,11,0
192.168.1.2,10.0.0.3,TCP,ALLOW,-0.837506943351646,363.1099714040231,0,1,13,0
192.168.1.2,8.8.4.4,TCP,BLOCK,-0.7486099577490535,418.6020440804151,0,1,4,0
172.16.0.1,8.8.4.4,TCP,BLOCK,-0.5547954977997391,750.7509014774452,4,0,6,0
172.16.0.1,8.8.4.4,ICMP,ALLOW,-0.4729017384689087,568.3364128579466,3,0,0,0
10.0.0.2,8.8.4.4,TCP,ALLOW,0.2253133362365251,1217.8212001288737,1,0,9,0
172.16.0.1,192.168.1.3,TCP,ALLOW,0.1052239387212807,167.39851901903097,2,1,2,0
192.168.1.1,172.16.0.2,UDP,ALLOW,0.9723485608009632,1470.2916105655052,4,1,13,0
172.16.0.1,8.8.8.8,TCP,BLOCK,-0.8359739387815939,937.6120479992716,8,0,13,0
10.0.0.1,10.0.0.3,TCP,ALLOW,-0.5533454426087152,302.5804397542581,4,1,16,0
172.16.0.1,172.16.0.2,ICMP,ALLOW,0.5732697805389471,128.40080507618447,4,1,16,0
192.168.1.2,8.8.4.4,TCP,ALLOW,-0.7081875056620643,908.9478382229128,5,0,13,0
10.0.0.1,8.8.4.4,ICMP,ALLOW,-0.5337834248227822,603.7438791373968,1,1,4,0
10.0.0.1,8.8.4.4,ICMP,BLOCK,-0.1354439063898336,364.4527915260731,7,1,12,0
172.16.0.1,192.168.1.3,ICMP,ALLOW,0.0612802011767312,329.29413106528204,9,1,6,0
192.168.1.2,192.168.1.3,ICMP,ALLOW,0.0401099256237578,1285.93499491719,7,1,10,0
10.0.0.1,8.8.4.4,ICMP,ALLOW,-0.0922284477205326,196.5972227064204,8,1,2,0
10.0.0.1,10.0.0.3,TCP,BLOCK,-0.9154673992367748,266.18144990239864,2,0,12,0
10.0.0.2,10.0.0.3,TCP,BLOCK,0.6431937587386789,414.369162851084,9,1,14,0
10.0.0.2,8.8.8.8,TCP,ALLOW,-0.3282718247105887,826.9283088894832,4,0,10,0
192.168.1.2,8.8.8.8,TCP,BLOCK,-0.0324855954526288,241.3478103991356,6,1,4,0
172.16.0.1,8.8.4.4,ICMP,ALLOW,0.9624579734413968,1007.6577592547582,10,0,12,0
192.168.1.1,172.16.0.2,TCP,BLOCK,0.3601555707802106,772.8488083984793,9,0,3,0
10.0.0.1,10.0.0.3,ICMP,ALLOW,0.5062651366164777,1216.1550890437677,10,0,5,0
10.0.0.1,10.0.0.3,UDP,BLOCK,-0.0488811930464445,211.22276817115943,10,1,3,0
172.16.0.1,8.8.8.8,UDP,ALLOW,-0.1609341640599846,1497.527405159544,9,0,0,0
192.168.1.1,8.8.8.8,UDP,BLOCK,-0.9020431045102952,979.6645492111318,5,0,16,0
10.0.0.1,172.16.0.2,UDP,BLOCK,0.5115276859760749,1028.5919152211227,10,0,10,0
192.168.1.1,172.16.0.2,UDP,ALLOW,0.4091884179643594,443.404087804012,1,0,1,0
172.16.0.1,10.0.0.3,UDP,ALLOW,-0.6768273209618516,598.5508251789188,5,0,1,0
172.16.0.1,172.16.0.2,TCP,BLOCK,-0.8295955223249603,828.8207097420739,0,0,13,0
192.168.1.2,8.8.8.8,ICMP,BLOCK,-0.3673082914553043,1135.107557178456,6,1,9,0
192.168.1.2,172.16.0.2,ICMP,BLOCK,0.9433706232314448,492.88838728782434,4,0,4,0
10.0.0.1,172.16.0.2,TCP,ALLOW,0.6298828415905875,658.8194220106944,0,1,16,0
10.0.0.2,10.0.0.3,UDP,BLOCK,-0.9849900863150334,500.79097779709696,5,0,4,0
10.0.0.2,172.16.0.2,UDP,ALLOW,-0.4714064692131914,1464.273592187158,9,1,1,0
10.0.0.1,8.8.8.8,UDP,ALLOW,-0.8615666812815559,351.2767591296908,10,1,2,0
10.0.0.2,8.8.8.8,UDP,ALLOW,-0.0653812083608513,1090.8227884875896,1,0,7,0
192.168.1.2,172.16.0.2,ICMP,ALLOW,0.9822847160007884,813.0606690046602,2,0,2,0
10.0.0.2,10.0.0.3,TCP,BLOCK,-0.3493019175677079,711.270546261882,1,0,5,0
192.168.1.2,10.0.0.3,TCP,ALLOW,-0.0826184841170019,986.2043184918606,4,0,12,0
10.0.0.2,10.0.0.3,UDP,BLOCK,0.1132611319842327,1475.90833861658,5,1,12,0
10.0.0.2,10.0.0.3,UDP,BLOCK,-0.6541103308786396,1221.2328258768357,4,0,0,0
192.168.1.2,192.168.1.3,UDP,BLOCK,0.8841468084236423,395.2500173692892,7,0,4,0
10.0.0.2,8.8.4.4,UDP,ALLOW,-0.0324764853614607,1478.666964477388,6,0,10,0
192.168.1.2,192.168.1.3,ICMP,BLOCK,0.2086763774593671,943.4757558153112,3,0,5,0
172.16.0.1,10.0.0.3,ICMP,BLOCK,-0.9711219280694908,744.8388167719432,2,0,2,0
10.0.0.1,172.16.0.2,ICMP,BLOCK,-0.7217867958455959,214.92384524911296,9,0,5,0
192.168.1.1,8.8.8.8,TCP,BLOCK,-0.7930820945824213,1237.941929447857,8,1,5,0
172.16.0.1,172.16.0.2,ICMP,ALLOW,-0.1038310585151782,526.3375756075473,8,0,3,0
172.16.0.1,172.16.0.2,TCP,ALLOW,-0.0789334575023343,587.6229488445983,5,1,5,0
172.16.0.1,10.0.0.3,TCP,BLOCK,0.0889366959886672,511.3994655818656,1,1,2,0
10.0.0.1,8.8.4.4,TCP,BLOCK,-0.8507645903146339,726.0216703992518,10,0,10,0
10.0.0.1,172.16.0.2,TCP,ALLOW,-0.7885416366205118,126.60019515913008,3,1,10,0
10.0.0.1,10.0.0.3,TCP,BLOCK,0.3850359390687043,1028.7891616707066,8,0,6,0
172.16.0.1,8.8.8.8,UDP,BLOCK,-0.2536695205339867,889.2513424381123,3,0,14,0
10.0.0.2,10.0.0.3,ICMP,BLOCK,0.4275296396901606,653.7284987519231,0,1,15,0
192.168.1.1,172.16.0.2,ICMP,BLOCK,0.788626112364327,966.3177423398712,8,1,6,0
10.0.0.2,172.16.0.2,TCP,ALLOW,-0.8921568314315591,381.0280892412381,0,1,0,0
172.16.0.1,8.8.8.8,ICMP,ALLOW,-0.9071381646626244,439.07403697340624,9,0,14,0
10.0.0.2,172.16.0.2,ICMP,ALLOW,-0.0454002764207672,123.79092525465558,10,1,6,0
10.0.0.1,10.0.0.3,ICMP,BLOCK,-0.0856658251356898,796.481138735774,8,1,4,0
172.16.0.1,172.16.0.2,TCP,ALLOW,0.9475690229371534,1441.0059160812675,4,0,5,0
10.0.0.1,192.168.1.3,UDP,BLOCK,0.802878760510374,373.1162538474626,6,1,10,0
10.0.0.2,8.8.8.8,UDP,BLOCK,0.3488088497698147,848.3486711356786,2,0,3,0
192.168.1.1,8.8.4.4,ICMP,BLOCK,-0.0026893616614944,409.4386238835367,9,0,8,0
172.16.0.1,172.16.0.2,TCP,ALLOW,0.0713524821149569,402.22962084693006,3,0,7,0
192.168.1.2,172.16.0.2,ICMP,BLOCK,0.2481878695438732,709.0898640854048,10,1,1,0
192.168.1.2,172.16.0.2,UDP,ALLOW,0.2673470764018653,1228.6941845409906,5,1,0,0
10.0.0.2,192.168.1.3,UDP,BLOCK,-0.9844322465797796,1263.442962762065,4,0,13,0
192.168.1.2,192.168.1.3,UDP,BLOCK,-0.0750783400059931,1057.799275422704,8,1,4,0
172.16.0.1,8.8.8.8,UDP,ALLOW,-0.8600185996458556,956.262832930682,7,0,1,0
10.0.0.1,8.8.8.8,TCP,ALLOW,-0.6865310430576443,248.07173137479367,2,1,5,0
192.168.1.2,8.8.4.4,TCP,ALLOW,-0.2292851205961068,627.0884119233164,6,0,4,0
10.0.0.2,8.8.8.8,ICMP,BLOCK,0.468695555068948,567.8230598524002,8,0,5,0
172.16.0.1,10.0.0.3,TCP,ALLOW,0.3009290769023309,844.5436878629392,10,1,6,0
10.0.0.2,10.0.0.3,UDP,BLOCK,0.950180524246031,613.1247493402853,3,1,8,0
192.168.1.2,8.8.8.8,UDP,ALLOW,-0.2950223467853885,397.24418284108543,2,0,12,0
172.16.0.1,172.16.0.2,ICMP,BLOCK,-0.6751147056619979,1040.342394869886,3,0,9,0
10.0.0.1,10.0.0.3,TCP,ALLOW,0.196398582955394,1338.7133714478482,5,0,11,0
172.16.0.1,10.0.0.3,ICMP,ALLOW,0.6851343059681596,207.98106181800432,1,0,3,0
10.0.0.1,172.16.0.2,ICMP,ALLOW,0.1336591976003958,642.049665449185,2,1,6,0
192.168.1.2,8.8.4.4,ICMP,ALLOW,-0.8299864549525666,302.8083737338698,2,1,15,0
172.16.0.1,8.8.4.4,TCP,ALLOW,0.0270868022190833,1138.5942957115697,8,0,7,0
172.16.0.1,8.8.8.8,UDP,BLOCK,-0.5747530247128525,727.7526192630241,1,0,6,0
10.0.0.2,8.8.8.8,UDP,ALLOW,-0.9126784983308652,737.4302493510069,1,1,16,0
10.0.0.2,172.16.0.2,TCP,ALLOW,0.8441947936541407,231.7204388313549,4,0,4,0
192.168.1.1,8.8.4.4,TCP,ALLOW,-0.8457995239701988,482.5162414235104,3,1,4,0
192.168.1.1,172.16.0.2,ICMP,BLOCK,-0.2518884411974247,203.39214217938704,3,0,11,0
192.168.1.1,8.8.4.4,TCP,BLOCK,0.7344777304280927,142.92768632626542,5,1,5,0
10.0.0.2,10.0.0.3,UDP,BLOCK,-0.4942083319698129,206.3436125566988,0,1,1,0
10.0.0.2,172.16.0.2,TCP,ALLOW,0.3743914200019875,627.0485359018442,1,1,1,0
172.16.0.1,8.8.4.4,ICMP,BLOCK,-0.3573571661189378,1409.12598097766,7,1,9,0
192.168.1.2,192.168.1.3,TCP,ALLOW,0.3892456972878477,661.6449529875681,3,0,6,0
10.0.0.1,172.16.0.2,UDP,ALLOW,0.2364255701141597,491.7942390804754,0,0,11,0
172.16.0.1,172.16.0.2,UDP,ALLOW,-0.512829394054841,396.8501241058964,3,0,0,0
10.0.0.2,192.168.1.3,TCP,ALLOW,0.1385320422658404,729.0366822274605,7,1,0,0
192.168.1.1,8.8.4.4,TCP,ALLOW,0.8145801391969465,488.85927303679466,9,0,0,0
10.0.0.1,8.8.8.8,ICMP,BLOCK,0.1989835240787851,1078.6530547184552,5,0,8,0
192.168.1.1,8.8.8.8,UDP,ALLOW,-0.3043387966185262,672.2548304924088,8,0,10,0
10.0.0.1,10.0.0.3,TCP,BLOCK,-0.6624749887168793,1336.119508504377,10,0,16,0
172.16.0.1,8.8.8.8,UDP,BLOCK,0.4158897695736376,444.0416519917159,9,1,3,0
192.168.1.1,192.168.1.3,UDP,BLOCK,-0.0208597840419193,326.89026223997087,9,1,16,0
192.168.1.1,10.0.0.3,ICMP,BLOCK,-0.1402419665973486,923.3336358543258,7,1,12,0
172.16.0.1,8.8.4.4,ICMP,BLOCK,-0.6253341662652872,1077.9204368551273,2,0,7,0
172.16.0.1,8.8.4.4,UDP,ALLOW,-0.4241152323063692,1194.3260665411144,10,1,15,0
192.168.1.2,192.168.1.3,TCP,ALLOW,-0.1013224486709403,172.17457033999784,0,1,15,0
192.168.1.1,192.168.1.3,TCP,ALLOW,0.3765599552719647,1462.1268304495218,3,0,11,0
192.168.1.1,10.0.0.3,UDP,ALLOW,0.3742018854734961,381.1885315909674,7,0,7,0
10.0.0.2,172.16.0.2,TCP,BLOCK,0.9092531675914068,1488.9671188825275,6,0,5,0
10.0.0.2,192.168.1.3,TCP,ALLOW,-0.5422433054160256,655.2372108815138,9,0,11,0
10.0.0.1,172.16.0.2,ICMP,BLOCK,-0.7224582672753921,557.9980004082543,9,0,1,0
172.16.0.1,192.168.1.3,UDP,ALLOW,-0.832049853838297,932.9926832499596,2,0,10,0
192.168.1.1,192.168.1.3,UDP,ALLOW,0.2668604966253582,1175.1403430991218,5,1,5,0
192.168.1.2,8.8.4.4,ICMP,BLOCK,-0.1271047445847164,822.7983002765046,5,1,8,0
10.0.0.2,8.8.8.8,ICMP,BLOCK,-0.3171645743660405,1251.7945546165574,1,1,1,0
10.0.0.2,172.16.0.2,UDP,ALLOW,0.6205607969245819,946.4633508541824,6,1,15,0
192.168.1.1,10.0.0.3,UDP,ALLOW,-0.3758034624234652,742.5582285782639,10,1,9,0
10.0.0.2,8.8.8.8,TCP,ALLOW,0.673997942021147,387.2505745649143,3,1,12,0
10.0.0.2,8.8.8.8,ICMP,BLOCK,-0.7572805242662841,949.6438709837646,8,0,0,0
10.0.0.2,172.16.0.2,TCP,BLOCK,-0.8343363063233107,1244.0404493155438,7,1,16,0
192.168.1.2,172.16.0.2,ICMP,ALLOW,-0.1060626395217585,675.507079338833,3,0,1,0
192.168.1.1,8.8.8.8,ICMP,ALLOW,-0.2371347679580464,917.6083586793856,3,0,5,0
192.168.1.2,8.8.4.4,UDP,BLOCK,0.443707587422925,1490.5831326676146,5,1,1,0
192.168.1.1,192.168.1.3,ICMP,ALLOW,-0.5017302572949662,347.60189656480816,1,1,13,0
10.0.0.1,10.0.0.3,UDP,ALLOW,0.1387409604658562,602.9142475626074,7,1,2,0
10.0.0.2,8.8.8.8,ICMP,BLOCK,-0.1029745897866682,767.3403786480691,7,0,7,0
10.0.0.1,172.16.0.2,ICMP,ALLOW,0.7062765519273737,385.9162038988941,4,1,4,0
192.168.1.1,10.0.0.3,UDP,ALLOW,-0.8230162695562451,155.11600575873302,8,0,11,0
192.168.1.2,10.0.0.3,TCP,BLOCK,0.2615659409257522,809.8161388174353,0,1,0,0
172.16.0.1,172.16.0.2,TCP,ALLOW,0.9381034392640988,1148.6056052339156,10,0,0,0
10.0.0.1,8.8.8.8,TCP,BLOCK,0.6957945053271393,767.8207688200054,2,1,2,0
10.0.0.2,192.168.1.3,ICMP,ALLOW,0.2505833311516294,469.3599754032128,4,0,11,0
172.16.0.1,8.8.4.4,ICMP,ALLOW,-0.2550226073425194,388.387914065963,3,0,0,0
172.16.0.1,172.16.0.2,ICMP,BLOCK,0.1284768815035031,211.06443639683317,1,0,8,0
172.16.0.1,192.168.1.3,TCP,ALLOW,0.7901965442900849,884.7956796256904,2,1,16,0
192.168.1.2,10.0.0.3,UDP,BLOCK,0.3879967753250599,321.81680723434,9,0,12,0
172.16.0.1,10.0.0.3,TCP,ALLOW,-0.6852116111550353,222.70666693789948,7,0,0,0
192.168.1.1,172.16.0.2,UDP,BLOCK,0.9304737582547018,291.6855163406219,3,0,16,0
10.0.0.1,8.8.8.8,ICMP,BLOCK,0.4662673858017561,173.2920216869038,10,0,6,0
172.16.0.1,8.8.8.8,ICMP,ALLOW,0.0052157583683367,1498.7523519051922,9,0,4,0
10.0.0.2,8.8.8.8,ICMP,BLOCK,0.1695097741099571,620.2789382080174,6,0,5,0
192.168.1.2,172.16.0.2,ICMP,BLOCK,0.4818780645922651,478.7189921721799,8,1,3,0
192.168.1.2,172.16.0.2,UDP,ALLOW,-0.4505535737661139,613.4810978057687,10,1,15,0
192.168.1.2,10.0.0.3,ICMP,BLOCK,0.73250319781424,606.478315429413,10,1,6,0
10.0.0.2,8.8.4.4,ICMP,BLOCK,-0.9557382889357582,1114.007425164995,3,0,8,0
172.16.0.1,192.168.1.3,ICMP,BLOCK,0.5337920427078706,306.8284727679705,0,0,12,0
172.16.0.1,8.8.8.8,UDP,ALLOW,0.3934842738091133,458.39968547767455,0,1,6,0
10.0.0.1,172.16.0.2,UDP,ALLOW,-0.1065632470792377,547.0471700761746,7,0,8,0
192.168.1.2,172.16.0.2,UDP,BLOCK,0.0800520086291924,273.76984139353897,4,0,3,0
192.168.1.2,8.8.8.8,ICMP,ALLOW,-0.6538589909664658,278.4493845801161,5,0,15,0
172.16.0.1,8.8.8.8,TCP,BLOCK,0.8889433908281368,361.12390576728006,0,1,5,0
192.168.1.2,8.8.4.4,TCP,BLOCK,0.523564510172392,745.5992818516655,3,0,3,0
10.0.0.1,8.8.4.4,ICMP,BLOCK,-0.9322391648252728,314.75449683813093,6,0,5,0
192.168.1.1,172.16.0.2,ICMP,BLOCK,0.1257990071932326,312.42484179104827,6,0,11,0
192.168.1.1,192.168.1.3,ICMP,BLOCK,-0.901527588610978,630.1565712743816,7,0,12,0
192.168.1.2,192.168.1.3,ICMP,ALLOW,-0.0308476926442227,1019.7355113343676,4,1,0,0
10.0.0.1,8.8.4.4,TCP,ALLOW,-0.6790676436582967,159.89760335222877,2,0,12,0
192.168.1.1,192.168.1.3,ICMP,BLOCK,-0.8693918382587389,414.88928244895067,1,0,0,0
172.16.0.1,10.0.0.3,ICMP,BLOCK,0.2571268800224831,940.927465032706,8,0,15,0
192.168.1.1,8.8.4.4,ICMP,ALLOW,0.7786596442613516,670.3218310928403,4,0,8,0
192.168.1.2,10.0.0.3,UDP,BLOCK,0.3425171430168892,1022.4034969417996,2,1,14,0
192.168.1.1,10.0.0.3,TCP,ALLOW,0.0679310705083371,898.6172358610565,6,0,5,0
10.0.0.2,8.8.8.8,UDP,ALLOW,-0.646141311120008,250.9303946413186,10,1,13,0
192.168.1.1,172.16.0.2,TCP,BLOCK,-0.1996045391645815,606.2183482311809,9,1,0,0
10.0.0.1,192.168.1.3,ICMP,ALLOW,0.2553636971419439,378.0164965293721,1,0,2,0
10.0.0.2,10.0.0.3,TCP,BLOCK,0.5558356606477481,836.4409591805793,8,0,5,0
192.168.1.2,192.168.1.3,ICMP,BLOCK,-0.1896412519424306,1098.7919566907235,6,0,4,0
192.168.1.2,172.16.0.2,UDP,BLOCK,0.2846188166911112,828.7355695771089,4,0,8,0
192.168.1.1,172.16.0.2,UDP,ALLOW,-0.9335516915641562,1036.9690754903936,8,0,5,0
192.168.1.1,192.168.1.3,ICMP,BLOCK,-0.1028126100682895,952.64613423085,3,0,13,0
10.0.0.1,172.16.0.2,TCP,ALLOW,0.5356635555435811,1124.8612154063514,7,0,15,0
172.16.0.1,8.8.8.8,ICMP,BLOCK,-0.359079823665215,773.7618142650372,0,1,12,0
192.168.1.1,172.16.0.2,ICMP,BLOCK,-0.210190217145092,667.2669649532559,3,1,13,0
192.168.1.2,8.8.4.4,ICMP,ALLOW,0.4347132669055475,890.027154583874,6,1,0,0
172.16.0.1,10.0.0.3,ICMP,ALLOW,-0.6920112358078001,878.1555057220621,10,1,4,0
10.0.0.2,8.8.8.8,TCP,BLOCK,-0.9806594489504996,1168.8887372835109,6,1,0,0
192.168.1.1,8.8.8.8,ICMP,ALLOW,0.1671699870794174,1416.4404646648663,6,0,15,0
172.16.0.1,172.16.0.2,TCP,ALLOW,0.3794493967761727,775.1114818348973,1,0,2,0
192.168.1.1,10.0.0.3,ICMP,ALLOW,-0.3434044851898874,518.0649264929516,8,0,2,0
10.0.0.1,192.168.1.3,TCP,BLOCK,0.9846787861240044,1211.5873829869083,4,1,11,0
10.0.0.2,8.8.8.8,UDP,ALLOW,0.6867351444422118,401.3271849245161,10,1,15,0
10.0.0.1,172.16.0.2,UDP,BLOCK,-0.7158717649567403,758.6426229777356,5,0,15,0
10.0.0.2,8.8.8.8,ICMP,BLOCK,0.1067607947943691,1089.5613262201994,5,1,10,0
192.168.1.2,8.8.8.8,TCP,BLOCK,-0.348958509065765,518.2622700037687,4,1,12,0
10.0.0.1,8.8.8.8,UDP,ALLOW,0.195003555573664,903.760171695508,2,0,16,0
192.168.1.1,10.0.0.3,ICMP,BLOCK,-0.3512394719875551,1115.5527918516486,8,0,2,0
10.0.0.2,8.8.4.4,ICMP,ALLOW,-0.132215061832158,231.458460996994,4,1,9,0
10.0.0.1,172.16.0.2,UDP,ALLOW,-0.7569772722274011,1484.9831339717434,3,1,2,0
172.16.0.1,172.16.0.2,UDP,BLOCK,-0.2346846514719229,1412.8264126849156,1,0,16,0
10.0.0.2,8.8.8.8,ICMP,ALLOW,0.911883053356192,520.4668003160676,5,1,0,0
10.0.0.1,8.8.4.4,UDP,BLOCK,-0.54931840988603,489.9920046831327,9,0,11,0
10.0.0.1,172.16.0.2,ICMP,BLOCK,-0.1040516179108677,244.59097183046163,2,1,11,0
192.168.1.2,172.16.0.2,TCP,BLOCK,0.1342437893582226,1041.930677750414,3,1,9,0
192.168.1.1,192.168.1.3,UDP,BLOCK,0.4680825357696414,362.2196711203899,5,0,9,0
10.0.0.1,10.0.0.3,ICMP,BLOCK,0.3585952698113475,118.18790653197745,5,0,5,0
192.168.1.2,172.16.0.2,TCP,BLOCK,0.3553652224184338,404.1504628698664,3,1,5,0
192.168.1.2,192.168.1.3,ICMP,ALLOW,-0.9974529340995943,765.2828518172244,10,0,8,0
10.0.0.2,192.168.1.3,ICMP,BLOCK,0.7228839959730851,1033.1940169555646,6,0,5,0
10.0.0.2,10.0.0.3,UDP,ALLOW,-0.0585066925518416,257.9794743382804,3,0,0,0
10.0.0.1,172.16.0.2,UDP,BLOCK,-0.4140626969368348,1031.9784417713531,7,0,16,0
192.168.1.2,172.16.0.2,ICMP,BLOCK,0.2472910608373311,561.4726102964593,0,0,3,0
192.168.1.2,8.8.4.4,TCP,BLOCK,0.6741113573170963,1193.3261028825325,3,1,3,0
192.168.1.1,172.16.0.2,ICMP,BLOCK,-0.8315793991649654,1360.2888476617193,5,0,10,0
10.0.0.1,8.8.4.4,TCP,BLOCK,-0.5312470039422381,602.9318741979321,6,1,7,0
10.0.0.2,10.0.0.3,UDP,BLOCK,0.1676654405157396,211.5648167002797,2,1,15,0
192.168.1.1,8.8.4.4,ICMP,BLOCK,0.6472161103170169,415.88021274094064,0,1,14,0
172.16.0.1,10.0.0.3,UDP,BLOCK,0.7005634755331622,663.7705374473275,1,1,16,0
10.0.0.2,192.168.1.3,ICMP,BLOCK,-0.7587444753206107,804.1461317520216,2,1,14,0
172.16.0.1,10.0.0.3,TCP,BLOCK,0.6546906410243021,1077.6554544277817,9,0,3,0
10.0.0.2,8.8.8.8,ICMP,BLOCK,0.9365864443530478,125.36104488839416,7,1,0,0
172.16.0.1,192.168.1.3,TCP,BLOCK,-0.5592371129802491,1430.017876803321,2,1,12,0
172.16.0.1,8.8.4.4,ICMP,BLOCK,0.864633660843461,1397.573714367093,7,1,3,0
192.168.1.1,172.16.0.2,ICMP,ALLOW,-0.5159851764124539,1279.0118235704997,3,1,9,0
192.168.1.1,10.0.0.3,UDP,ALLOW,0.4185596460899059,1022.4112147815412,9,0,10,0
172.16.0.1,192.168.1.3,ICMP,BLOCK,-0.04345333490901,1130.2651464894377,2,0,4,0
10.0.0.1,8.8.8.8,UDP,ALLOW,-0.4694493813341738,598.2542434596313,8,0,12,0
192.168.1.1,8.8.8.8,UDP,BLOCK,-0.0432861266530433,1237.7405322729296,7,1,13,0
192.168.1.2,8.8.8.8,TCP,ALLOW,0.8316613358455172,1314.3636642624165,4,0,3,0
10.0.0.1,8.8.8.8,ICMP,BLOCK,0.8153899330465795,448.8876346160175,10,1,11,0
192.168.1.2,8.8.4.4,UDP,ALLOW,0.7331642744140077,446.0253840246783,0,1,15,0
192.168.1.2,10.0.0.3,UDP,ALLOW,0.6588195963545798,1230.3653835402515,7,0,12,0
192.168.1.1,172.16.0.2,UDP,BLOCK,0.7940531075377162,876.6022711387524,7,1,14,0
172.16.0.1,8.8.8.8,TCP,ALLOW,0.485112979541429,378.3236156944057,5,1,11,0
10.0.0.2,8.8.8.8,UDP,BLOCK,-0.1754559359767686,442.1056678137173,3,1,16,0
192.168.1.1,8.8.8.8,TCP,BLOCK,-0.7673349755589873,318.1026191868133,2,1,8,0
10.0.0.2,8.8.4.4,ICMP,ALLOW,-0.2094000400818312,279.4024954661025,8,1,12,0
192.168.1.1,8.8.8.8,UDP,BLOCK,0.9912770652195736,1190.902135589467,0,1,0,0
10.0.0.1,8.8.8.8,ICMP,BLOCK,0.1495812470106374,277.22876974700773,7,0,3,0
10.0.0.2,10.0.0.3,TCP,ALLOW,-0.0884465117408852,400.42043088485934,10,1,10,0
172.16.0.1,8.8.8.8,UDP,ALLOW,-0.8349833877845709,1364.141340034257,9,1,16,0
192.168.1.2,192.168.1.3,UDP,ALLOW,0.3156205988250871,268.6260801149283,3,0,2,0
192.168.1.2,10.0.0.3,TCP,BLOCK,0.3232487059906983,1165.9465111944612,1,0,0,0
172.16.0.1,8.8.8.8,UDP,ALLOW,-0.9565505365185,213.35615436049235,6,1,12,0
10.0.0.1,10.0.0.3,TCP,ALLOW,-0.9111692739248212,1084.0845430443142,5,1,1,0
172.16.0.1,8.8.8.8,TCP,ALLOW,-0.4627957397046833,699.9968205082301,9,1,8,0
172.16.0.1,8.8.8.8,UDP,ALLOW,-0.8023970848507305,309.92580885299714,3,1,13,0
10.0.0.1,10.0.0.3,UDP,ALLOW,0.930304203784042,1388.270192931019,8,0,15,0
192.168.1.2,8.8.8.8,ICMP,BLOCK,0.2245704567000643,313.5081006260276,2,1,3,0
192.168.1.2,172.16.0.2,UDP,BLOCK,-0.2286303665788696,341.76815926798184,3,1,7,0
192.168.1.2,8.8.4.4,UDP,ALLOW,0.9707931001446712,1146.5021547247104,1,1,10,0
192.168.1.2,8.8.4.4,UDP,ALLOW,-0.9887835748651648,249.57135368277835,8,1,5,0
10.0.0.2,10.0.0.3,ICMP,BLOCK,-0.956418295660838,1420.1031610150735,0,1,7,0
10.0.0.1,8.8.8.8,ICMP,ALLOW,0.1491404189965577,225.6931451939113,2,0,5,0
192.168.1.1,8.8.4.4,TCP,ALLOW,-0.802446341986758,1289.4976645727086,3,0,15,0
172.16.0.1,8.8.8.8,ICMP,ALLOW,-0.9004200542370597,313.4377385363531,7,1,10,0
192.168.1.2,8.8.4.4,ICMP,ALLOW,0.0823631819926518,1434.0961353753491,8,0,1,0
10.0.0.1,8.8.8.8,TCP,ALLOW,0.7422887160539888,1306.0054899756567,2,0,1,0
10.0.0.2,10.0.0.3,TCP,ALLOW,-0.3189801247499793,133.3523113651962,7,0,7,0
172.16.0.1,172.16.0.2,UDP,BLOCK,0.6494328248276013,1031.8231402268643,4,1,9,0
10.0.0.1,192.168.1.3,ICMP,ALLOW,-0.6827954891931132,692.3566350395741,9,1,12,0
172.16.0.1,192.168.1.3,TCP,BLOCK,0.671958640440931,185.5784551010421,10,1,1,0
192.168.1.2,8.8.8.8,UDP,ALLOW,-0.5865149069771101,1300.3318198343093,1,1,4,0
172.16.0.1,8.8.8.8,TCP,BLOCK,-0.4197006211657932,771.525940238663,0,1,12,0
192.168.1.1,8.8.4.4,ICMP,BLOCK,-0.1370462121559892,699.1745222869921,9,0,10,0
192.168.1.1,8.8.8.8,UDP,ALLOW,-0.1514516527967695,1417.032713654013,8,1,0,0
172.16.0.1,10.0.0.3,TCP,BLOCK,0.7170403568932893,451.2648862969097,3,0,12,0
10.0.0.2,192.168.1.3,TCP,BLOCK,-0.2980447931419998,1364.4502902760455,3,0,11,0
10.0.0.2,8.8.4.4,TCP,ALLOW,-0.0144970321708981,916.7420504734984,0,1,9,0
10.0.0.1,192.168.1.3,ICMP,BLOCK,0.8670135375023138,1347.9562309392595,1,1,5,0
192.168.1.1,10.0.0.3,ICMP,ALLOW,-0.7840537313503562,445.4856118228415,10,0,10,0
192.168.1.1,8.8.8.8,UDP,BLOCK,-0.4532540169324388,1043.1051874100845,7,0,6,0
10.0.0.2,192.168.1.3,ICMP,BLOCK,0.883361602068198,524.9239140082914,4,0,5,0
10.0.0.2,8.8.4.4,UDP,BLOCK,0.620531040937568,1184.5951102415256,2,0,12,0
192.168.1.1,192.168.1.3,UDP,BLOCK,0.3413226960047086,997.4197496280096,5,1,14,0
10.0.0.1,10.0.0.3,TCP,BLOCK,-0.4894035139665154,1370.0396956827028,9,1,5,0
172.16.0.1,8.8.8.8,ICMP,BLOCK,0.9926565336273288,1387.795857628176,3,0,16,0
172.16.0.1,192.168.1.3,UDP,ALLOW,-0.3550841115527492,776.2778664525529,0,0,2,0
192.168.1.2,8.8.8.8,ICMP,ALLOW,-0.911169051062211,866.8570417265248,6,1,3,0
10.0.0.2,8.8.8.8,TCP,ALLOW,-0.3533109446631761,612.3617639487385,3,1,7,0
172.16.0.1,192.168.1.3,TCP,ALLOW,-0.9450597286080822,419.1531188300783,6,0,5,0
10.0.0.1,172.16.0.2,ICMP,BLOCK,-0.7024862688511151,1158.5050247307647,4,0,2,0
10.0.0.1,8.8.8.8,TCP,BLOCK,-0.2828502167169224,693.7570088668989,1,0,5,0
192.168.1.1,8.8.4.4,TCP,ALLOW,-0.1296214800899393,1481.328037897757,4,0,3,0
10.0.0.1,192.168.1.3,ICMP,BLOCK,0.9492485692803876,582.9390987865861,2,0,5,0
10.0.0.2,172.16.0.2,TCP,ALLOW,0.1715294066794126,1429.803185146681,5,0,8,0
10.0.0.1,8.8.8.8,TCP,BLOCK,0.8810062882754925,124.08027453937828,9,1,12,0
192.168.1.1,8.8.8.8,UDP,BLOCK,-0.7532808475307593,496.5328396896856,8,0,16,0
192.168.1.2,192.168.1.3,UDP,ALLOW,0.9990902811390908,401.9098014502328,5,0,0,0
10.0.0.2,192.168.1.3,UDP,ALLOW,0.9058141698843308,1110.929782751202,5,1,11,0
10.0.0.2,192.168.1.3,ICMP,ALLOW,-0.5537397631826524,558.6458674970154,0,0,4,0
172.16.0.1,192.168.1.3,TCP,BLOCK,-0.2581874391148124,1323.3755730646203,8,0,2,0
10.0.0.2,8.8.8.8,UDP,ALLOW,-0.7632828208150497,1144.211062783285,8,1,12,0
172.16.0.1,8.8.8.8,UDP,BLOCK,-0.0661019203504416,697.977760107121,10,0,15,0
10.0.0.1,192.168.1.3,TCP,BLOCK,-0.5747882993515596,1276.1321921786136,3,1,9,0
10.0.0.2,172.16.0.2,TCP,BLOCK,-0.8418528793787838,1088.8792207870804,9,0,6,0
10.0.0.2,8.8.4.4,UDP,BLOCK,-0.9759882351307164,574.2926876737292,9,0,1,0
10.0.0.2,192.168.1.3,ICMP,ALLOW,-0.9348453468594689,1341.4987382869722,3,1,15,0
192.168.1.1,10.0.0.3,TCP,ALLOW,0.6183492506651262,1199.439219688592,2,0,0,0
10.0.0.2,8.8.8.8,UDP,ALLOW,0.8356466493909251,1137.3046711954005,2,0,12,0
10.0.0.1,192.168.1.3,UDP,BLOCK,-0.3622587548007265,593.9292822832513,6,1,7,0
172.16.0.1,192.168.1.3,UDP,ALLOW,0.7593805422615829,631.497882638724,5,1,4,0
192.168.1.2,10.0.0.3,UDP,ALLOW,-0.972129865436532,1394.7554307694886,10,0,3,0
10.0.0.2,172.16.0.2,TCP,ALLOW,-0.6123583747793155,918.7274973580307,8,0,4,0
192.168.1.1,8.8.8.8,ICMP,BLOCK,-0.1346185984293177,1474.7475239404007,9,0,8,0
10.0.0.1,172.16.0.2,TCP,BLOCK,0.9918187667325498,996.6773721517304,3,0,3,0
10.0.0.1,10.0.0.3,ICMP,BLOCK,0.5038989393513871,1472.3187193793826,0,1,10,0
192.168.1.1,192.168.1.3,UDP,BLOCK,-0.0751624306039868,898.4417517674711,7,1,10,0
172.16.0.1,8.8.8.8,ICMP,ALLOW,0.3227855028441064,1465.0384770731564,3,1,9,0
10.0.0.2,8.8.8.8,ICMP,BLOCK,0.7971261198678941,463.3835815234067,0,0,0,0
172.16.0.1,8.8.8.8,UDP,BLOCK,-0.1152348011568871,1139.0414931241562,9,1,15,0
10.0.0.1,172.16.0.2,TCP,ALLOW,-0.5894039948500025,1367.4332031802792,0,0,11,0
192.168.1.2,192.168.1.3,ICMP,ALLOW,0.4953483491750434,149.10877977367502,10,0,6,0
172.16.0.1,8.8.8.8,TCP,BLOCK,0.9878601323388868,623.4691901724283,6,0,10,0
10.0.0.2,10.0.0.3,UDP,ALLOW,-0.0100853505884346,754.1854508846263,8,1,5,0
10.0.0.1,8.8.8.8,UDP,ALLOW,0.3778260489187894,616.9591590653729,7,0,2,0
10.0.0.1,8.8.4.4,TCP,BLOCK,0.3678848806544428,1320.7267322603295,4,1,8,0
192.168.1.2,8.8.8.8,ICMP,BLOCK,0.2475840297567755,298.907917140943,10,0,2,0
192.168.1.2,10.0.0.3,ICMP,ALLOW,-0.8167336609634883,962.0468898370034,9,0,15,0
10.0.0.2,8.8.8.8,TCP,ALLOW,0.1796611738556364,908.2455058735744,9,1,0,0
172.16.0.1,10.0.0.3,ICMP,BLOCK,0.0384338598606299,247.498881320536,7,0,10,0
172.16.0.1,10.0.0.3,ICMP,ALLOW,0.5282965473496999,394.23387298891527,0,0,9,0
10.0.0.2,10.0.0.3,ICMP,ALLOW,0.3425196548619527,1266.919114696356,6,0,7,0
192.168.1.1,192.168.1.3,ICMP,BLOCK,0.6494199665136964,1331.5188585564576,1,1,2,0
192.168.1.2,192.168.1.3,TCP,BLOCK,-0.2015576481187899,1280.579077186536,2,1,7,0
172.16.0.1,192.168.1.3,TCP,ALLOW,-0.5639366177877734,138.95173742341302,3,1,11,0
172.16.0.1,10.0.0.3,UDP,BLOCK,0.4567352487926408,450.3769250652032,4,0,5,0
10.0.0.2,172.16.0.2,UDP,BLOCK,0.3510646430382484,105.71570710444152,0,0,14,0
10.0.0.2,10.0.0.3,ICMP,ALLOW,-0.4251778582385108,1394.4476973041274,6,0,4,0
10.0.0.2,8.8.8.8,ICMP,ALLOW,0.3310206859657643,1478.2494472834746,8,0,3,0
10.0.0.1,172.16.0.2,TCP,BLOCK,-0.5241144546665863,1237.9662539427825,5,1,5,0
10.0.0.2,172.16.0.2,TCP,ALLOW,0.5639754291151791,802.5995994906996,8,1,14,0
10.0.0.2,8.8.4.4,TCP,ALLOW,-0.6934780281521209,1305.3870662877002,6,0,5,0
172.16.0.1,192.168.1.3,UDP,ALLOW,0.6510841722120537,779.5453157057092,6,1,9,0
10.0.0.2,192.168.1.3,ICMP,ALLOW,-0.6844818118715028,1369.4821890221897,7,1,12,0
192.168.1.1,192.168.1.3,ICMP,BLOCK,-0.8545926398022594,345.8894040691514,7,0,4,0
192.168.1.2,8.8.8.8,UDP,ALLOW,-0.1867680924200045,405.8633842265922,7,0,7,0
10.0.0.1,10.0.0.3,ICMP,BLOCK,0.3399483830186589,1082.2896259253882,0,0,11,0
10.0.0.2,8.8.8.8,ICMP,ALLOW,0.3799069117926896,893.7392530505177,2,1,10,0
192.168.1.1,10.0.0.3,UDP,BLOCK,-0.3596091958679608,340.87843362105593,8,1,12,0
172.16.0.1,10.0.0.3,TCP,BLOCK,-0.378007962100461,209.30382804067776,10,0,2,0
172.16.0.1,8.8.4.4,TCP,ALLOW,0.283338229818443,386.88543770610335,2,0,8,0
10.0.0.2,8.8.4.4,ICMP,BLOCK,0.5715690297013989,745.7888364185198,4,0,8,0
172.16.0.1,172.16.0.2,TCP,BLOCK,-0.7652316363281702,1119.3374164028128,0,0,15,0
192.168.1.1,8.8.4.4,UDP,BLOCK,-0.570829689645016,622.6912450900653,9,0,7,0
10.0.0.2,8.8.4.4,ICMP,BLOCK,0.9817778597267796,1054.0047959618971,6,1,8,0
10.0.0.2,8.8.4.4,UDP,BLOCK,-0.7717975593310711,1230.1174014781284,9,0,13,0
172.16.0.1,8.8.8.8,TCP,BLOCK,-0.641707474161088,255.4644934592826,4,1,1,0
10.0.0.2,8.8.8.8,UDP,BLOCK,-0.5317355509272186,377.4384941655217,1,1,7,0
10.0.0.1,172.16.0.2,ICMP,ALLOW,0.52893502349905,1344.2808763779635,8,0,3,0
192.168.1.1,192.168.1.3,TCP,ALLOW,0.7547227456577905,169.79463271928657,4,1,13,0
10.0.0.1,172.16.0.2,UDP,ALLOW,-0.507414173297269,1036.0727686440546,0,1,13,0
172.16.0.1,8.8.4.4,UDP,BLOCK,0.0765195653504748,379.7233442455567,1,0,6,0
192.168.1.2,192.168.1.3,TCP,BLOCK,-0.6070680963188371,159.24457404513137,7,0,4,0
192.168.1.2,172.16.0.2,TCP,BLOCK,-0.7522324093589936,1214.6000395592323,4,1,4,0
172.16.0.1,192.168.1.3,TCP,BLOCK,0.9515838412280928,131.9084421762974,8,1,4,0
192.168.1.1,172.16.0.2,TCP,BLOCK,-0.3558370791043275,323.6606190089114,10,1,14,0
172.16.0.1,192.168.1.3,UDP,BLOCK,-0.7259988582989303,1006.97669337513,4,0,15,0
172.16.0.1,10.0.0.3,TCP,BLOCK,0.0843982385502937,140.06317891912755,3,1,10,0
192.168.1.1,8.8.4.4,UDP,BLOCK,-0.432014146288358,1358.6577074692898,8,1,7,0
172.16.0.1,8.8.8.8,ICMP,BLOCK,-0.977031058992306,1350.2103539678744,1,0,10,0
192.168.1.2,10.0.0.3,UDP,BLOCK,-0.5047397994133291,1422.7970077014745,2,0,5,0
192.168.1.2,8.8.4.4,UDP,BLOCK,0.4616510900775066,737.6197801007285,9,1,12,0
172.16.0.1,172.16.0.2,UDP,ALLOW,0.0939016383992192,728.6137481734011,9,0,10,0
192.168.1.2,8.8.8.8,UDP,ALLOW,0.8525494086044645,1433.4152934124534,8,0,14,0
192.168.1.2,10.0.0.3,ICMP,BLOCK,-0.0732613795699721,434.7213800742291,5,0,14,0
10.0.0.1,8.8.4.4,ICMP,BLOCK,0.1823560607169763,1115.8585015005044,9,1,3,0
10.0.0.2,8.8.8.8,ICMP,BLOCK,0.5632201327410498,839.4265166658748,0,0,9,0
192.168.1.2,8.8.8.8,UDP,ALLOW,0.5268042507029032,1411.4697595205894,8,0,6,0
172.16.0.1,192.168.1.3,ICMP,BLOCK,-0.4438911595469794,316.380029291936,0,1,5,0
192.168.1.1,10.0.0.3,UDP,ALLOW,-0.9692594970278856,253.10353391799748,8,0,4,0
10.0.0.2,8.8.8.8,UDP,BLOCK,0.0457276117954581,866.9113614937347,2,1,14,0
10.0.0.1,192.168.1.3,TCP,ALLOW,-0.9343585465278356,279.82211701292374,9,0,1,0
192.168.1.1,192.168.1.3,TCP,BLOCK,-0.5393039159839066,1030.3197277351824,3,0,12,0
10.0.0.1,8.8.4.4,UDP,BLOCK,-0.3757246421633451,202.04750915454517,9,0,5,0
10.0.0.2,10.0.0.3,ICMP,BLOCK,-0.4488762001413031,476.5469602954542,7,0,8,0
10.0.0.1,8.8.8.8,ICMP,BLOCK,0.4243978791033402,138.44822902748464,10,0,13,0
192.168.1.1,10.0.0.3,ICMP,ALLOW,-0.7243205301216109,1416.8404726385718,3,0,11,0
172.16.0.1,8.8.8.8,TCP,ALLOW,0.1060502750927008,202.876107457158,2,1,10,0
192.168.1.1,8.8.4.4,ICMP,BLOCK,0.3999710038829942,587.3250101752582,7,0,9,0
192.168.1.2,192.168.1.3,UDP,BLOCK,0.6916101278209861,387.0023156513971,2,1,2,0
172.16.0.1,8.8.8.8,ICMP,BLOCK,-0.6358781919868195,483.1166094394077,3,0,16,0
192.168.1.1,192.168.1.3,TCP,BLOCK,-0.1785609718227594,1254.8738409469595,7,1,11,0
192.168.1.1,172.16.0.2,ICMP,BLOCK,-0.1544387014179336,182.27484181000324,6,1,15,0
172.16.0.1,10.0.0.3,UDP,ALLOW,-0.0963658870724732,903.0924900548888,10,1,5,0
10.0.0.1,192.168.1.3,UDP,ALLOW,0.9965700106279824,350.3176722448966,1,0,15,0
10.0.0.2,8.8.4.4,ICMP,BLOCK,0.1916733401334713,676.0656398845388,5,0,4,0
172.16.0.1,8.8.8.8,UDP,BLOCK,-0.9815688048148496,1451.4508388808365,1,1,14,0
192.168.1.1,8.8.4.4,UDP,BLOCK,0.822037558747766,1232.0610858130317,2,0,9,0
172.16.0.1,192.168.1.3,UDP,BLOCK,0.4659925261535338,792.3480912728832,5,1,1,0
172.16.0.1,192.168.1.3,ICMP,BLOCK,-0.5622646964291205,336.41192999978,10,0,0,0
10.0.0.2,8.8.8.8,ICMP,BLOCK,0.1873759389266418,1210.6131191349932,10,0,2,0
192.168.1.1,10.0.0.3,TCP,BLOCK,0.8751944417613895,1009.3253274863272,5,1,10,0
192.168.1.1,8.8.8.8,UDP,ALLOW,0.4771610199494025,382.4387576368482,9,1,9,0
10.0.0.2,8.8.8.8,ICMP,BLOCK,-0.1785695357636669,856.6765300079617,10,0,6,0
192.168.1.2,172.16.0.2,ICMP,ALLOW,-0.7775013498840209,1213.905609129219,2,0,10,0
172.16.0.1,172.16.0.2,ICMP,BLOCK,-0.0644439484179753,1108.2150886605928,2,0,10,0
10.0.0.1,8.8.8.8,UDP,BLOCK,0.4239668326380712,573.0755022188664,0,0,14,0
10.0.0.1,8.8.8.8,ICMP,ALLOW,-0.6058154028351759,1245.4387476251286,9,0,0,0
192.168.1.1,192.168.1.3,ICMP,ALLOW,-0.7208163503443574,583.4871347295386,6,1,9,0
10.0.0.2,172.16.0.2,ICMP,BLOCK,0.5295712985973011,1265.3797433792176,7,0,13,0
192.168.1.2,8.8.4.4,TCP,ALLOW,-0.47345662285378,1035.5874209496897,9,1,14,0
192.168.1.1,172.16.0.2,ICMP,BLOCK,-0.6010968260148519,927.274308749146,6,1,10,0
10.0.0.2,8.8.8.8,TCP,BLOCK,-0.8600965787324586,978.1310912909896,4,0,6,0
192.168.1.2,8.8.8.8,ICMP,BLOCK,-0.2154576546780828,1234.1992665692965,1,0,12,0
10.0.0.1,8.8.8.8,UDP,ALLOW,0.1377183125642254,1202.2789784632748,1,1,2,0
192.168.1.1,10.0.0.3,UDP,ALLOW,-0.977773885864682,628.2922419988619,1,1,10,0
172.16.0.1,8.8.8.8,TCP,ALLOW,-0.1648690208782661,749.5890609481963,5,0,8,0
10.0.0.1,8.8.8.8,ICMP,ALLOW,0.735513333549515,1241.2232985789308,8,1,1,0
10.0.0.2,8.8.8.8,ICMP,BLOCK,0.9781148108569904,1274.260970595317,8,1,7,0
192.168.1.2,8.8.4.4,UDP,ALLOW,-0.7990232477107668,747.3692843488349,4,0,7,0
10.0.0.1,172.16.0.2,UDP,ALLOW,-0.4437946047774148,1165.8212497896084,3,0,6,0
192.168.1.1,8.8.4.4,UDP,BLOCK,0.1461216920934132,1067.816479445086,1,0,12,0
10.0.0.1,8.8.4.4,TCP,ALLOW,-0.1243102119161176,801.8424847524074,10,0,16,0
192.168.1.2,8.8.8.8,TCP,BLOCK,-0.7684985108313385,1073.8807247046896,7,0,12,0
192.168.1.2,192.168.1.3,ICMP,ALLOW,-0.6644566845038018,838.6652997958059,1,1,11,0
192.168.1.1,192.168.1.3,UDP,BLOCK,0.5689924522239698,1112.6452124579305,5,1,1,0
172.16.0.1,192.168.1.3,ICMP,BLOCK,-0.6792300887478475,306.04374187454493,2,0,14,0
10.0.0.1,172.16.0.2,TCP,ALLOW,0.716839746107854,486.00773852890046,5,1,13,0
10.0.0.1,8.8.4.4,TCP,BLOCK,-0.585981839773202,682.1064773331565,8,0,6,0
192.168.1.2,8.8.8.8,ICMP,BLOCK,0.1414804112534688,1115.7489420327774,10,1,5,0
172.16.0.1,192.168.1.3,ICMP,ALLOW,0.6162652523454051,633.9962470724284,9,0,3,0
192.168.1.2,172.16.0.2,ICMP,BLOCK,0.6313082388772442,1069.508247948885,3,1,0,0
10.0.0.1,8.8.8.8,TCP,ALLOW,-0.1999399322804071,825.2084386956013,10,1,13,0
192.168.1.2,172.16.0.2,UDP,BLOCK,0.5083277012338518,412.9952443401303,2,1,12,0
10.0.0.1,10.0.0.3,ICMP,BLOCK,0.8830378706061925,757.4676123570141,6,1,12,0
192.168.1.2,10.0.0.3,ICMP,ALLOW,0.8938681803065536,1190.8889191264857,7,0,0,0
10.0.0.2,8.8.4.4,ICMP,ALLOW,-0.0535130165785266,213.8131422153145,4,1,2,0
10.0.0.1,172.16.0.2,UDP,BLOCK,0.048948479520797,747.6803683546331,3,0,13,0
10.0.0.2,172.16.0.2,UDP,ALLOW,-0.535897600129523,218.747608069404,6,1,14,0
10.0.0.1,192.168.1.3,ICMP,BLOCK,-0.9668510079031084,1386.549126594433,5,1,15,0
10.0.0.2,192.168.1.3,UDP,ALLOW,-0.7749203048465481,536.2220696537042,5,0,15,0
192.168.1.2,172.16.0.2,UDP,ALLOW,-0.3639680240493959,635.2198306095543,4,0,3,0
192.168.1.1,192.168.1.3,TCP,BLOCK,-0.219947985100364,781.6896907962288,9,0,13,0
192.168.1.2,172.16.0.2,UDP,BLOCK,0.7174936992064735,466.8108069182861,7,1,2,0
10.0.0.2,192.168.1.3,ICMP,ALLOW,-0.9180653595452728,1113.906270050671,2,0,2,0
10.0.0.1,8.8.4.4,TCP,ALLOW,-0.4903560682844359,149.22834231826772,8,1,13,0
10.0.0.1,172.16.0.2,ICMP,BLOCK,0.1061511405743995,1194.9111079275394,8,1,8,0
192.168.1.1,192.168.1.3,TCP,BLOCK,-0.9472032480447148,1227.4444219681532,5,0,15,0
192.168.1.1,172.16.0.2,ICMP,BLOCK,-0.9355567293748666,109.63756511286316,2,1,13,0
172.16.0.1,8.8.8.8,TCP,ALLOW,-0.2586893874465079,984.0569982047056,9,1,8,0
192.168.1.2,8.8.8.8,UDP,ALLOW,0.3201241911439971,1264.2283327189589,0,1,9,0
192.168.1.2,10.0.0.3,UDP,BLOCK,-0.0741064521145404,576.6884798538762,5,1,1,0
192.168.1.1,172.16.0.2,TCP,BLOCK,0.2349651057046693,1203.633787846556,8,0,8,0
172.16.0.1,192.168.1.3,ICMP,ALLOW,-0.976924966201687,532.5521935086819,0,0,7,0
192.168.1.1,172.16.0.2,UDP,ALLOW,-0.887433708626598,1415.8947697961146,7,0,10,0
192.168.1.2,8.8.8.8,UDP,BLOCK,-0.66808920107271,1327.9438818909243,4,0,11,0
10.0.0.2,192.168.1.3,UDP,ALLOW,0.2637147500768151,680.7302139954504,4,1,14,0
10.0.0.1,8.8.8.8,UDP,ALLOW,0.7711948458635061,1242.4545308054244,3,1,2,0
172.16.0.1,172.16.0.2,TCP,BLOCK,-0.8090416094215704,1196.6029524533003,7,1,1,0
10.0.0.1,10.0.0.3,ICMP,BLOCK,-0.7220093934845808,578.4473541655944,4,0,6,0
192.168.1.2,192.168.1.3,ICMP,BLOCK,0.6359314458543301,229.26498303259189,3,1,4,0
192.168.1.1,8.8.4.4,UDP,ALLOW,0.4520672783758008,172.59644253920587,2,1,9,0
192.168.1.1,172.16.0.2,TCP,ALLOW,0.3021979221299122,887.2153258178765,9,0,12,0
192.168.1.2,172.16.0.2,ICMP,BLOCK,-0.7989909301905025,216.3109386580368,3,1,15,0
10.0.0.2,8.8.4.4,TCP,ALLOW,-0.7344175203370866,1228.5340329255291,1,1,7,0
192.168.1.2,10.0.0.3,TCP,BLOCK,0.5394875832784538,381.0647613595505,3,1,11,0
172.16.0.1,10.0.0.3,UDP,ALLOW,-0.5282998183551708,849.6854317414767,3,0,5,0
10.0.0.2,8.8.4.4,TCP,ALLOW,0.0373684712785045,355.89445930198485,2,0,15,0
172.16.0.1,172.16.0.2,ICMP,ALLOW,0.0108424020194368,1444.3910177380626,6,1,3,0
192.168.1.1,8.8.4.4,TCP,ALLOW,-0.5784125268332927,640.9607220017172,8,1,4,0
192.168.1.2,10.0.0.3,ICMP,BLOCK,-0.6479477019362225,207.47483171874825,2,0,3,0
10.0.0.2,10.0.0.3,ICMP,ALLOW,-0.3325003411368497,1430.528971979005,8,1,3,0
192.168.1.2,10.0.0.3,TCP,ALLOW,0.396790300714593,1225.031761238194,9,0,10,0
192.168.1.2,172.16.0.2,ICMP,BLOCK,0.3190833108768838,1226.6658017289055,9,1,10,0
10.0.0.1,172.16.0.2,UDP,ALLOW,-0.0409091880554941,886.6048328601157,1,0,0,0
192.168.1.1,8.8.8.8,TCP,ALLOW,-0.1391956352115857,526.0977933948027,5,0,3,0
10.0.0.1,10.0.0.3,TCP,BLOCK,-0.2643286893283179,548.055445065138,8,0,13,0
192.168.1.2,172.16.0.2,TCP,BLOCK,-0.8610590128269202,215.2041911265023,5,0,10,0
172.16.0.1,8.8.4.4,TCP,ALLOW,-0.573593500502243,447.12263674743485,4,0,12,0
192.168.1.2,8.8.8.8,ICMP,ALLOW,-0.4294308786031144,764.826964038735,0,1,7,0
192.168.1.2,192.168.1.3,UDP,ALLOW,0.134874893639193,1497.2741834951237,4,0,14,0
192.168.1.1,8.8.8.8,TCP,BLOCK,0.3731020511497382,962.8215028714948,10,0,9,0
10.0.0.2,8.8.4.4,ICMP,ALLOW,0.4953816434721905,573.49340363309,7,1,4,0
192.168.1.2,8.8.4.4,TCP,ALLOW,0.2311210815051101,666.7779719266323,9,0,9,0
192.168.1.1,192.168.1.3,TCP,ALLOW,-0.9491279778195052,656.1329489735539,5,1,1,0
172.16.0.1,10.0.0.3,TCP,ALLOW,-0.3426235193362144,1081.1449980722166,4,0,7,0
192.168.1.2,10.0.0.3,TCP,ALLOW,0.1752344869758548,1284.249389219999,3,0,10,0
10.0.0.1,8.8.8.8,ICMP,ALLOW,-0.7821983292297146,1139.9863119369957,5,1,9,0
192.168.1.2,172.16.0.2,ICMP,BLOCK,-0.284744704164805,886.2751808295951,5,1,1,0
10.0.0.1,8.8.8.8,UDP,BLOCK,-0.4130734601353063,761.8255656796186,6,0,5,0
192.168.1.1,8.8.8.8,ICMP,ALLOW,0.0232652694676709,943.9611500476196,1,0,14,0
172.16.0.1,172.16.0.2,ICMP,ALLOW,-0.7276665633507351,277.3857545394642,9,1,10,0
192.168.1.1,8.8.4.4,ICMP,ALLOW,0.2453540740977808,634.1569689467134,0,0,0,0
192.168.1.1,192.168.1.3,UDP,BLOCK,0.699656019106702,151.0333512874379,6,0,10,0
192.168.1.2,172.16.0.2,ICMP,BLOCK,-0.6628429321943641,956.152577005646,8,1,12,0
172.16.0.1,172.16.0.2,UDP,ALLOW,-0.7545321094138304,460.3243253134805,7,1,0,0
10.0.0.2,8.8.4.4,TCP,ALLOW,-0.4252856628349237,1100.6199996566463,5,1,3,0
192.168.1.2,10.0.0.3,UDP,BLOCK,0.392490102280322,908.8640480664444,4,1,0,0
192.168.1.1,10.0.0.3,UDP,BLOCK,0.3150730139517157,533.4946447573527,6,0,15,0
10.0.0.2,10.0.0.3,UDP,BLOCK,-0.8087669852425718,1416.28239020681,10,1,2,0
192.168.1.2,8.8.8.8,ICMP,ALLOW,0.4985264520087016,1220.8466695171571,0,1,15,0
192.168.1.1,192.168.1.3,UDP,BLOCK,0.5612957397057747,120.26116036170431,6,1,12,0
192.168.1.1,192.168.1.3,TCP,BLOCK,0.9406826545224488,1495.528012109841,5,0,4,0
10.0.0.2,192.168.1.3,UDP,BLOCK,-0.0925656255185187,874.8584886733213,0,0,4,0
192.168.1.2,8.8.8.8,TCP,ALLOW,0.4947541495199867,690.1188423473794,10,1,6,0
192.168.1.2,192.168.1.3,ICMP,BLOCK,0.6021992898862223,1008.6405406725258,2,0,2,0
10.0.0.1,8.8.4.4,ICMP,BLOCK,-0.4345552389649327,232.8407997438809,5,1,6,0
192.168.1.2,192.168.1.3,UDP,ALLOW,0.7154613022615852,1261.956572314032,10,1,10,0
192.168.1.1,172.16.0.2,TCP,BLOCK,-0.2123376635754099,938.417763548533,8,0,7,0
172.16.0.1,10.0.0.3,TCP,BLOCK,0.2944312643534961,1075.1983149796529,3,1,14,0
172.16.0.1,10.0.0.3,ICMP,BLOCK,0.2165542021825717,1326.6103196399235,1,0,3,0
192.168.1.1,10.0.0.3,TCP,ALLOW,0.2907691286041343,799.1668735035528,1,0,6,0
172.16.0.1,10.0.0.3,ICMP,ALLOW,0.790932111410517,364.42468766350026,9,1,0,0
192.168.1.1,10.0.0.3,UDP,BLOCK,-0.3877802205419005,450.8172694029182,5,0,3,0
10.0.0.1,172.16.0.2,ICMP,ALLOW,-0.3123782053356903,942.304813863801,4,0,13,0
10.0.0.1,10.0.0.3,TCP,BLOCK,0.0017901625721243,879.8300504077357,3,1,2,0
172.16.0.1,192.168.1.3,TCP,ALLOW,0.7293654290846519,873.4638518655663,7,1,6,0
192.168.1.1,192.168.1.3,UDP,BLOCK,-0.6893956865515001,341.9519237094379,1,0,2,0
172.16.0.1,8.8.4.4,UDP,BLOCK,0.5006781496864809,1008.4607902669376,10,1,2,0
10.0.0.1,10.0.0.3,TCP,BLOCK,0.0801745396237192,609.5697142254951,4,0,9,0
192.168.1.2,8.8.8.8,UDP,ALLOW,-0.7421636887245302,1074.549675907676,2,1,0,0
192.168.1.2,10.0.0.3,TCP,ALLOW,0.5014889193883489,994.5735605719136,1,0,15,0
192.168.1.1,192.168.1.3,ICMP,ALLOW,0.6719543566031352,1323.2724692252505,7,0,11,0
172.16.0.1,10.0.0.3,UDP,BLOCK,0.4433422648077296,365.7477921433753,10,1,10,0
192.168.1.2,8.8.4.4,TCP,BLOCK,-0.2740860167126471,1026.9218391232075,9,1,13,0
172.16.0.1,172.16.0.2,ICMP,BLOCK,-0.0344753592041038,534.8674210136392,9,1,1,0
192.168.1.2,192.168.1.3,UDP,ALLOW,-0.6889733368135735,586.8625847697099,5,0,10,0
172.16.0.1,10.0.0.3,TCP,BLOCK,0.1285278100550564,1346.912008969972,10,1,15,0
10.0.0.1,192.168.1.3,UDP,BLOCK,0.2352102371086268,1324.328886533652,9,1,6,0
192.168.1.2,8.8.8.8,UDP,ALLOW,-0.9944633128421274,128.86561520246215,2,0,11,0
172.16.0.1,8.8.4.4,UDP,BLOCK,0.514537072379549,1467.2705759098017,2,0,5,0
10.0.0.1,8.8.4.4,TCP,BLOCK,-0.2437553399964376,506.1290263896303,4,1,7,0
172.16.0.1,10.0.0.3,TCP,ALLOW,-0.8412548408916829,992.5904080246636,6,1,14,0
192.168.1.2,192.168.1.3,TCP,ALLOW,-0.0233576969427042,1319.5494206374326,4,0,2,0
10.0.0.1,10.0.0.3,ICMP,ALLOW,-0.4621137707306277,1399.693084341206,2,1,6,0
10.0.0.1,8.8.4.4,ICMP,ALLOW,0.8674161882091713,139.33329947475636,10,1,6,0
172.16.0.1,192.168.1.3,ICMP,ALLOW,-0.5727085079815601,667.1146013708475,7,1,14,0
192.168.1.1,8.8.4.4,TCP,BLOCK,0.0427288790900051,1296.7011342606288,1,0,4,0
192.168.1.1,192.168.1.3,TCP,ALLOW,0.4237521994240218,202.13190777510985,2,0,10,0
192.168.1.1,192.168.1.3,TCP,BLOCK,-0.222362287363022,536.509622631741,7,1,14,0
10.0.0.2,172.16.0.2,UDP,BLOCK,-0.3929563152637183,1342.3859423767074,2,0,9,0
192.168.1.1,192.168.1.3,TCP,BLOCK,0.3357177379911236,427.4944123306475,3,1,11,0
192.168.1.2,172.16.0.2,TCP,ALLOW,0.8829831156775465,245.45172643281944,4,1,9,0
192.168.1.2,8.8.4.4,UDP,BLOCK,-0.3612781348086988,611.7683211952238,8,1,6,0
172.16.0.1,192.168.1.3,TCP,ALLOW,-0.8054203704245309,123.66055267155868,6,0,2,0
192.168.1.1,192.168.1.3,TCP,ALLOW,0.1424764880175095,848.7440024368768,5,0,2,0
192.168.1.1,172.16.0.2,UDP,BLOCK,0.4396761365262922,193.49974026487428,3,1,15,0
10.0.0.1,172.16.0.2,TCP,ALLOW,-0.7413712888514961,378.6624273307834,6,0,6,0
192.168.1.2,8.8.8.8,ICMP,BLOCK,0.9396127269954676,809.4713470167733,10,0,5,0
172.16.0.1,8.8.4.4,ICMP,ALLOW,-0.189443099498233,934.542759229926,0,1,12,0
10.0.0.2,8.8.4.4,ICMP,ALLOW,0.3906979521586822,260.4611517264684,5,1,2,0
192.168.1.2,8.8.8.8,TCP,ALLOW,-0.9692626716226966,775.6216455688477,5,1,5,0
172.16.0.1,192.168.1.3,TCP,ALLOW,-0.6686801933093185,1478.426245191388,5,0,9,0
10.0.0.1,172.16.0.2,TCP,ALLOW,-0.1754533331545296,444.6536830018508,5,1,2,0
192.168.1.1,10.0.0.3,UDP,ALLOW,0.0552334299073002,1464.1124036184565,0,1,5,0
10.0.0.1,192.168.1.3,TCP,BLOCK,0.1550358902746798,187.4067804349453,6,1,7,0
172.16.0.1,172.16.0.2,ICMP,BLOCK,0.8005403694283215,391.904390537349,1,1,9,0
192.168.1.1,8.8.8.8,ICMP,BLOCK,-0.40662501047465,1358.1889450179865,8,0,14,0
10.0.0.2,10.0.0.3,UDP,BLOCK,0.7051646865758334,1071.1187457398328,8,0,10,0
192.168.1.2,10.0.0.3,ICMP,BLOCK,-0.9027384090970751,305.5471721153492,7,0,2,0
10.0.0.2,172.16.0.2,UDP,BLOCK,0.64734740950954,1352.887897069446,8,0,0,0
10.0.0.2,10.0.0.3,ICMP,BLOCK,-0.8651503767420774,1070.486362823332,3,0,3,0
192.168.1.1,172.16.0.2,ICMP,ALLOW,0.300295281861219,1407.5501518094352,5,1,16,0
172.16.0.1,192.168.1.3,UDP,ALLOW,0.9490928313101924,904.6799184216178,0,1,10,0
10.0.0.1,8.8.4.4,TCP,ALLOW,-0.2705851248058732,1012.23173347278,9,0,5,0
10.0.0.1,8.8.8.8,ICMP,BLOCK,-0.7280509129573085,488.5955908315756,5,1,5,0
10.0.0.2,8.8.8.8,UDP,ALLOW,-0.4816098210239601,170.82638014764862,0,0,8,0
192.168.1.2,10.0.0.3,TCP,ALLOW,-0.2020244467074572,738.0571247444467,8,0,7,0
192.168.1.1,10.0.0.3,ICMP,BLOCK,-0.8514898710719603,1217.8546632584164,10,0,14,0
192.168.1.2,172.16.0.2,UDP,ALLOW,0.0305459404737429,785.8052262573259,8,0,10,0
192.168.1.1,8.8.4.4,ICMP,ALLOW,-0.8286180885460084,316.9453978844689,2,0,14,0
192.168.1.2,172.16.0.2,ICMP,ALLOW,0.3396177108162925,1283.469919619191,8,1,5,0
172.16.0.1,192.168.1.3,UDP,ALLOW,-0.7372964127023653,961.6466572572122,7,1,6,0
192.168.1.1,8.8.8.8,UDP,ALLOW,-0.2720276209299099,513.9416062226171,1,1,8,0
192.168.1.1,10.0.0.3,ICMP,ALLOW,0.6991593794793598,1303.1523192821255,1,0,13,0
172.16.0.1,192.168.1.3,UDP,ALLOW,0.7711019425878429,1118.8330896371235,8,0,15,0
192.168.1.2,10.0.0.3,TCP,ALLOW,-0.0375089319629411,200.51876755869003,3,1,11,0
10.0.0.2,172.16.0.2,TCP,BLOCK,0.2356708044567288,223.9411923234357,9,0,15,0
172.16.0.1,172.16.0.2,TCP,BLOCK,0.1700642932053735,172.96453227222804,10,1,5,0
192.168.1.2,8.8.8.8,ICMP,ALLOW,-0.549187222995559,220.19087479777332,1,0,12,0
192.168.1.1,10.0.0.3,TCP,ALLOW,0.563205989590571,841.4487594789584,2,1,6,0
192.168.1.2,8.8.8.8,UDP,ALLOW,-0.6498049301253828,486.8048737930416,9,0,10,0
10.0.0.1,8.8.4.4,ICMP,BLOCK,-0.883631053350775,1477.729261102289,0,1,0,0
10.0.0.2,192.168.1.3,UDP,BLOCK,-0.6992664202661503,1214.4610989192488,9,1,3,0
192.168.1.1,10.0.0.3,TCP,BLOCK,0.8133885047263449,1229.0339089151803,10,1,15,0
192.168.1.2,10.0.0.3,TCP,ALLOW,-0.2275048941941362,417.139974513912,8,0,14,0
10.0.0.1,8.8.4.4,ICMP,BLOCK,-0.2081950517805775,1094.796014324619,1,1,4,0
172.16.0.1,10.0.0.3,UDP,ALLOW,0.6799894478765487,151.85603590302236,6,1,10,0
10.0.0.1,8.8.8.8,UDP,BLOCK,0.9884836669350316,1034.2765383506055,2,1,16,0
192.168.1.1,172.16.0.2,TCP,BLOCK,0.9569729384281832,922.9644134399445,5,0,7,0
172.16.0.1,192.168.1.3,TCP,BLOCK,-0.6245512126406574,871.2207363000392,5,1,4,0
10.0.0.2,10.0.0.3,UDP,BLOCK,0.948220095969932,1300.827765572943,7,0,6,0
10.0.0.2,172.16.0.2,UDP,BLOCK,-0.824315604757309,1326.0381909610046,2,1,2,0
10.0.0.1,172.16.0.2,ICMP,ALLOW,0.4824668971046857,494.5799134454186,7,1,6,0
10.0.0.1,192.168.1.3,UDP,ALLOW,0.4137847313377303,1416.3758146616467,3,0,15,0
172.16.0.1,8.8.4.4,TCP,BLOCK,0.77450210177161,324.2319432202413,9,1,4,0
10.0.0.1,8.8.8.8,UDP,ALLOW,-0.0036224883496231,1474.2197207911456,1,0,14,0
192.168.1.2,192.168.1.3,TCP,BLOCK,-0.8113522318920927,782.2769766931522,9,1,16,0
10.0.0.2,10.0.0.3,UDP,BLOCK,-0.6749209644452581,712.775974648015,7,1,9,0
10.0.0.2,10.0.0.3,ICMP,ALLOW,0.0262090204340714,782.5684467082609,6,0,5,0
192.168.1.1,8.8.4.4,ICMP,ALLOW,-0.0189684929776834,1263.5046767248364,10,0,3,0
192.168.1.1,8.8.4.4,UDP,ALLOW,0.8340094256622403,772.5122566783766,1,1,0,0
192.168.1.1,192.168.1.3,TCP,BLOCK,-0.5185481853071727,1304.346699007115,7,1,12,0
192.168.1.2,192.168.1.3,ICMP,BLOCK,0.3714267930951385,1498.3541886488042,8,0,3,0
192.168.1.2,192.168.1.3,TCP,BLOCK,-0.0553633381826477,1193.4030277508296,3,1,6,0
10.0.0.2,8.8.8.8,TCP,BLOCK,-0.3032105833656457,814.036643387444,1,1,0,0
192.168.1.1,8.8.8.8,TCP,ALLOW,-0.0269526787822351,625.7336993782096,1,0,8,0
192.168.1.1,172.16.0.2,UDP,ALLOW,-0.5028585375540342,819.8305481636683,5,1,2,0
172.16.0.1,8.8.8.8,ICMP,ALLOW,0.7335283518695535,386.632579754142,6,0,9,0
10.0.0.2,8.8.8.8,UDP,ALLOW,0.3362235571549696,1376.1115662400955,5,1,7,0
10.0.0.2,172.16.0.2,ICMP,ALLOW,-0.5543380361667989,927.0237622356336,7,0,10,0
172.16.0.1,8.8.8.8,TCP,ALLOW,-0.5141566835759186,548.5781010124317,3,0,11,0
192.168.1.1,172.16.0.2,ICMP,ALLOW,-0.2368521806788628,1411.2385744744795,5,1,14,0
172.16.0.1,8.8.4.4,UDP,ALLOW,-0.8703560609005301,1337.9685603667772,3,0,2,0
192.168.1.2,172.16.0.2,TCP,ALLOW,0.6243430994709982,127.08691927600202,7,1,2,0
192.168.1.1,8.8.8.8,UDP,ALLOW,0.3577901888011301,1314.5322970515165,2,0,7,0
10.0.0.1,172.16.0.2,UDP,ALLOW,0.0992008175783258,986.7573156376465,5,1,4,0
172.16.0.1,10.0.0.3,TCP,ALLOW,-0.5802349123450057,1424.8935493788629,6,0,5,0
10.0.0.2,8.8.4.4,ICMP,BLOCK,-0.7266655070925327,287.9050571558531,9,0,5,0
10.0.0.2,172.16.0.2,TCP,BLOCK,-0.2000766184666076,1492.56470513272,6,1,5,0
192.168.1.1,172.16.0.2,TCP,ALLOW,-0.895539759286168,104.08949528645633,2,0,5,0
172.16.0.1,8.8.4.4,UDP,BLOCK,-0.4192897712839363,792.5127760831236,10,1,0,0
10.0.0.2,8.8.8.8,ICMP,ALLOW,-0.2633841781971147,369.7489490122006,4,0,13,0
172.16.0.1,172.16.0.2,ICMP,BLOCK,0.6819242565460204,670.4738964477056,7,0,12,0
10.0.0.2,8.8.4.4,UDP,ALLOW,-0.1660333379396241,1383.8205091879463,3,0,0,0
10.0.0.1,192.168.1.3,UDP,ALLOW,0.948571346052846,337.49311043324155,3,0,0,0
172.16.0.1,192.168.1.3,ICMP,ALLOW,-0.0100151294525383,1338.8754991328108,6,1,2,0
192.168.1.1,8.8.8.8,UDP,BLOCK,0.1487784164479941,146.61284237979382,6,0,15,0
192.168.1.2,8.8.4.4,ICMP,ALLOW,0.9186868910770174,1120.1377172113075,3,0,12,0
192.168.1.1,8.8.4.4,TCP,ALLOW,-0.6372933491302948,1321.4338905961615,8,0,3,0
172.16.0.1,8.8.8.8,UDP,ALLOW,-0.0807318428922383,732.5476645069931,8,0,12,0
192.168.1.1,8.8.8.8,ICMP,BLOCK,0.4672085307765119,1384.8923651017576,9,1,10,0
192.168.1.2,10.0.0.3,ICMP,ALLOW,0.508115024318333,720.3126439008943,8,0,15,0
192.168.1.2,172.16.0.2,TCP,BLOCK,0.8094873231223207,1037.5044310960875,0,1,14,0
10.0.0.1,8.8.8.8,UDP,BLOCK,0.6167279975249789,474.9258336236449,5,1,15,0
172.16.0.1,8.8.8.8,TCP,ALLOW,-0.9170229470915044,1278.263688592907,8,0,9,0
192.168.1.2,172.16.0.2,UDP,BLOCK,-0.7379736164478505,1388.7037432397449,3,1,11,0
10.0.0.2,192.168.1.3,UDP,ALLOW,0.8478906097832339,924.480532983852,2,0,7,0
172.16.0.1,8.8.8.8,ICMP,BLOCK,0.117816468398642,1127.3508091804838,9,0,5,0
192.168.1.1,192.168.1.3,TCP,ALLOW,-0.6513728587276431,1362.9035598668545,3,1,2,0
172.16.0.1,192.168.1.3,UDP,BLOCK,0.5269292906972411,1415.8301037044669,7,0,5,0
10.0.0.2,8.8.4.4,TCP,BLOCK,0.5344997352515812,1019.68602996011,4,0,12,0
10.0.0.2,10.0.0.3,UDP,BLOCK,0.8165198263338682,504.68637840322566,9,1,15,0
10.0.0.1,192.168.1.3,UDP,BLOCK,0.2564175873292105,863.0055833082249,8,0,8,0
192.168.1.2,192.168.1.3,TCP,BLOCK,0.1209911735240865,816.3322305185104,3,0,13,0
10.0.0.2,172.16.0.2,UDP,ALLOW,0.573252616397238,1167.3974366509317,6,0,12,0
10.0.0.1,8.8.8.8,UDP,BLOCK,0.5986175664844033,930.884518244048,1,0,7,0
10.0.0.2,8.8.4.4,TCP,ALLOW,-0.7886127877287974,712.5652078635545,4,1,10,0
192.168.1.1,10.0.0.3,TCP,BLOCK,-0.2120788378776938,988.3531691855358,3,1,8,0
10.0.0.1,192.168.1.3,UDP,BLOCK,0.6556562567656818,1049.3550614633718,2,1,5,0
192.168.1.1,8.8.8.8,TCP,ALLOW,0.9482664564705334,890.166610944802,0,0,9,0
10.0.0.2,8.8.8.8,ICMP,BLOCK,0.6767532909897329,1332.5712039709406,4,1,10,0
192.168.1.2,192.168.1.3,ICMP,ALLOW,-0.8561558257313004,1180.7464194530803,10,1,9,0
172.16.0.1,10.0.0.3,UDP,BLOCK,-0.6732417557662675,1147.239609489828,5,1,8,0
10.0.0.1,8.8.8.8,UDP,ALLOW,-0.3067253903576397,169.93385524443536,5,1,3,0
192.168.1.2,172.16.0.2,ICMP,ALLOW,0.5650351114166552,741.1228986148685,5,1,16,0
192.168.1.1,8.8.8.8,TCP,BLOCK,-0.6499564120844841,1190.9682281453229,3,0,8,0
10.0.0.1,8.8.4.4,UDP,ALLOW,-0.5106281420614585,706.7844619169252,8,0,3,0
10.0.0.1,8.8.4.4,UDP,BLOCK,-0.8969832684766095,118.56970669128232,6,0,14,0
10.0.0.1,8.8.8.8,ICMP,BLOCK,-0.1651466408400348,773.5989275746762,6,0,2,0
10.0.0.2,172.16.0.2,TCP,ALLOW,-0.5676542155422868,596.4233501096912,8,0,16,0
192.168.1.1,8.8.8.8,ICMP,BLOCK,0.0829751246305794,910.8314403759932,3,1,5,0
10.0.0.1,172.16.0.2,UDP,BLOCK,-0.5428981016354875,279.0070049052056,8,0,11,0
10.0.0.2,192.168.1.3,ICMP,BLOCK,0.8719242317156444,797.4519190998121,5,0,9,0
192.168.1.2,172.16.0.2,TCP,BLOCK,-0.4584002595855525,141.6781395003673,8,0,9,0
192.168.1.2,8.8.4.4,TCP,ALLOW,0.4138191511565394,626.775273063889,8,1,7,0
10.0.0.2,172.16.0.2,UDP,ALLOW,0.4966229661954733,650.8182217268931,8,0,16,0
10.0.0.1,192.168.1.3,ICMP,BLOCK,-0.8531859162323023,399.6090638198327,2,0,0,0
192.168.1.1,8.8.4.4,ICMP,ALLOW,0.5030126964933876,1467.6527251918235,7,0,10,0
10.0.0.2,8.8.8.8,ICMP,ALLOW,0.1906273281451487,378.40849413067065,0,0,14,0
192.168.1.1,192.168.1.3,ICMP,ALLOW,0.4992235311841908,1372.6504661905535,2,1,8,0
172.16.0.1,10.0.0.3,UDP,ALLOW,-0.6058522563761302,318.91357106738826,6,1,9,0
10.0.0.2,192.168.1.3,ICMP,BLOCK,-0.7978369305516724,1496.6589279672548,0,1,10,0
172.16.0.1,8.8.8.8,UDP,ALLOW,0.1595166919932549,1126.08984302771,5,1,10,0
192.168.1.2,8.8.8.8,UDP,ALLOW,0.2556451494501173,942.9243321962416,9,1,4,0
10.0.0.2,172.16.0.2,ICMP,BLOCK,-0.1811378644800132,327.7004601980116,6,1,0,0
192.168.1.2,192.168.1.3,ICMP,BLOCK,-0.3982553063769638,630.7603934821914,6,0,0,0
172.16.0.1,8.8.4.4,ICMP,BLOCK,0.1771381339584765,471.83652166419375,5,0,5,0
10.0.0.1,8.8.4.4,TCP,BLOCK,-0.6800857610475424,279.5683941345049,1,0,4,0
10.0.0.2,10.0.0.3,UDP,ALLOW,0.5961893559339095,675.3643133112581,2,0,9,0
172.16.0.1,8.8.8.8,TCP,BLOCK,-0.7621244233150857,1126.6368838743256,2,0,0,0
10.0.0.2,172.16.0.2,ICMP,BLOCK,-0.1278438364667811,133.03247055185074,10,1,9,0
10.0.0.1,8.8.8.8,ICMP,ALLOW,0.5173342851366272,1413.066607911651,7,0,7,0
10.0.0.1,8.8.8.8,ICMP,BLOCK,-0.2391270794893842,391.20745784036745,1,0,16,0
192.168.1.1,8.8.4.4,TCP,BLOCK,-0.5264984154030192,1235.161341400733,10,1,16,0
172.16.0.1,192.168.1.3,UDP,BLOCK,0.0232572837040099,972.8930320635418,9,1,4,0
192.168.1.1,10.0.0.3,UDP,BLOCK,0.3416716284294889,375.6282092021964,4,0,13,0
172.16.0.1,192.168.1.3,ICMP,ALLOW,-0.2251212661430992,796.4443290951161,2,0,10,0
192.168.1.1,192.168.1.3,UDP,ALLOW,0.3880789257774288,529.9085276918512,5,1,15,0
192.168.1.2,10.0.0.3,UDP,ALLOW,-0.175327334965349,1252.1449195843488,10,0,8,0
172.16.0.1,10.0.0.3,ICMP,ALLOW,0.6494224889268081,882.5539413272293,7,1,4,0
172.16.0.1,192.168.1.3,TCP,ALLOW,-0.8427213482693103,1127.8590532563503,9,1,5,0
172.16.0.1,8.8.8.8,UDP,BLOCK,0.7947999429690216,408.7229629021288,6,0,5,0
10.0.0.1,8.8.8.8,ICMP,BLOCK,-0.1647797903897465,356.7581193522204,4,1,12,0
10.0.0.1,172.16.0.2,TCP,BLOCK,0.247839091057139,462.3291781777309,5,1,9,0
172.16.0.1,172.16.0.2,ICMP,BLOCK,-0.0246608427284356,891.5112608837136,6,1,2,0
10.0.0.2,8.8.8.8,ICMP,ALLOW,0.0265360912606473,685.3280112645747,7,1,0,0
192.168.1.2,8.8.8.8,ICMP,ALLOW,-0.9637681401652524,735.8216335027428,4,1,0,0
10.0.0.2,8.8.8.8,ICMP,BLOCK,-0.2165717854086879,464.3114295668713,5,0,0,0
172.16.0.1,172.16.0.2,UDP,BLOCK,-0.9887598771285192,1244.4746059875858,6,1,12,0
10.0.0.1,192.168.1.3,TCP,ALLOW,0.5779351711078988,824.1844773228139,9,0,14,0
10.0.0.1,192.168.1.3,ICMP,BLOCK,0.9854709538636486,493.8903495066008,1,1,13,0
10.0.0.1,10.0.0.3,TCP,BLOCK,-0.3259177712706325,106.62842249000592,5,0,2,0
10.0.0.1,10.0.0.3,TCP,ALLOW,0.1691430508961844,211.37265774039795,7,0,8,0
192.168.1.2,8.8.8.8,TCP,BLOCK,-0.4415760302243532,1233.7613747467728,6,0,14,0
10.0.0.2,10.0.0.3,TCP,ALLOW,0.8867989811965626,433.5977872401061,5,0,10,0
192.168.1.2,8.8.8.8,ICMP,ALLOW,-0.5450344642104483,1032.7768000194203,8,1,9,0
10.0.0.1,10.0.0.3,UDP,BLOCK,-0.4207827323196349,622.2626854160557,9,1,0,0
192.168.1.1,192.168.1.3,TCP,BLOCK,-0.4302557403187543,937.100215942546,1,1,9,0
10.0.0.2,8.8.8.8,ICMP,BLOCK,-0.5027329484360932,130.27868511324715,2,0,16,0
192.168.1.1,8.8.8.8,UDP,BLOCK,0.9834132450623893,375.62794277223696,0,0,13,0
192.168.1.1,172.16.0.2,ICMP,ALLOW,0.9560266553417204,293.30517454057184,8,0,2,0
192.168.1.1,172.16.0.2,ICMP,ALLOW,-0.9700362528943732,167.8958870742115,1,0,9,0
192.168.1.1,8.8.8.8,UDP,ALLOW,0.3677134113893314,777.0603914142192,7,1,13,0
192.168.1.1,8.8.4.4,ICMP,ALLOW,-0.0528628431106119,415.33067663319554,5,1,9,0
10.0.0.2,10.0.0.3,TCP,ALLOW,-0.4538799387479828,638.0874941769201,10,1,7,0
172.16.0.1,10.0.0.3,TCP,BLOCK,-0.4459171770210375,1165.650824252037,0,1,5,0
192.168.1.2,10.0.0.3,TCP,BLOCK,0.8240253739924008,1203.2730495846592,9,1,4,0
192.168.1.1,8.8.4.4,UDP,ALLOW,0.95188955655705,993.0244575524384,2,0,0,0
192.168.1.2,172.16.0.2,UDP,BLOCK,0.4457310713851792,1202.793803592229,0,1,11,0
10.0.0.2,10.0.0.3,ICMP,BLOCK,-0.9907888921661836,156.37228305092617,0,0,10,0
192.168.1.2,10.0.0.3,UDP,BLOCK,-0.622257383585116,841.8509491243478,9,1,9,0
192.168.1.2,172.16.0.2,TCP,BLOCK,-0.1356506691559225,285.3480583417777,1,0,0,0
192.168.1.2,10.0.0.3,ICMP,BLOCK,-0.1416054495775023,208.911379441311,2,0,9,0
192.168.1.1,10.0.0.3,UDP,ALLOW,-0.6452724166623127,946.5280080636132,9,0,15,0
192.168.1.1,172.16.0.2,UDP,BLOCK,0.3201114368936308,766.8938386562513,3,1,12,0
10.0.0.2,10.0.0.3,ICMP,ALLOW,0.4681371864024291,821.4135018496323,1,1,10,0
192.168.1.1,192.168.1.3,UDP,BLOCK,-0.8567012332726993,284.28346192634456,6,0,12,0
192.168.1.2,8.8.8.8,ICMP,ALLOW,-0.1072049244119877,947.3098978518904,2,1,7,0
10.0.0.2,192.168.1.3,ICMP,ALLOW,-0.0525417296030645,1458.4019894067233,3,0,7,0
10.0.0.2,172.16.0.2,TCP,ALLOW,0.1593134762732728,236.50502535109516,1,1,10,0
192.168.1.2,10.0.0.3,ICMP,ALLOW,0.6505381637808894,651.440313719739,3,1,16,0
10.0.0.1,192.168.1.3,UDP,ALLOW,-0.2360356412594668,723.5441103013588,6,0,2,0
172.16.0.1,192.168.1.3,TCP,BLOCK,-0.6196976304671307,705.5744054143642,3,0,2,0
10.0.0.2,172.16.0.2,TCP,BLOCK,0.0237170177689123,149.15308416832934,9,0,8,0
172.16.0.1,10.0.0.3,TCP,BLOCK,-0.2640017813470627,1177.682160439539,3,0,2,0
192.168.1.2,8.8.4.4,UDP,ALLOW,-0.4809863609607234,610.7355393721255,7,0,13,0
192.168.1.1,192.168.1.3,ICMP,BLOCK,0.3064114518962697,875.9295537911984,7,1,7,0
192.168.1.2,192.168.1.3,TCP,ALLOW,-0.2414928635678712,300.1562481665105,0,1,14,0
192.168.1.2,8.8.4.4,TCP,BLOCK,0.4762381862952332,696.3632022122531,8,0,5,0
172.16.0.1,192.168.1.3,ICMP,BLOCK,-0.0806983941435406,1015.3294214325516,9,0,15,0
192.168.1.1,8.8.4.4,ICMP,ALLOW,-0.7451276570189946,407.4696472965248,1,0,1,0
10.0.0.1,172.16.0.2,ICMP,ALLOW,-0.1670906656674853,832.7870936294421,3,1,9,0
10.0.0.1,10.0.0.3,ICMP,BLOCK,0.0776272307385246,1416.252302388208,2,0,1,0
192.168.1.1,172.16.0.2,TCP,ALLOW,-0.569794062812135,1299.876435119405,3,0,8,0
10.0.0.1,8.8.8.8,ICMP,BLOCK,-0.4507828099812243,1407.7383560205776,4,0,9,0
10.0.0.1,172.16.0.2,TCP,ALLOW,0.1595833223252694,694.4121559021164,2,0,4,0
10.0.0.1,8.8.8.8,UDP,ALLOW,-0.6768907332170295,932.1664356516856,8,0,2,0
10.0.0.1,8.8.4.4,UDP,ALLOW,-0.0529760127617509,762.4506711708616,3,1,7,0
192.168.1.2,10.0.0.3,ICMP,BLOCK,-0.9994925870868548,636.7196531816998,5,1,16,0
172.16.0.1,172.16.0.2,UDP,ALLOW,0.3794357624227666,727.6455368011525,6,1,15,0
172.16.0.1,10.0.0.3,UDP,ALLOW,0.5228961300408665,418.04847801328685,3,0,10,0
10.0.0.1,192.168.1.3,TCP,BLOCK,0.8683500832336746,1079.7478221374636,2,0,2,0
192.168.1.2,10.0.0.3,UDP,BLOCK,0.7613754443971674,253.2072812645801,6,1,9,0
172.16.0.1,10.0.0.3,ICMP,ALLOW,-0.5717417624961378,128.7360310091099,7,0,1,0
192.168.1.2,8.8.4.4,TCP,ALLOW,-0.7396712406424231,532.1705905020495,8,0,13,0
10.0.0.2,8.8.4.4,ICMP,BLOCK,-0.124695790275559,114.64307747014676,7,0,10,0
172.16.0.1,8.8.4.4,UDP,ALLOW,0.5626553674808337,919.3350826462756,5,1,4,0
192.168.1.2,8.8.4.4,TCP,BLOCK,0.9528775515869868,184.98790195307305,7,1,13,0
192.168.1.2,192.168.1.3,ICMP,BLOCK,-0.0736181374252193,1291.2996498277896,1,0,1,0
10.0.0.2,8.8.4.4,UDP,ALLOW,0.2585678104586459,1281.835467794045,1,0,11,0
172.16.0.1,8.8.4.4,UDP,ALLOW,-0.6676671499673001,639.9324716170672,2,0,15,0
10.0.0.2,8.8.8.8,ICMP,ALLOW,-0.7101189557922556,1116.6980355774258,1,0,1,0
192.168.1.1,8.8.8.8,UDP,BLOCK,-0.0402351937479574,677.597563926626,1,0,4,0
10.0.0.1,172.16.0.2,UDP,ALLOW,0.8182067904160126,298.4378618977107,9,1,3,0
172.16.0.1,192.168.1.3,TCP,BLOCK,0.6190570742916723,1442.472423688326,2,0,15,0
172.16.0.1,192.168.1.3,ICMP,BLOCK,-0.3292846972650862,1303.9363556493906,0,1,14,0
10.0.0.2,8.8.4.4,ICMP,BLOCK,-0.9045923881251952,1138.807091560269,3,1,9,0
192.168.1.1,8.8.8.8,UDP,ALLOW,0.4525722160949705,1023.2375357364529,5,1,12,0
192.168.1.2,10.0.0.3,TCP,ALLOW,0.6816715373545512,268.2712553953768,10,1,5,0
10.0.0.2,192.168.1.3,ICMP,BLOCK,0.3581476059114588,828.7155821245389,10,1,12,0
192.168.1.2,192.168.1.3,ICMP,BLOCK,0.1236409650825955,1035.436105575087,2,0,6,0
172.16.0.1,8.8.4.4,ICMP,BLOCK,-0.7411129463942996,600.7967427252468,8,1,15,0
192.168.1.1,8.8.8.8,TCP,ALLOW,0.332228194853323,1364.1595542809364,9,0,6,0
10.0.0.1,192.168.1.3,ICMP,ALLOW,-0.5317022958498745,374.5612702840291,2,1,3,0
192.168.1.1,8.8.8.8,UDP,BLOCK,-0.9305768031009132,115.29157882457844,8,1,5,0
172.16.0.1,172.16.0.2,UDP,ALLOW,-0.4736105210276813,1134.8794811236037,8,0,3,0
192.168.1.2,8.8.8.8,TCP,BLOCK,0.3711157232290798,1098.7800675635876,3,1,9,0
10.0.0.1,192.168.1.3,UDP,BLOCK,0.4474223252480398,1372.7200497516667,8,1,3,0
10.0.0.2,192.168.1.3,ICMP,ALLOW,-0.5491536047850805,102.67413812333636,7,0,14,0
192.168.1.1,8.8.8.8,ICMP,ALLOW,-0.7666603369525651,1396.7083811329207,8,0,15,0
10.0.0.1,192.168.1.3,UDP,BLOCK,-0.2446448367109239,135.19523347834382,1,0,8,0
10.0.0.1,8.8.4.4,UDP,BLOCK,0.953270657398581,228.8863168298934,7,0,4,0
10.0.0.1,192.168.1.3,TCP,ALLOW,0.8795789907415918,1140.8470844582305,6,0,7,0
192.168.1.1,192.168.1.3,UDP,ALLOW,0.5153225636482464,138.21118725865443,0,0,4,0
192.168.1.2,8.8.4.4,ICMP,BLOCK,-0.1224076093626744,754.875563656771,4,1,11,0
10.0.0.1,192.168.1.3,TCP,ALLOW,-0.223612088028174,544.1771785148767,10,1,4,0
172.16.0.1,8.8.8.8,TCP,BLOCK,-0.9233566764151956,881.2031127573845,5,1,13,0
172.16.0.1,10.0.0.3,ICMP,BLOCK,-0.7037853857579,1301.0451552976358,8,1,13,0
192.168.1.2,192.168.1.3,TCP,BLOCK,0.8553283192925969,399.5674420235952,5,1,3,0
172.16.0.1,192.168.1.3,UDP,ALLOW,0.3402439774246359,1220.9073295976807,8,1,13,0
172.16.0.1,10.0.0.3,UDP,BLOCK,0.4809750415595821,270.6025581575683,0,0,5,0
192.168.1.1,8.8.4.4,ICMP,BLOCK,-0.0122767342816969,807.4086445237494,4,0,10,0
192.168.1.2,10.0.0.3,TCP,ALLOW,-0.6299606504838937,726.7818073633046,3,0,10,0
10.0.0.2,192.168.1.3,TCP,ALLOW,0.3637967540396301,1135.295597060712,3,0,8,0
172.16.0.1,10.0.0.3,ICMP,ALLOW,-0.1660487725768342,320.7121933401262,8,0,13,0
10.0.0.1,8.8.4.4,TCP,ALLOW,-0.5721648221824058,1373.4942186660976,7,0,2,0
192.168.1.2,8.8.4.4,UDP,ALLOW,0.7543368742985166,847.3109539825223,6,0,3,0
192.168.1.2,10.0.0.3,TCP,ALLOW,-0.4333348608812557,1096.7206243063863,2,0,9,0
10.0.0.1,8.8.8.8,ICMP,BLOCK,0.1284220859150247,834.5749020263099,5,1,2,0
10.0.0.1,8.8.4.4,UDP,BLOCK,0.6046508153504426,948.415226839626,6,0,13,0
192.168.1.1,10.0.0.3,UDP,BLOCK,-0.5882075196477887,645.4646637786782,9,1,13,0
10.0.0.2,8.8.4.4,TCP,BLOCK,0.3385457751694829,241.49004995135024,6,1,3,0
10.0.0.1,10.0.0.3,TCP,BLOCK,-0.6056874736786095,440.5766335152246,7,1,15,0
192.168.1.2,8.8.4.4,ICMP,BLOCK,0.6669316525067865,436.2542978093321,0,1,10,0
192.168.1.2,8.8.4.4,UDP,ALLOW,0.0338039282318907,1033.6425317518497,3,1,14,0
192.168.1.1,8.8.4.4,TCP,BLOCK,0.3766714322134514,1400.9934783063254,6,1,12,0
192.168.1.2,10.0.0.3,TCP,ALLOW,-0.2761158842693711,1425.041744556241,8,1,16,0
192.168.1.1,192.168.1.3,UDP,BLOCK,0.4615386619989834,1331.0909952138204,8,1,14,0
10.0.0.2,10.0.0.3,TCP,BLOCK,0.9133801176423209,1311.3031825780736,4,1,3,0
192.168.1.2,172.16.0.2,UDP,ALLOW,0.3789989564531439,288.55429514288033,1,0,5,0
192.168.1.1,8.8.8.8,UDP,ALLOW,-0.0776631451845275,383.3584328536264,4,0,10,0
10.0.0.1,8.8.4.4,UDP,ALLOW,-0.5483686697296324,1088.49513031159,8,0,15,0
172.16.0.1,10.0.0.3,TCP,ALLOW,-0.0368372611988221,939.4600730665516,9,0,14,0
192.168.1.1,8.8.8.8,ICMP,ALLOW,0.2620271309744288,1334.4074946598082,0,1,6,0
192.168.1.1,8.8.8.8,TCP,BLOCK,-0.1990107001058532,1068.517190716742,3,0,12,0
172.16.0.1,8.8.8.8,ICMP,ALLOW,0.2623811959891131,187.0628180283286,9,1,15,0
10.0.0.2,8.8.8.8,ICMP,ALLOW,-0.2317964717613783,886.411091116955,3,1,2,0
192.168.1.1,192.168.1.3,UDP,BLOCK,-0.4075541540111334,1288.752053115738,7,1,9,0
10.0.0.1,10.0.0.3,TCP,ALLOW,0.1134885687424869,123.37032376032866,9,1,6,0
192.168.1.1,192.168.1.3,UDP,BLOCK,-0.8956612560542261,1279.467997917823,6,1,9,0
172.16.0.1,8.8.4.4,UDP,ALLOW,0.0881718783665306,1253.1239014409648,4,1,8,0
172.16.0.1,8.8.8.8,ICMP,BLOCK,0.162638230905497,882.8934460880656,9,0,16,0
172.16.0.1,10.0.0.3,ICMP,ALLOW,-0.1905243294490819,134.27005872616064,1,0,15,0
192.168.1.1,10.0.0.3,ICMP,ALLOW,-0.0886726675424631,478.08200821550577,2,1,8,0
192.168.1.2,8.8.8.8,UDP,BLOCK,-0.9132186845032086,979.6712519217564,2,0,12,0
10.0.0.1,8.8.8.8,ICMP,ALLOW,-0.5647773189950234,743.4061980010472,10,0,6,0
10.0.0.1,192.168.1.3,TCP,ALLOW,-0.8716811373736764,396.8174369714103,3,1,13,0
192.168.1.1,8.8.8.8,TCP,ALLOW,-0.4964432102168135,816.9659985854669,3,0,6,0
192.168.1.1,8.8.8.8,UDP,BLOCK,0.1623001090668292,706.7099793573187,9,0,8,0
192.168.1.2,8.8.4.4,ICMP,ALLOW,0.8460458585093655,619.1117988587603,7,1,3,0
10.0.0.1,10.0.0.3,TCP,ALLOW,0.913173351673706,434.3351680975301,1,0,2,0
192.168.1.1,10.0.0.3,ICMP,ALLOW,-0.9804763345972732,827.952475126342,7,0,8,0
10.0.0.2,10.0.0.3,UDP,ALLOW,-0.307932341802078,170.76432073258607,0,1,8,0
192.168.1.1,192.168.1.3,UDP,ALLOW,0.8119124294779669,970.1337343426236,7,1,4,0
10.0.0.1,8.8.4.4,ICMP,BLOCK,0.2178178466607099,1354.278287813579,10,1,5,0
192.168.1.1,8.8.4.4,UDP,BLOCK,-0.9804008145551322,315.30039856053617,10,0,5,0
10.0.0.1,8.8.8.8,TCP,BLOCK,0.8841860073846821,430.9148457814079,1,1,9,0
10.0.0.2,172.16.0.2,TCP,ALLOW,-0.4427043657851628,766.6515581011881,10,1,12,0
192.168.1.1,192.168.1.3,ICMP,BLOCK,0.6219680134673105,801.6096830029145,4,0,7,0
192.168.1.1,10.0.0.3,TCP,BLOCK,-0.7975108163207743,778.0390200827545,0,0,4,0
10.0.0.2,10.0.0.3,UDP,ALLOW,0.8851630960918397,415.4510320856901,5,1,7,0
10.0.0.2,192.168.1.3,ICMP,BLOCK,-0.0622904461038549,1242.0584019025914,4,1,13,0
172.16.0.1,192.168.1.3,ICMP,BLOCK,0.9539830142635384,829.0191148956986,5,1,1,0
10.0.0.1,8.8.4.4,TCP,ALLOW,0.4061793583630972,1338.9743276333315,0,0,7,0
172.16.0.1,10.0.0.3,TCP,BLOCK,0.5754475001037167,1179.0326298600628,10,1,6,0
192.168.1.1,8.8.8.8,ICMP,BLOCK,0.5950105951846318,698.1921996706305,6,0,14,0
10.0.0.1,172.16.0.2,TCP,ALLOW,0.8298528852333131,1450.615409403783,6,0,0,0
192.168.1.2,8.8.4.4,UDP,BLOCK,-0.9527659767648282,974.0390383603258,5,0,2,0
10.0.0.2,192.168.1.3,TCP,ALLOW,0.5526685229079262,695.3549044085634,4,1,1,0
192.168.1.2,192.168.1.3,UDP,BLOCK,0.1651235447655432,1237.4413994184022,1,0,8,0
172.16.0.1,10.0.0.3,UDP,BLOCK,0.5874316634774466,1158.2981565343537,7,1,13,0
10.0.0.1,192.168.1.3,ICMP,ALLOW,0.4056862015659437,870.0158377504047,7,0,8,0
10.0.0.2,192.168.1.3,ICMP,ALLOW,0.0610812258733435,945.8523177737508,6,0,9,0
10.0.0.2,8.8.4.4,UDP,BLOCK,0.8574729570993656,617.9193229030154,3,1,14,0
172.16.0.1,8.8.8.8,TCP,ALLOW,-0.3109678240944125,614.0664872211933,2,1,16,0
192.168.1.2,8.8.8.8,ICMP,BLOCK,0.8910473438537256,578.3591639918898,4,1,6,0
192.168.1.2,192.168.1.3,TCP,ALLOW,0.7258649879408254,1106.1014043729365,2,1,10,0
172.16.0.1,8.8.4.4,TCP,BLOCK,-0.1688906966858208,590.7186636324373,2,0,1,0
10.0.0.1,192.168.1.3,TCP,BLOCK,0.4137056563032468,1326.6611958665435,4,1,2,0
10.0.0.2,10.0.0.3,ICMP,BLOCK,-0.3061122842456798,388.1994954002364,8,0,12,0
192.168.1.1,8.8.4.4,TCP,BLOCK,0.4817688407491605,314.5664762703983,7,1,11,0
192.168.1.2,8.8.8.8,UDP,ALLOW,0.1576485833997412,578.8358207386246,0,0,6,0
192.168.1.2,8.8.8.8,UDP,BLOCK,0.9881279517195044,454.6886644085449,1,0,6,0
10.0.0.1,192.168.1.3,TCP,ALLOW,-0.5413929832923057,909.6074683844016,3,1,15,0
192.168.1.2,10.0.0.3,UDP,ALLOW,-0.1058537766175062,209.8625411801582,7,1,0,0
172.16.0.1,10.0.0.3,UDP,ALLOW,-0.4944472619001026,306.4398870826992,0,0,15,0
10.0.0.2,172.16.0.2,TCP,BLOCK,0.7632556964581105,1205.8153836255149,4,0,12,0
172.16.0.1,10.0.0.3,UDP,ALLOW,0.5048424451363953,835.1957880500042,5,1,16,0
192.168.1.1,10.0.0.3,ICMP,ALLOW,-0.0099331662417256,756.8979586007445,3,0,12,0
172.16.0.1,172.16.0.2,TCP,BLOCK,-0.1863270898949705,840.4159176037368,1,0,0,0
192.168.1.2,192.168.1.3,ICMP,BLOCK,-0.4089816588926589,1247.162190857995,7,0,6,0
192.168.1.1,8.8.4.4,UDP,ALLOW,-0.517206599822259,1452.5849821971244,6,0,3,0
10.0.0.1,10.0.0.3,UDP,ALLOW,-0.7181953793597542,690.297230160168,8,1,1,0
192.168.1.2,8.8.4.4,UDP,ALLOW,0.3727067471457914,464.3720811868823,4,0,7,0
192.168.1.2,8.8.4.4,TCP,BLOCK,-0.7295160776735741,163.76952471559517,5,0,5,0
172.16.0.1,8.8.4.4,TCP,ALLOW,-0.8089336293312854,953.936401316958,7,1,5,0
10.0.0.2,192.168.1.3,TCP,ALLOW,0.020350869039164,1024.163733136777,4,1,5,0
10.0.0.2,8.8.4.4,UDP,BLOCK,-0.426455744390299,291.2559338225095,2,0,16,0
172.16.0.1,10.0.0.3,ICMP,ALLOW,0.71235957790564,957.7260980446116,0,1,12,0
10.0.0.2,192.168.1.3,TCP,BLOCK,-0.5460709233317693,1021.0922343570452,5,0,0,0
192.168.1.2,10.0.0.3,ICMP,BLOCK,0.1232183787419809,535.4394766397205,6,0,8,0
10.0.0.1,172.16.0.2,TCP,ALLOW,-0.0745758041098298,592.8474930645834,3,0,16,0
10.0.0.1,172.16.0.2,TCP,ALLOW,-0.9187846080880108,579.1034293213972,7,0,6,0
10.0.0.2,192.168.1.3,TCP,BLOCK,-0.7442581744735692,721.1482839714218,8,0,12,0
172.16.0.1,8.8.4.4,UDP,BLOCK,-0.084320152034832,569.6543795703508,6,1,0,0
10.0.0.2,10.0.0.3,TCP,BLOCK,0.2105803990624319,1294.3843150519078,2,1,4,0
10.0.0.2,192.168.1.3,UDP,ALLOW,-0.7219658127588209,1156.4712142878325,8,1,4,0
10.0.0.2,172.16.0.2,UDP,BLOCK,0.7097022253101202,1390.1927442377887,10,1,13,0
192.168.1.1,10.0.0.3,ICMP,ALLOW,0.2898777778771941,1051.1035531996183,10,1,12,0
192.168.1.2,8.8.4.4,ICMP,ALLOW,0.4599320478998345,1195.2030394675955,7,0,0,0
10.0.0.2,172.16.0.2,TCP,BLOCK,-0.223654202155624,1412.4219446543475,0,0,6,0
192.168.1.1,8.8.8.8,UDP,BLOCK,-0.9046105401600596,515.5503152924591,4,0,11,0
10.0.0.2,8.8.8.8,ICMP,BLOCK,-0.0097849649731489,1011.6448664823628,9,0,5,0
192.168.1.2,172.16.0.2,ICMP,BLOCK,-0.3186841115007075,1399.9999472593734,4,0,1,0
10.0.0.2,8.8.8.8,ICMP,ALLOW,-0.5749347608787396,143.72244730741048,9,1,4,0
10.0.0.1,10.0.0.3,UDP,BLOCK,0.7514622966836251,768.0193610443075,1,0,3,0
192.168.1.2,192.168.1.3,ICMP,BLOCK,0.6740880303113648,986.5090259964644,10,1,14,0
10.0.0.1,192.168.1.3,TCP,BLOCK,-0.0457579334971045,798.8556575741677,7,0,14,0
10.0.0.1,192.168.1.3,TCP,BLOCK,0.4208983094627336,606.3834724310088,2,0,9,0
10.0.0.1,192.168.1.3,TCP,ALLOW,-0.9426854457434845,610.147837934783,0,1,0,0
10.0.0.2,8.8.4.4,ICMP,BLOCK,-0.6684317605415573,1267.1675015996382,5,1,9,0
10.0.0.1,172.16.0.2,TCP,ALLOW,0.999659315184313,644.3597998398258,7,1,0,0
10.0.0.2,8.8.8.8,TCP,ALLOW,0.0405789517891714,550.8870812250251,10,0,11,0
192.168.1.2,172.16.0.2,TCP,ALLOW,-0.2751936578360627,393.0419912251005,1,0,13,0
172.16.0.1,192.168.1.3,TCP,ALLOW,-0.7206611635181417,589.763003669166,1,0,3,0
192.168.1.1,192.168.1.3,ICMP,ALLOW,0.2252945976440517,1363.766089112797,4,0,3,0
10.0.0.1,8.8.8.8,TCP,BLOCK,-0.2972893274634118,401.2176486944721,3,1,7,0
192.168.1.2,192.168.1.3,UDP,ALLOW,0.0314153749991654,189.5227062995393,2,0,13,0
10.0.0.1,8.8.4.4,UDP,BLOCK,-0.8469744616337322,941.8929669670556,1,0,10,0
192.168.1.2,10.0.0.3,TCP,ALLOW,-0.5847043891312762,1233.7085779591844,4,1,10,0
192.168.1.2,8.8.4.4,TCP,ALLOW,0.205955413572634,899.8805463526836,4,1,3,0
192.168.1.1,10.0.0.3,ICMP,ALLOW,-0.9916383173839416,1171.801226858478,7,1,11,0
192.168.1.1,10.0.0.3,TCP,BLOCK,-0.6432524007967513,716.7848733031092,7,0,2,0
10.0.0.1,192.168.1.3,TCP,ALLOW,-0.6228611138938149,256.6846538585809,0,1,2,0
10.0.0.2,10.0.0.3,UDP,BLOCK,-0.0901088897879427,138.70521614415372,1,0,2,0
192.168.1.2,10.0.0.3,TCP,BLOCK,-0.1043650641662861,860.7829102716707,6,1,1,0
10.0.0.2,8.8.8.8,TCP,BLOCK,-0.7057005954807476,1287.595192119368,1,1,9,0
10.0.0.1,192.168.1.3,ICMP,BLOCK,0.0327742276280684,906.6628591386976,3,0,7,0
192.168.1.2,192.168.1.3,UDP,BLOCK,0.6048001537376242,495.0643888088723,4,0,6,0
192.168.1.2,192.168.1.3,TCP,BLOCK,-0.2767893784201101,146.78428903258708,1,1,12,0
172.16.0.1,172.16.0.2,ICMP,ALLOW,0.4482500921430359,1486.4359177763006,9,1,3,0
172.16.0.1,8.8.8.8,UDP,ALLOW,-0.388621099593023,140.96894989762808,1,1,15,0
10.0.0.2,172.16.0.2,ICMP,BLOCK,0.8668177253625549,1374.374719408273,4,1,10,0
192.168.1.1,8.8.4.4,TCP,ALLOW,0.4676103399306506,680.0234787825477,0,0,1,0
192.168.1.1,8.8.8.8,UDP,BLOCK,-0.1724288340390027,924.03125020249,4,0,11,0
192.168.1.1,172.16.0.2,TCP,ALLOW,-0.7658001157394747,1486.9628616850728,2,0,12,0
172.16.0.1,8.8.8.8,UDP,ALLOW,0.9596482117349344,1286.2481667518862,10,0,1,0
10.0.0.1,172.16.0.2,TCP,BLOCK,-0.3614752427204353,1363.830326252735,0,0,14,0
10.0.0.1,8.8.8.8,TCP,ALLOW,0.943895694544964,511.90362797986313,2,1,2,0
10.0.0.2,8.8.4.4,UDP,BLOCK,0.0925959816862398,590.96712125429,7,1,9,0
10.0.0.2,10.0.0.3,ICMP,BLOCK,-0.6401169011461683,416.8328201261867,7,0,3,0
10.0.0.2,192.168.1.3,TCP,ALLOW,-0.3325218622652901,875.4512916676412,9,1,6,0
