log_level,message,value,session_length,num_failed_attempts,label,hour,day
2.0,User login successful,0.4030130626714114,65.92838936185413,3,1,0,0
2.0,File accessed,0.0240540646307301,50.74063810950127,4,1,0,0
0.0,Service started,0.6606108850572536,4.508991517823343,3,0,0,0
1.0,File accessed,-0.2796705727776134,59.03579849318052,5,0,0,0
1.0,User login failed,0.9200227890136916,15.04684977180634,3,0,0,0
2.0,User login failed,0.4603458383350989,43.21655202374546,3,1,0,0
0.0,Unauthorized access attempt,0.8592489464054012,72.18234242061989,2,0,0,0
1.0,Unauthorized access attempt,-0.8199237808627544,19.49369861920326,3,0,0,0
2.0,Service started,-0.7975491739038518,47.98172419813306,3,0,0,0
,File accessed,0.3147622781433152,87.97973341077326,1,1,0,0
0.0,User login failed,0.5199322763477452,48.37133735906699,2,1,0,0
0.0,User login failed,0.7266759820079587,20.87765079704346,3,1,0,0
3.0,User login successful,0.6827738982039486,29.13766106277088,4,1,0,0
1.0,User login failed,-0.5140917848626356,91.69112185438608,4,1,0,0
3.0,Unauthorized access attempt,0.010054811133078,23.736449369830694,4,1,0,0
1.0,Unauthorized access attempt,0.7070001844244547,1.8022802454460325,3,1,0,0
3.0,Service started,-0.4278528107926322,61.44615684265936,5,1,0,0
0.0,Service started,-0.1720119053700435,5.785352720294325,0,0,0,0
0.0,User login successful,0.6297065347279256,58.53881457994284,3,0,0,0
2.0,Configuration change detected,-0.5887225128199847,39.8173112366773,4,1,0,0
2.0,Configuration change detected,0.7219795511808802,52.98891146396116,3,1,0,0
1.0,File accessed,-0.723294833413036,60.51459383061421,4,0,0,0
1.0,Configuration change detected,0.1898992933973438,63.37558748394542,5,0,0,0
0.0,Service started,0.2568659452473028,91.62357679075204,2,1,0,0
2.0,Service stopped,0.8050423816897627,19.42266881775639,5,1,0,0
,User login successful,0.345795299727863,61.07060581842738,4,0,0,0
3.0,Configuration change detected,-0.8125495512845746,23.68490992150316,0,1,0,0
1.0,File accessed,0.7513812404113029,71.57901995705055,4,0,0,0
3.0,Configuration change detected,-0.67533538836936,31.6302549899823,4,0,0,0
1.0,File accessed,-0.2290874500499804,78.17122387628869,1,1,0,0
3.0,Unauthorized access attempt,0.4503885229951681,57.27157773922367,3,0,0,0
3.0,Service stopped,-0.5267642084292261,98.60611253724764,5,0,0,0
3.0,Service stopped,0.4020295220152274,22.817571936342524,2,1,0,0
0.0,Configuration change detected,-0.9961136743840509,50.46277681105384,1,0,0,0
0.0,Configuration change detected,-0.4222255316516425,80.78802962854587,3,1,0,0
1.0,Unauthorized access attempt,-0.0968728624255368,81.8404782555787,2,0,0,0
3.0,Configuration change detected,-0.4839256839256483,21.647502879851157,0,0,0,0
3.0,User login successful,-0.0638787457299492,94.36115332016462,3,0,0,0
1.0,User login successful,-0.7689614082456484,93.57259139054814,4,1,0,0
0.0,User login failed,-0.7960668315280885,67.74174854441662,4,0,0,0
,Configuration change detected,0.7191783296563936,96.9039193997698,5,1,0,0
3.0,Unauthorized access attempt,-0.9896552347803572,17.447476320818485,2,1,0,0
3.0,File accessed,0.2731906822926484,67.85532819535372,4,1,0,0
,Service stopped,-0.4987472326660123,48.010939742389645,3,1,0,0
1.0,Unauthorized access attempt,-0.0874761879717143,47.69831286412938,0,1,0,0
0.0,Configuration change detected,-0.9189419104649836,46.41811304959105,4,1,0,0
1.0,Configuration change detected,0.4784318461015366,82.01925321326078,4,1,0,0
1.0,User login successful,0.7498170903884349,19.230468300942977,1,1,0,0
,Configuration change detected,0.1997443977791948,67.09733693518068,3,0,0,0
3.0,User login successful,0.1573295031754484,75.18313167043081,0,1,0,0
,Configuration change detected,-0.1304452902096557,79.35621594656895,4,0,0,0
2.0,User login failed,-0.627103226974163,31.088396509190837,3,0,0,0
,Service started,-0.8657740313164224,44.23613570136496,1,1,0,0
2.0,Service stopped,0.576573595370012,61.72656776537436,0,1,0,0
,User login successful,-0.7358953708686802,56.70233283715674,4,0,0,0
2.0,Unauthorized access attempt,-0.4719773576924968,5.550694126281135,1,1,0,0
0.0,User login failed,0.6976759723278667,21.89024723535223,4,1,0,0
3.0,Unauthorized access attempt,-0.501328509093707,98.98391992456558,4,0,0,0
3.0,Unauthorized access attempt,-0.219652218794901,40.91833385153903,4,1,0,0
2.0,User login failed,0.4226403400960707,94.20591786780712,2,1,0,0
3.0,Service stopped,-0.1475622870090294,36.84870184506688,0,1,1,0
2.0,Service stopped,-0.7021418348769368,77.43060619718922,1,0,1,0
1.0,File accessed,0.8014816826347506,63.50945393171219,5,1,1,0
,File accessed,0.8834607138937911,41.63049033091156,4,1,1,0
1.0,File accessed,-0.4054291118911797,8.861228894038018,2,1,1,0
3.0,Unauthorized access attempt,0.2154132803910591,29.811446076830585,0,1,1,0
1.0,Unauthorized access attempt,0.5865066682837834,7.520718986229903,0,0,1,0
,User login successful,-0.783026480687607,42.80777768459513,4,1,1,0
0.0,Unauthorized access attempt,-0.0381197114107563,45.96322001118946,3,1,1,0
,User login successful,0.6508606294084782,37.17236319474093,5,1,1,0
1.0,User login successful,0.1674774706753392,49.80339886514496,0,1,1,0
1.0,File accessed,0.1085167423105466,41.1085129226355,4,1,1,0
2.0,Configuration change detected,0.3196145265724754,60.7211735692483,5,1,1,0
3.0,Service stopped,0.352610267584682,54.49435637669607,3,1,1,0
0.0,User login failed,-0.0768827697186902,90.7666952101057,3,1,1,0
0.0,File accessed,-0.2058305938114732,17.251624035191256,3,1,1,0
,User login failed,0.7081216032458955,78.68614318279346,5,0,1,0
3.0,Configuration change detected,-0.8411495907591127,35.31766448204225,4,1,1,0
2.0,User login failed,0.9362143051912972,68.51385165593352,5,1,1,0
3.0,Unauthorized access attempt,0.81001133429239,34.264657871478335,0,1,1,0
,Unauthorized access attempt,0.289773618562221,3.585906733303556,5,0,1,0
3.0,Configuration change detected,0.092905470868992,60.83557909942596,5,1,1,0
0.0,User login successful,-0.1169866772372765,20.78154167049259,3,0,1,0
3.0,File accessed,-0.2236348397173202,40.45955962742832,2,0,1,0
3.0,Service stopped,0.4218108467333696,29.34436138552676,2,1,1,0
3.0,Service stopped,0.8288115045795115,58.69426030550287,2,0,1,0
0.0,File accessed,0.1155139364472921,50.12720579630756,1,1,1,0
0.0,Service started,-0.7104252405265079,14.331808279327593,3,1,1,0
,Configuration change detected,0.4976674950771194,17.085241262085397,3,0,1,0
3.0,Configuration change detected,-0.2886102605692735,40.55589892001211,1,1,1,0
1.0,Configuration change detected,-0.5743754868923228,20.289301074538656,3,1,1,0
,Service stopped,-0.9746813842610262,8.458847167718947,3,0,1,0
1.0,Unauthorized access attempt,-0.0039326257915512,83.06261039568379,4,1,1,0
2.0,Service stopped,-0.1262906565486492,57.573598855008726,3,0,1,0
3.0,User login successful,0.1863208105844009,10.46127350953165,1,0,1,0
3.0,Unauthorized access attempt,0.0888541855713211,41.064761943068326,2,1,1,0
3.0,Unauthorized access attempt,0.6524461370685046,31.54688958741812,5,1,1,0
3.0,User login failed,-0.7504067456198182,96.5128858622114,3,1,1,0
1.0,Unauthorized access attempt,0.5979070011890073,3.617839541133897,0,1,1,0
3.0,Service stopped,0.3002347048806786,23.064741001586523,5,0,1,0
0.0,Service stopped,0.4770459158021127,1.6444883657911644,4,0,1,0
2.0,Service stopped,0.4375758201302704,63.70542440891692,2,0,1,0
0.0,User login successful,0.4385568546278307,10.392003058712923,2,0,1,0
3.0,Service stopped,-0.7934723075148069,91.83957937212016,4,1,1,0
0.0,Service started,0.3749567005812291,56.60451773494648,0,0,1,0
2.0,Configuration change detected,-0.5110635724668908,96.54022648919276,5,1,1,0
0.0,Service stopped,-0.2418671169712594,22.98314892582452,5,0,1,0
2.0,Configuration change detected,-0.026783345956469,54.89528016847968,4,1,1,0
,User login failed,0.5005517374012247,82.56134593425254,3,0,1,0
0.0,Configuration change detected,0.9723359696605118,50.1099756915161,1,1,1,0
3.0,File accessed,-0.4518116267637311,1.3614738918200942,2,1,1,0
2.0,Service stopped,0.4753272660036007,78.4016457069236,2,1,1,0
2.0,File accessed,-0.6079289005396722,43.994529930425216,1,1,1,0
1.0,Service stopped,0.2902336948894046,89.52252057694547,0,1,1,0
0.0,Unauthorized access attempt,0.0169436711480845,65.04513499571155,5,1,1,0
,Unauthorized access attempt,-0.0985941576154951,29.136799349733035,3,1,1,0
0.0,Configuration change detected,-0.6590945032105007,43.3002249005647,0,1,1,0
0.0,Service stopped,0.240432461454612,73.71261220089211,3,0,1,0
3.0,Service started,-0.5485835944610824,46.947559191941245,4,0,1,0
2.0,User login failed,0.579685648507436,98.26982879237538,2,0,1,0
,Service started,0.963720775025808,92.69400860426111,3,1,2,0
0.0,Service started,-0.5411454377963334,7.064778059547309,2,0,2,0
1.0,User login successful,-0.0872290103043373,89.29916657903962,3,0,2,0
0.0,User login failed,-0.4886794210928624,91.78071327928356,5,1,2,0
1.0,Service stopped,-0.4708728249378724,39.16612470038972,1,0,2,0
,Service started,-0.0177586434521335,53.139467720401655,4,1,2,0
1.0,File accessed,-0.3231686503097797,20.873446615454306,1,1,2,0
1.0,Unauthorized access attempt,0.4163595999573726,50.78354110929292,0,0,2,0
0.0,Unauthorized access attempt,0.6829836935731741,35.248829523180845,1,1,2,0
,File accessed,-0.9814073160157192,71.23638787848444,3,1,2,0
1.0,Unauthorized access attempt,0.3643915537298499,30.44140003806875,4,0,2,0
3.0,Service stopped,-0.1408767099742995,80.90776021843092,5,0,2,0
0.0,User login successful,-0.1575290229996386,66.08400771876497,1,1,2,0
1.0,Unauthorized access attempt,-0.6053882761147253,11.509349232914396,4,0,2,0
,Service stopped,0.8077960374548705,74.32839635034168,0,0,2,0
3.0,User login failed,0.9996329979539792,10.635423518560154,5,1,2,0
3.0,Service stopped,-0.7273808850051167,34.54208123251625,0,0,2,0
1.0,Service stopped,0.7160560195694168,26.997259851814192,3,0,2,0
0.0,User login successful,0.6245531584709652,4.361592267247241,1,0,2,0
0.0,Service started,-0.9261066931624256,34.08355759866638,5,0,2,0
2.0,User login successful,0.8779728550784758,47.05979225910139,2,0,2,0
1.0,Unauthorized access attempt,-0.1607099333808213,22.557940640147127,0,1,2,0
,Service started,-0.3291995303642405,22.592310480114246,1,1,2,0
0.0,Configuration change detected,0.0315195713486804,7.955620326547583,5,1,2,0
1.0,Unauthorized access attempt,-0.3521928577172759,78.60260809306433,0,0,2,0
2.0,Service started,0.9780107331403888,23.03482590946592,5,1,2,0
3.0,User login failed,-0.81876304342468,22.70779216266112,0,1,2,0
,Service started,-0.3318617455467205,36.13341918573738,4,1,2,0
2.0,Service started,0.1826893533543303,3.2818931245467238,0,1,2,0
,File accessed,0.9276751893461784,28.732366896710065,2,1,2,0
1.0,Service stopped,-0.4413698220713495,92.32096144608026,5,1,2,0
3.0,User login failed,-0.8800781035932852,80.13795275415684,5,1,2,0
0.0,Unauthorized access attempt,-0.3551680751952231,60.77150155756375,4,1,2,0
,Configuration change detected,0.1738178281637294,93.95006181729592,0,1,2,0
0.0,Configuration change detected,-0.6680239354436637,86.99903612219973,1,1,2,0
0.0,User login successful,-0.7568773081368223,18.062473541806327,2,1,2,0
2.0,Service started,-0.7932744775735003,61.7530820322582,1,1,2,0
3.0,Unauthorized access attempt,-0.7804261411576856,61.70501609585713,2,0,2,0
2.0,File accessed,-0.9696494766890134,32.84302215074008,5,1,2,0
3.0,Configuration change detected,-0.7033205614401243,64.70421879070358,1,1,2,0
,File accessed,-0.4799104634800128,78.1521028428469,1,0,2,0
3.0,User login successful,0.8086940537992497,43.92880496483964,5,0,2,0
1.0,Configuration change detected,-0.7693396206543759,55.53739128568116,2,1,2,0
,Service started,0.9820138450925606,95.10297681361187,1,1,2,0
3.0,Configuration change detected,-0.5935200949581536,88.41403120197715,2,0,2,0
,Service stopped,-0.5218464479403442,56.1481411232504,0,1,2,0
3.0,Service stopped,0.8318263761881981,88.84046222075487,3,1,2,0
3.0,File accessed,-0.0435416689818739,86.516250268453,3,1,2,0
2.0,Unauthorized access attempt,-0.8811087647573346,60.29787173584865,4,0,2,0
3.0,User login failed,0.6096352989023914,45.34354923916137,5,0,2,0
0.0,File accessed,0.8932906627301422,24.185099772462326,2,0,2,0
0.0,User login failed,-0.3679561326155067,38.239307777841375,1,1,2,0
3.0,Service stopped,-0.5880867732819521,7.145739973019991,0,1,2,0
0.0,Service started,-0.9527676256711012,57.592082209189016,2,1,2,0
0.0,Configuration change detected,-0.5162645191373829,84.92299305721855,5,0,2,0
,User login successful,0.8533246114717872,30.365754451326943,1,1,2,0
1.0,Service stopped,-0.349492026301718,35.948923495962745,3,0,2,0
3.0,Service stopped,0.8690233582031821,37.87341551570484,1,0,2,0
0.0,Service started,-0.9443086954134934,15.204160027379208,5,0,2,0
3.0,Configuration change detected,0.8996808211673419,22.724724582619363,1,1,2,0
2.0,Configuration change detected,0.7563466884092938,14.046886124423349,3,0,3,0
3.0,Service started,-0.1496437084175923,19.36284009768177,4,0,3,0
1.0,User login successful,0.9654213824522256,98.069968156135,5,1,3,0
0.0,Unauthorized access attempt,0.5764964534405421,51.04412944866957,2,1,3,0
3.0,Service stopped,-0.0272839049024204,55.20578981159366,1,1,3,0
3.0,File accessed,0.6636631489229003,57.7996583672392,3,1,3,0
1.0,User login failed,0.1573711234937189,29.58412387754906,3,0,3,0
2.0,Unauthorized access attempt,0.6185009867225728,34.238324708370946,2,0,3,0
3.0,Unauthorized access attempt,0.8685077853449055,42.14020571446456,0,1,3,0
0.0,Configuration change detected,0.8010597394427379,65.87389729867812,3,1,3,0
0.0,User login failed,0.6971493119377357,60.99510809635733,3,0,3,0
,User login successful,0.1562661829143317,47.37768283118543,1,0,3,0
2.0,User login successful,-0.6840691216377155,79.47508816907772,5,1,3,0
3.0,User login successful,-0.1313087598343025,32.69103539529097,5,1,3,0
0.0,Service started,0.336839904400334,76.05759598005388,2,0,3,0
3.0,Service started,-0.258715493732834,62.27907318194586,5,0,3,0
1.0,Configuration change detected,0.7793029237428715,24.318556288068955,4,1,3,0
1.0,Service started,0.1244509739014065,66.71048752272077,3,0,3,0
2.0,File accessed,-0.1874337803692547,29.64916454999679,5,1,3,0
2.0,File accessed,-0.0072051801267982,96.97259995231325,3,0,3,0
,File accessed,0.6309540200267711,93.10960963425109,1,1,3,0
0.0,Service started,0.0004852878131531,38.62056777882293,1,0,3,0
3.0,Service stopped,0.356598085716856,33.42985729540192,3,1,3,0
0.0,User login failed,0.5677848346436514,2.9494641433925644,1,1,3,0
2.0,Unauthorized access attempt,-0.033701227031692,24.00679175341251,4,1,3,0
1.0,Unauthorized access attempt,-0.8313795129227939,40.633133675218126,4,1,3,0
,Unauthorized access attempt,-0.1944681800040109,69.72704904458872,1,1,3,0
1.0,Service stopped,0.2596991711297354,61.5964929346262,0,0,3,0
,User login successful,-0.4514039417135256,53.29406564193367,0,0,3,0
,Service started,0.0981793214117496,97.48422183726672,1,1,3,0
1.0,User login successful,0.8100761804154799,92.86094275122797,2,1,3,0
1.0,Service started,-0.1242522569058617,39.151725490808325,1,1,3,0
,Unauthorized access attempt,0.5283928474947213,66.50495626384452,1,0,3,0
1.0,Configuration change detected,0.8460364633593849,97.01908133762734,3,1,3,0
,File accessed,-0.5657077021927448,4.69515296277802,5,0,3,0
,User login failed,0.3827860855096092,41.26863272634914,4,1,3,0
2.0,Configuration change detected,-0.0089734094799907,28.39198257366625,4,1,3,0
3.0,Service started,0.4647783577561646,53.63460321484528,4,1,3,0
2.0,Service stopped,-0.5790450398458249,33.5747642005628,0,1,3,0
3.0,File accessed,-0.9788394231188726,66.46640275265707,1,0,3,0
0.0,User login failed,0.9644906363850736,43.934608422586656,0,1,3,0
2.0,Unauthorized access attempt,-0.1931167594221174,19.023316378735988,5,0,3,0
0.0,User login successful,0.5163134531585811,14.502257133696745,5,1,3,0
3.0,User login successful,-0.1692485667781125,9.23132990697705,2,0,3,0
2.0,User login failed,0.9079422665762148,12.140499787485297,0,1,3,0
2.0,Configuration change detected,0.0094942141839931,40.33073963392946,2,1,3,0
,File accessed,-0.991175679793769,28.87883775004412,4,1,3,0
2.0,Service started,-0.2272669929364745,99.00426475219876,5,0,3,0
2.0,Service stopped,0.8646188631698324,87.24884741951787,3,1,3,0
2.0,Unauthorized access attempt,-0.4670573017648445,71.89847761764315,0,1,3,0
1.0,Service stopped,-0.0716044245755509,59.26752653288686,0,0,3,0
3.0,Service started,0.5885748527547969,99.8313200676108,3,1,3,0
1.0,User login failed,-0.500147543422804,55.06826274639642,5,1,3,0
1.0,Unauthorized access attempt,-0.9592567804360032,90.89584045066212,1,1,3,0
2.0,File accessed,0.7122165049515496,35.54340645550208,3,1,3,0
0.0,Unauthorized access attempt,-0.1013624235987897,61.24542681243125,2,1,3,0
0.0,Service started,-0.9777438667906362,65.4753800924898,1,1,3,0
2.0,Unauthorized access attempt,-0.9572902202435776,14.494864401194,4,1,3,0
,Configuration change detected,0.2095759898629736,9.4385847011238,4,1,3,0
3.0,Configuration change detected,0.1068609826136421,17.872427141912873,2,1,3,0
3.0,File accessed,-0.2204402161075487,52.91874934135622,1,0,4,0
0.0,Configuration change detected,-0.895897798515342,38.92644559914618,3,1,4,0
,User login successful,-0.9710695727278036,98.87757817949478,1,0,4,0
0.0,File accessed,-0.4876467542255365,91.93940013362192,5,0,4,0
,File accessed,-0.3871300299884723,96.10703843723756,2,1,4,0
0.0,File accessed,0.285773456552433,15.703936774775146,5,1,4,0
0.0,User login failed,0.3157359260509693,28.31936112759722,0,0,4,0
1.0,Unauthorized access attempt,0.9709300651004596,97.3711137533408,2,0,4,0
,User login successful,-0.3146614183250833,35.10717342344616,2,0,4,0
0.0,User login successful,-0.9588310902921948,76.02366657353257,5,0,4,0
0.0,Service stopped,-0.6282629232733483,86.44253727813589,1,1,4,0
1.0,Unauthorized access attempt,-0.3775897402110961,87.18807583242386,2,1,4,0
1.0,User login failed,0.8800260981158268,59.89335517323976,2,1,4,0
,Configuration change detected,-0.8359073005543964,70.54369940914718,3,0,4,0
,Unauthorized access attempt,0.6660943265665602,99.66870288536356,4,1,4,0
3.0,Configuration change detected,0.8088239684642056,12.474075485035032,0,1,4,0
,User login successful,0.4449528839806884,86.3510569798485,1,0,4,0
0.0,Configuration change detected,-0.8560245776026219,63.983754664134814,3,0,4,0
3.0,File accessed,0.7150457856254866,49.550273341468206,3,0,4,0
1.0,Unauthorized access attempt,0.1137775841218928,67.67324532484716,4,0,4,0
3.0,Service stopped,-0.979421368192838,85.11478057693392,1,0,4,0
0.0,User login successful,0.2520436542208704,35.78573284787945,3,0,4,0
0.0,Service stopped,-0.8237195172981453,99.71246213980002,3,1,4,0
,Unauthorized access attempt,0.4744345866310402,73.00950964731317,0,0,4,0
,Unauthorized access attempt,-0.2099399652371822,86.84205084751001,0,0,4,0
2.0,Service started,-0.9665128076134872,16.40289293632845,5,1,4,0
,File accessed,0.97893462309205,88.00361881108533,1,1,4,0
3.0,Unauthorized access attempt,-0.4859299334910518,20.91317853122673,1,0,4,0
,Service started,0.2681651297413814,88.89293050055765,4,0,4,0
2.0,User login failed,-0.4015817164033526,53.91914100907357,0,0,4,0
2.0,User login failed,0.0094030039320647,37.84574726981568,5,1,4,0
1.0,User login failed,0.4269073012423279,38.85121210606465,4,0,4,0
,User login successful,-0.320597896848402,27.129158075184037,4,1,4,0
3.0,User login failed,0.2563206728679463,1.4118521624835836,3,1,4,0
1.0,User login successful,-0.8661498002970083,59.67278248182815,1,0,4,0
0.0,File accessed,0.0891228799573882,78.14389973865927,4,0,4,0
0.0,Unauthorized access attempt,-0.8590032543635429,49.90793830138172,3,1,4,0
,Configuration change detected,-0.0137482830690678,9.551067797635527,1,1,4,0
1.0,Unauthorized access attempt,0.9072851335443048,22.43770795776121,3,1,4,0
0.0,File accessed,0.6803349002250838,11.892483854734584,5,1,4,0
2.0,Service stopped,-0.2562502435098912,2.526388502931214,1,0,4,0
0.0,Unauthorized access attempt,-0.6213051036678661,21.602313959764373,2,1,4,0
1.0,Service stopped,-0.3326750904679973,37.13675061695442,3,1,4,0
1.0,File accessed,0.0585024964890428,98.60094948160548,1,1,4,0
,Unauthorized access attempt,0.4628738155911056,65.78568578076626,3,1,4,0
2.0,Configuration change detected,-0.1053337652029779,43.45521899661143,3,1,4,0
,Unauthorized access attempt,0.3040958616126044,44.998609857105215,2,1,4,0
3.0,User login successful,0.5784706978647347,34.606044908497374,1,1,4,0
0.0,User login failed,0.5154224088528463,87.6469206521617,1,0,4,0
,Service started,-0.270755190396057,76.56809158943152,4,1,4,0
,User login successful,-0.3605043358602935,38.84912336399005,3,0,4,0
,Service stopped,-0.365722682925401,53.40311852979666,2,0,4,0
0.0,Service started,0.3238977257862041,22.18342363145791,0,1,4,0
0.0,Service started,-0.6055264089349217,79.10739018724635,4,0,4,0
1.0,File accessed,-0.4329664237673609,40.6442132289667,2,1,4,0
3.0,Unauthorized access attempt,-0.6348412177777196,2.724516086344806,0,0,4,0
2.0,Configuration change detected,0.7334309772264174,74.63249849055798,3,0,4,0
1.0,Service stopped,0.8432113930675147,85.1343656545973,4,1,4,0
1.0,Unauthorized access attempt,-0.8237617384509521,13.489285146189808,0,0,4,0
1.0,File accessed,-0.2299392745689923,10.17717479534341,2,1,4,0
2.0,Configuration change detected,0.359504447422752,36.949794320360674,2,0,5,0
3.0,Service started,-0.0470669948074748,2.168387672849458,5,0,5,0
3.0,Configuration change detected,-0.4905142210692239,55.792873157099095,2,1,5,0
0.0,User login successful,0.7490644625497016,21.329501101234023,1,1,5,0
0.0,User login successful,-0.9083111116850036,95.16635111377153,0,1,5,0
2.0,Service stopped,0.2804591104759686,52.90119473126772,5,0,5,0
3.0,Service stopped,0.354842209459131,60.12584425561064,2,1,5,0
,Service stopped,0.0375918532437431,3.5294062243746005,3,1,5,0
,Service stopped,0.0363120777105219,58.74541261173477,1,1,5,0
1.0,Unauthorized access attempt,0.8798881282072055,52.00400379398686,2,1,5,0
,Unauthorized access attempt,-0.7575341716485513,12.13853797743574,4,0,5,0
,User login failed,-0.3453801448654221,43.60786167581431,1,1,5,0
,File accessed,0.4448774845364345,28.030211994411506,1,0,5,0
0.0,Configuration change detected,-0.662737361528444,79.10592556920624,4,1,5,0
3.0,Service stopped,0.8899569701838503,31.859478642284145,3,1,5,0
3.0,Service started,-0.9199418702671917,66.6526274787129,4,1,5,0
,Unauthorized access attempt,-0.0456019159652163,92.1391352891627,5,0,5,0
,User login failed,-0.1718909408159108,99.99606708872544,0,0,5,0
0.0,Unauthorized access attempt,0.68469843577905,99.11379342420754,1,1,5,0
1.0,Configuration change detected,-0.0819201398571114,53.98025111292095,2,1,5,0
3.0,User login failed,0.1283088094988358,35.12851215787295,0,0,5,0
0.0,User login successful,0.4426630393918125,62.71086602645192,5,1,5,0
,User login successful,0.138004682468094,18.85184403724328,2,1,5,0
1.0,Unauthorized access attempt,0.961275573126493,62.82612859871962,0,0,5,0
1.0,Unauthorized access attempt,-0.684794882717281,85.80627544407716,0,1,5,0
3.0,Configuration change detected,0.825850713209932,90.35025123246616,5,1,5,0
3.0,Configuration change detected,0.3135760166562791,83.20974844923353,3,1,5,0
1.0,Unauthorized access attempt,-0.3546074344421741,49.409635449347306,0,1,5,0
3.0,Service started,0.3947092938639105,4.163406608769083,5,1,5,0
3.0,Service stopped,0.112762920225246,63.14226063100586,1,0,5,0
1.0,Service stopped,0.6727725306337224,30.482743911535746,5,0,5,0
2.0,User login successful,0.9378330020815482,18.169144373130365,2,1,5,0
3.0,Service started,-0.0772059597712513,61.41439131646127,4,1,5,0
0.0,User login failed,0.3164321970761843,66.97587542738096,0,1,5,0
3.0,Service stopped,-0.2062033938889185,40.34286320271957,4,0,5,0
3.0,Unauthorized access attempt,-0.4215750273339869,83.60731826466932,1,0,5,0
,Service started,0.3890303275810463,59.10276709850141,4,0,5,0
2.0,User login successful,-0.023417674069837,99.15337117342575,5,0,5,0
,User login successful,0.7142047849196016,25.754969591001675,2,1,5,0
0.0,Service stopped,0.6278641386921837,45.67337800608347,4,0,5,0
2.0,Unauthorized access attempt,-0.9853174432728168,93.2240788609868,1,1,5,0
,File accessed,-0.3323490245781679,18.67585606721589,0,1,5,0
2.0,File accessed,0.6641921762152319,9.615960010016432,0,0,5,0
2.0,Service stopped,0.6088450605690359,1.3989354792234223,3,0,5,0
3.0,File accessed,-0.2163326949915345,53.14975309515961,0,0,5,0
1.0,Unauthorized access attempt,-0.6011013977331723,12.014107351722416,4,0,5,0
,User login successful,-0.927696810667761,29.351871955430106,5,1,5,0
,Service stopped,0.0152069848970881,93.13231901852345,0,0,5,0
2.0,Configuration change detected,0.1128953402490733,7.146886547264142,2,0,5,0
3.0,User login failed,0.0736462114375036,26.37693937330856,4,1,5,0
1.0,File accessed,-0.6188732473170016,24.26597349676515,2,0,5,0
1.0,Unauthorized access attempt,-0.6282507516123741,33.72064779488981,3,0,5,0
,Service started,-0.0841446587728607,60.76543965506217,1,0,5,0
0.0,Unauthorized access attempt,0.7547552523952115,12.70770199782594,0,1,5,0
3.0,Service started,0.5122039401738607,29.77905260347835,0,1,5,0
,User login failed,-0.5467517543833651,97.2273485228192,5,1,5,0
,File accessed,0.271977967373511,91.23660396969,2,0,5,0
1.0,Service stopped,-0.3645247185964071,41.6838165955018,2,1,5,0
0.0,User login failed,-0.4889317133802764,6.316865038863804,5,1,5,0
3.0,Service stopped,0.3745557070789769,81.6932977390255,0,0,5,0
3.0,Service started,-0.3472087491849893,37.32334221786496,3,0,6,0
2.0,File accessed,0.2730704026160391,25.65624454309985,4,0,6,0
0.0,Service started,-0.9852811053422086,82.79240059127983,0,0,6,0
3.0,File accessed,0.6626016480917483,21.924159652790436,1,1,6,0
1.0,File accessed,-0.5359353018065631,58.044865023525205,5,0,6,0
2.0,User login successful,0.7915581944149916,38.64438629019352,5,0,6,0
0.0,Service started,0.8711356969193338,69.89556580887091,3,1,6,0
2.0,Service started,-0.2158408285512871,24.67202911874072,0,1,6,0
1.0,Unauthorized access attempt,0.4715523538007731,80.84156500153142,5,0,6,0
2.0,File accessed,0.3520121773507787,4.893247033461352,5,0,6,0
3.0,File accessed,-0.1982943014975111,12.318463347209915,2,1,6,0
0.0,Service started,0.2118439034097425,75.25808414310458,0,1,6,0
,Service stopped,-0.0486048415215611,25.23637727868224,4,1,6,0
,File accessed,-0.8855965903629048,3.453655125723369,0,1,6,0
,User login successful,0.0064752832195604,36.37313128249348,5,1,6,0
,Service stopped,-0.2607156293730752,98.10762426000156,0,0,6,0
2.0,Unauthorized access attempt,-0.3408505935061399,83.71216457536045,3,1,6,0
,Unauthorized access attempt,-0.4685547419917826,16.699100044429592,5,1,6,0
2.0,Service started,0.6420236667383628,26.208559853435037,5,0,6,0
1.0,Service stopped,-0.1838048425195311,7.1663303574854895,5,1,6,0
0.0,File accessed,-0.076926363842064,22.145998709023758,3,0,6,0
2.0,Service started,0.0188539789170536,91.74558987851869,1,1,6,0
2.0,User login successful,-0.9871736680489158,24.10745014420556,5,0,6,0
,User login failed,-0.2997836642792661,93.45748164125838,0,1,6,0
2.0,Unauthorized access attempt,-0.585106115484407,32.71169004410221,1,1,6,0
2.0,User login failed,-0.1453523112830583,48.2987337850723,4,1,6,0
2.0,Configuration change detected,0.9257086528804688,45.83996861416978,1,1,6,0
2.0,Service stopped,-0.3573090772975429,22.430435223520583,2,0,6,0
0.0,Service started,-0.5684454665331449,78.31684416865323,3,1,6,0
3.0,File accessed,-0.1158094997627581,70.51205103585632,2,1,6,0
1.0,Service stopped,0.3008775536657795,66.0004974039868,2,1,6,0
3.0,Configuration change detected,-0.6139447126923576,28.99901102288604,0,0,6,0
2.0,User login failed,0.7511646816227207,5.902134389264614,2,1,6,0
3.0,File accessed,0.4086779761379304,9.15087209181132,4,1,6,0
1.0,Unauthorized access attempt,0.3551389680906327,59.78327111562749,3,0,6,0
,User login successful,-0.4661288463390161,87.32432308428002,0,0,6,0
3.0,Configuration change detected,0.0729327214141624,96.3464073170486,5,1,6,0
3.0,Service started,-0.8519782722885556,25.01262311719337,0,1,6,0
1.0,Unauthorized access attempt,-0.687528886355705,54.84482130464249,4,1,6,0
,Configuration change detected,-0.4485792404574136,25.463841272629743,1,1,6,0
2.0,Service started,0.889306640424979,36.3116754472899,2,0,6,0
2.0,User login successful,-0.3755538494424162,22.414557586338507,5,0,6,0
3.0,File accessed,0.9117279380962804,67.39169525572838,5,1,6,0
,Unauthorized access attempt,-0.5346423260818705,5.163119138464268,1,0,6,0
2.0,Unauthorized access attempt,0.1886698254270451,2.856581119029286,4,1,6,0
1.0,Service stopped,-0.8449950614641104,66.23330021916487,1,0,6,0
0.0,User login successful,-0.7483606215741636,8.936884928951091,2,0,6,0
0.0,Service started,-0.6845953503745608,93.21328542120165,0,1,6,0
0.0,Unauthorized access attempt,-0.3421169775880943,48.76992862993795,1,0,6,0
2.0,User login failed,0.9927810123708768,15.711231810142364,1,1,6,0
1.0,Service stopped,-0.1050449416075989,80.9907002848956,5,0,6,0
2.0,Configuration change detected,0.8814730138208506,17.642820702942085,5,0,6,0
0.0,Service stopped,-0.8021292550228423,57.93159855951221,0,1,6,0
,User login failed,-0.0082830935275062,65.82619202402462,0,1,6,0
0.0,User login failed,0.5577250881652331,50.268574026737454,1,0,6,0
,File accessed,-0.1824952488889615,47.85029265711472,3,1,6,0
,Unauthorized access attempt,0.6473762494624002,22.52234633681123,1,1,6,0
0.0,Unauthorized access attempt,-0.4905934125845319,16.123389041310944,0,1,6,0
2.0,Configuration change detected,-0.3772465333047905,59.16538484213266,3,1,6,0
,User login failed,0.5318958342617586,57.75158579809309,4,1,6,0
0.0,User login successful,0.6602027315133812,15.898474461047098,3,0,7,0
0.0,File accessed,0.5136210541857851,44.69941544222202,3,1,7,0
0.0,User login successful,-0.3266266410538616,97.64572466510404,5,1,7,0
3.0,Unauthorized access attempt,-0.9330756615041672,68.67918087403652,0,1,7,0
,Configuration change detected,0.0547962402767501,8.464991530467378,1,0,7,0
0.0,Service stopped,-0.8033849994434665,65.62545563419813,0,1,7,0
2.0,File accessed,-0.0769210455517144,47.01114991686017,1,1,7,0
1.0,File accessed,-0.0389805398143061,29.95893654679717,0,0,7,0
3.0,User login failed,-0.8683075983989024,73.94317894535223,1,0,7,0
3.0,Service started,0.8258513049807248,79.82453133288942,3,0,7,0
3.0,User login successful,0.4012402269102939,9.099493799418628,2,1,7,0
0.0,Unauthorized access attempt,0.2093054332979014,89.98025834686224,0,0,7,0
2.0,Configuration change detected,0.7660939890261582,17.02001161196649,0,0,7,0
2.0,User login failed,-0.6106592739682164,29.080988129385663,5,1,7,0
2.0,User login failed,0.9985704519115626,31.05984106976727,5,1,7,0
,Configuration change detected,0.5503261942383495,66.58160188374497,3,1,7,0
3.0,Configuration change detected,0.8454261629910793,39.78963945832371,4,0,7,0
0.0,File accessed,0.0421192430251826,84.79665287910572,3,0,7,0
,Service stopped,-0.5971151741214795,70.47556230107274,0,0,7,0
,Configuration change detected,0.6942044149548587,67.38154709102778,4,1,7,0
0.0,User login failed,-0.1804318158157156,86.10217191825997,5,1,7,0
,Configuration change detected,-0.1254034901017149,50.34317001209261,1,0,7,0
1.0,User login successful,-0.6449417811369835,20.791912614143875,1,0,7,0
2.0,File accessed,-0.8594620944212765,66.62311802516112,5,1,7,0
,Service stopped,0.2077208735056175,67.05271205705202,1,1,7,0
,Configuration change detected,-0.4598923327917734,45.07516575244731,5,0,7,0
3.0,Configuration change detected,-0.4820531795578775,48.028279726891775,3,0,7,0
1.0,User login failed,-0.8897468094656977,13.157902612986142,4,0,7,0
2.0,User login successful,-0.1552472611350106,34.417589692225015,5,1,7,0
1.0,Unauthorized access attempt,0.6308944324643742,99.36686500228905,3,0,7,0
3.0,File accessed,0.4453848459441971,79.91235603217527,0,1,7,0
3.0,User login failed,0.4936615730760689,32.19468744211086,2,1,7,0
1.0,Unauthorized access attempt,-0.9109863537949674,20.362118481729336,5,0,7,0
2.0,User login failed,0.3059741370234388,28.68152861679243,2,0,7,0
2.0,File accessed,-0.7801949530828725,26.845004667739587,3,0,7,0
2.0,Configuration change detected,-0.4837087403560483,75.87484191785836,0,0,7,0
1.0,File accessed,-0.6318993027606281,82.08062902773815,4,1,7,0
0.0,Service started,-0.9539820816475468,16.057169675418976,2,0,7,0
1.0,Service started,-0.8940512196495702,31.36432373175679,5,0,7,0
1.0,User login successful,-0.0974652110860674,35.349836816050754,1,1,7,0
1.0,User login successful,0.1820857629157515,25.172878895435822,0,1,7,0
,User login failed,-0.1073674955857586,97.42573766023412,0,1,7,0
1.0,Service started,0.4053017665367364,95.9696085524576,2,0,7,0
,File accessed,0.9126050233046256,24.147734137469374,0,1,7,0
,Service started,0.0330784487713073,46.43352113569312,1,0,7,0
2.0,User login successful,-0.251454859220761,98.94448564462176,0,0,7,0
1.0,User login successful,0.8637720529493571,6.323506043881512,0,1,7,0
0.0,Service stopped,-0.361019145876879,19.84323926337275,1,0,7,0
2.0,Configuration change detected,0.6188888390250618,69.45389608926446,3,0,7,0
3.0,Service stopped,0.0972682984055446,21.24104723990469,5,1,7,0
2.0,User login failed,-0.4626372298270063,80.42901783023407,2,0,7,0
1.0,Configuration change detected,0.426349811344344,2.902344889161544,5,0,7,0
3.0,User login successful,0.5705816697605401,72.7460833011436,0,1,7,0
3.0,User login successful,0.8443533281368611,2.5575906744712102,2,0,7,0
2.0,User login successful,0.4320126314456487,21.82134880204807,4,1,7,0
,Service stopped,-0.4253538277312068,54.76224820533917,5,1,7,0
0.0,User login successful,-0.5309491938115238,45.10773603079611,1,1,7,0
0.0,Unauthorized access attempt,-0.0740561484723738,7.517439093990903,5,0,7,0
2.0,Service started,0.992654221938368,2.650553369996789,5,0,7,0
0.0,User login failed,-0.815673179684306,25.98556469206501,1,1,7,0
1.0,Service stopped,-0.3515060425738423,25.1914557802301,1,0,8,0
2.0,File accessed,0.5911492672375747,49.95582735194842,3,0,8,0
0.0,User login failed,-0.409364133689265,37.52887446077767,2,0,8,0
0.0,File accessed,0.4918229088703301,79.84216343668155,3,0,8,0
3.0,Service stopped,-0.6257983207502844,91.66961142882866,1,1,8,0
3.0,Configuration change detected,0.681823656453179,17.40901093938505,4,1,8,0
1.0,Service stopped,-0.9091232739313324,24.253908001881108,0,1,8,0
2.0,File accessed,-0.2588661240915841,18.821273475486723,2,1,8,0
1.0,File accessed,-0.5091821343163683,19.660362979077732,3,1,8,0
0.0,Unauthorized access attempt,0.3233791945238364,53.18408357655449,2,1,8,0
2.0,Service started,0.29452315965243,10.505819835964328,2,1,8,0
3.0,File accessed,-0.7517356930992585,65.50326601204982,3,1,8,0
0.0,Unauthorized access attempt,0.3292595409566585,97.7327765615757,1,1,8,0
3.0,Service stopped,0.7532242378263903,18.73086584387711,4,0,8,0
3.0,File accessed,0.3125912157903645,59.880047024746766,3,1,8,0
2.0,Configuration change detected,0.720693688389709,33.55750899137727,5,1,8,0
1.0,Service stopped,-0.0425192350591225,74.43663553600403,5,0,8,0
,Configuration change detected,0.680141799624423,62.385673073683726,2,0,8,0
0.0,Service stopped,0.5154842654162357,45.54905153795231,3,1,8,0
,Configuration change detected,-0.1351295628541962,89.47669213797991,2,1,8,0
1.0,File accessed,-0.4031931446387964,39.28886014888017,5,1,8,0
,Service stopped,0.045476147842919,14.801384462864917,0,1,8,0
3.0,User login failed,0.4072108914196193,48.15986335396628,5,0,8,0
1.0,Unauthorized access attempt,-0.4649678909786421,48.84736144003465,1,1,8,0
1.0,Service started,-0.7170138340810697,73.60413548514857,5,0,8,0
0.0,Service stopped,0.1166971191320602,76.84697800186233,0,0,8,0
,Service started,0.037135928826351,44.64759880536279,4,1,8,0
0.0,Unauthorized access attempt,0.4416822117095524,52.80521280266624,2,1,8,0
1.0,User login failed,0.0275326568272213,19.370810660973905,3,1,8,0
0.0,User login failed,-0.7334306895005251,76.3459781887038,3,1,8,0
,User login successful,0.0080230664512208,78.46519177836618,0,1,8,0
2.0,Unauthorized access attempt,0.6312331494980461,51.00248465976736,3,0,8,0
2.0,Service stopped,-0.3150475056604187,78.69784226346829,0,0,8,0
0.0,User login successful,-0.4709658654777235,31.6410483444236,4,1,8,0
1.0,Service started,0.1385048270111961,48.57308921478327,1,1,8,0
2.0,Service started,0.3356880647216014,48.91505431305698,0,0,8,0
0.0,File accessed,0.0112724254196163,79.46759724307815,4,1,8,0
,Service started,-0.8391373016926889,73.53023948336435,3,1,8,0
3.0,User login failed,-0.2072137479956826,80.49480764791726,2,1,8,0
2.0,User login successful,-0.3553139488593098,50.07568832281066,0,1,8,0
3.0,User login failed,-0.8698578113417994,46.08633748752842,5,1,8,0
1.0,User login failed,0.5694473589001314,24.50247894780273,4,1,8,0
2.0,File accessed,0.4483952959142043,80.79909976368684,5,1,8,0
3.0,Configuration change detected,-0.2417527238783896,49.11968472788576,4,1,8,0
,User login successful,0.7620946451854931,27.824141051874893,0,1,8,0
0.0,Service started,-0.4505254199933168,37.34022832771949,4,1,8,0
,Unauthorized access attempt,-0.6385158412574374,3.409528884573224,5,0,8,0
1.0,Service stopped,0.9033798510196394,77.23866469934353,3,0,8,0
2.0,User login successful,0.4792003936657787,59.81399100711965,4,0,8,0
2.0,File accessed,0.3804773597106661,66.96176868666156,0,0,8,0
,User login successful,0.7167826155194268,47.807189058899866,3,1,8,0
1.0,Configuration change detected,0.2635623019193387,36.707492340074175,5,0,8,0
1.0,Service stopped,-0.7872457002133411,65.27088426646486,3,1,8,0
1.0,User login failed,0.4687485513317604,72.45546575284045,2,0,8,0
1.0,Unauthorized access attempt,-0.437602479754041,96.0827838653824,5,0,8,0
0.0,User login successful,0.8269090408581374,4.480099359895577,3,0,8,0
3.0,User login successful,-0.4767132090567141,6.167064263442345,0,1,8,0
1.0,User login successful,-0.9602482395886258,43.75847067067704,1,0,8,0
2.0,User login failed,0.7192822246631376,92.04778920762269,2,1,8,0
1.0,Unauthorized access attempt,0.0422798657132774,67.92823662021885,4,0,8,0
2.0,Service started,0.0637525402999521,28.35203531884961,2,1,9,0
0.0,User login failed,-0.263808480025353,23.160095245047167,4,1,9,0
2.0,Unauthorized access attempt,0.0972252807999256,20.749393146709444,2,1,9,0
,Configuration change detected,-0.7447245566813725,92.62439613068064,4,1,9,0
,Configuration change detected,-0.92745114211232,97.72657657813822,1,1,9,0
2.0,User login failed,0.1690734676881455,6.5149097920221966,5,0,9,0
1.0,Service started,0.0315811951350779,19.399803694224037,0,1,9,0
,Service stopped,-0.2996295531102295,9.364632201665472,4,1,9,0
2.0,User login failed,0.093101139460723,57.238614548949656,5,0,9,0
,User login successful,0.5682952207194805,15.277472170458804,0,0,9,0
1.0,Service started,0.7610441224759148,41.62324930465679,4,1,9,0
1.0,File accessed,0.0637391300929859,97.66175447585796,5,0,9,0
2.0,Service stopped,-0.1328918111931654,64.41283837102674,2,1,9,0
0.0,File accessed,-0.2878771847032819,9.524609450549551,5,1,9,0
3.0,User login failed,0.1793118414901244,39.52043803386996,5,1,9,0
1.0,Service stopped,0.4604957946860768,89.92657238460816,5,1,9,0
0.0,Service stopped,-0.7079490284020447,13.504286521526568,4,1,9,0
3.0,Service started,-0.0266076841301801,19.019723042835416,4,1,9,0
1.0,User login successful,0.8132524988128105,10.349879673414057,3,1,9,0
2.0,User login failed,-0.8383486131205831,51.90083780524052,1,1,9,0
3.0,Service started,-0.2142368597995432,97.96189294409776,0,0,9,0
3.0,Unauthorized access attempt,-0.410047212005596,25.198813812262834,1,1,9,0
1.0,Service stopped,-0.2159363113556702,44.251410667379375,1,0,9,0
2.0,Service started,0.7499442100835754,13.06389277160335,4,0,9,0
1.0,File accessed,-0.9421005388071966,2.155702432046484,1,1,9,0
,User login failed,0.7932319927493092,13.77353506080818,2,0,9,0
,Service started,-0.7367633877200248,88.88659978029203,1,1,9,0
0.0,User login successful,0.8919456342473828,56.55480159758796,1,0,9,0
3.0,Service started,-0.838086944976238,82.86053872846634,3,1,9,0
1.0,Configuration change detected,-0.2574440195957024,27.151630821425574,1,1,9,0
2.0,User login successful,0.0207048227576205,89.33631133653238,1,0,9,0
1.0,Configuration change detected,0.8781138554419485,99.20082564709836,5,1,9,0
2.0,User login failed,0.3745203358761269,20.955169701449396,3,1,9,0
2.0,Unauthorized access attempt,-0.2093172598080608,35.73077781676682,5,1,9,0
1.0,Service stopped,-0.2050637105455222,72.72781038803842,1,0,9,0
2.0,User login failed,-0.2833884565939812,42.34307779743988,4,1,9,0
,Service stopped,-0.5324715518638661,21.079222307287075,5,0,9,0
,Configuration change detected,0.165113320371687,73.38702813055187,3,1,9,0
1.0,User login failed,-0.6944685815711074,18.019957854740177,0,1,9,0
3.0,Service started,-0.8247971456416143,38.936745455060354,3,1,9,0
1.0,Unauthorized access attempt,-0.4872716213630967,28.38177025728797,4,0,9,0
2.0,Service stopped,-0.0548554442217879,56.39170592499745,4,1,9,0
2.0,Configuration change detected,-0.8794254740242891,8.30246640211292,4,0,9,0
0.0,File accessed,0.4550051652788531,95.73937515082744,4,0,9,0
3.0,File accessed,0.1669008252359276,78.46882449405781,2,1,9,0
3.0,Service stopped,0.5593470992576026,18.17981292759331,2,1,9,0
1.0,Service started,0.6154706974732722,78.70626228451499,4,0,9,0
1.0,Configuration change detected,0.9728986869561382,25.984332145882355,4,0,9,0
3.0,File accessed,0.6013308131619857,60.95258317299721,4,1,9,0
,File accessed,-0.7414045835212273,61.77159536670055,3,1,9,0
3.0,Unauthorized access attempt,0.1237525420604834,58.70438064110658,2,1,9,0
0.0,User login successful,-0.9028435351944636,67.62675631201245,5,1,9,0
0.0,User login successful,-0.0786105801141345,10.688899341949044,2,0,9,0
1.0,Service started,0.5389612239872854,56.79781090685056,3,0,9,0
1.0,User login failed,0.356412410272511,7.98034393550788,1,1,9,0
2.0,User login successful,-0.2617451253875822,6.143852332103272,3,0,9,0
2.0,File accessed,0.2072254681732372,1.0179710296218865,2,1,9,0
3.0,Configuration change detected,0.0713108696029667,59.38658877475137,4,1,9,0
,Service stopped,0.2789409087172372,92.75806697244246,4,1,9,0
,Configuration change detected,0.1457727369083172,9.741434434846491,1,1,9,0
,File accessed,0.64647108017806,95.83189070774658,5,1,10,0
0.0,Service started,0.8266787327763092,80.05886077939829,5,1,10,0
,User login successful,-0.2729357393122684,81.90720886034552,3,0,10,0
3.0,File accessed,0.319018641766607,55.881329544095415,1,1,10,0
0.0,User login failed,-0.0646304333776814,73.6782645698999,0,1,10,0
2.0,Unauthorized access attempt,0.0565742585821515,89.5972832363157,3,0,10,0
1.0,User login successful,-0.559261109649348,54.441605881306266,5,0,10,0
0.0,File accessed,0.3919226425525193,5.7238792291137965,4,1,10,0
3.0,Service stopped,0.7756671496485545,22.648167968974647,1,1,10,0
,File accessed,0.3530873148641082,26.193779336375048,5,0,10,0
,User login successful,-0.8110661867933417,27.69401671264272,4,0,10,0
1.0,User login successful,-0.2742007359064975,59.58586176194668,4,1,10,0
1.0,File accessed,-0.1654850008268826,85.2681082732705,3,0,10,0
3.0,Configuration change detected,-0.7471008938131334,71.38776966999447,1,1,10,0
,User login failed,0.6307497299487446,31.00837096071885,3,0,10,0
1.0,Service started,0.8083698630208449,99.524800816545,2,1,10,0
,File accessed,-0.2905908281667089,45.20762141501845,3,1,10,0
0.0,User login failed,-0.6463205461459023,26.25220042529273,2,1,10,0
2.0,Service stopped,-0.9225957835762688,60.586156707135366,0,1,10,0
,Unauthorized access attempt,-0.6331151950101144,28.09374898229972,5,0,10,0
0.0,User login failed,-0.793440385329599,19.35002230417785,1,0,10,0
1.0,User login failed,0.0563187324498728,70.83048160119691,4,1,10,0
2.0,Service started,-0.3696588735658828,94.75472115962086,3,1,10,0
1.0,Configuration change detected,0.2240722713836682,60.997147079132674,1,0,10,0
2.0,Service stopped,0.232875369382618,70.09942036682959,5,0,10,0
1.0,Service stopped,-0.0126582381612363,47.549743185418926,2,0,10,0
,Unauthorized access attempt,-0.7730985289378769,39.60560792431654,5,1,10,0
2.0,Service started,-0.3985443844176075,4.655690573009806,5,1,10,0
3.0,Configuration change detected,0.3976751030455852,60.07518753209093,5,0,10,0
2.0,File accessed,-0.1988663742715544,87.12793309482201,0,0,10,0
1.0,Service stopped,0.7165225139547848,12.254361313440434,2,1,10,0
2.0,User login successful,0.7595032028835094,90.52246381379756,5,1,10,0
3.0,Service stopped,0.9656456692296832,64.62467849999139,0,0,10,0
,Unauthorized access attempt,-0.8207734830220752,24.69213513376874,4,1,10,0
,Service started,-0.0276776941494691,21.05629130382265,3,1,10,0
,Unauthorized access attempt,-0.3091574674679946,73.47615158579626,3,1,10,0
2.0,Service stopped,-0.8244365757050234,77.93833065628878,1,0,10,0
0.0,File accessed,0.1880982578195336,54.00458952824082,3,1,10,0
3.0,User login successful,-0.765560272008663,40.683559099079176,5,0,10,0
,Unauthorized access attempt,0.3142586602997099,80.42290816124412,5,1,10,0
3.0,File accessed,0.6481629551128003,24.43458698741271,1,1,10,0
1.0,User login successful,-0.330713284494512,97.49322814875042,5,0,10,0
0.0,Service stopped,-0.3208442969893665,17.370058170984244,5,0,10,0
1.0,Service started,0.7974857237042203,81.07953888024115,1,1,10,0
,Service started,0.695110151537931,82.8378776060333,2,0,10,0
2.0,User login failed,-0.2285069957721561,38.09321774110907,1,1,10,0
3.0,Unauthorized access attempt,0.982300990370968,11.396735328144208,4,0,10,0
,Service stopped,0.8990705220655146,42.04690366543986,1,0,10,0
0.0,Unauthorized access attempt,0.311877776046856,33.88998329673143,4,1,10,0
3.0,Unauthorized access attempt,0.6334830908331057,14.401176315046014,4,1,10,0
,Configuration change detected,-0.6987186983282441,92.29725200637264,0,1,10,0
0.0,File accessed,0.6853548030284857,17.66003488098787,5,1,10,0
1.0,Configuration change detected,0.0747867764966501,90.46163052572584,1,1,10,0
3.0,File accessed,-0.9924878670960549,20.07203111129336,1,0,10,0
3.0,User login successful,-0.5031174484118985,47.04241774357806,1,0,10,0
0.0,User login failed,0.8657391894490878,16.27107214142147,5,1,10,0
1.0,Service started,0.1643870754520413,67.62736116343179,0,1,10,0
,File accessed,-0.9362082706703472,21.39663911842966,1,0,10,0
0.0,User login successful,-0.8878554852255158,78.54669695324468,2,1,10,0
1.0,Service started,0.7812720890612939,19.548799814112535,5,1,10,0
2.0,Unauthorized access attempt,-0.2450178102084101,92.13037132673284,3,0,11,0
2.0,Unauthorized access attempt,-0.8752854904266927,41.85020840693094,2,0,11,0
1.0,Service started,-0.2519400468940873,58.37035036049864,5,0,11,0
2.0,User login failed,0.0414033843036354,66.89074575079012,2,0,11,0
0.0,Configuration change detected,-0.2521933410239818,53.18024345244894,2,1,11,0
,User login successful,-0.7952167289737841,89.63270436682289,0,1,11,0
3.0,Configuration change detected,-0.494002309853246,83.24946192369612,5,0,11,0
2.0,Service stopped,-0.2458116439203097,21.07477306558656,5,1,11,0
2.0,Unauthorized access attempt,-0.5402799736561152,79.86176638215848,0,0,11,0
,User login failed,-0.543552415571599,81.82572644405607,0,0,11,0
2.0,Configuration change detected,0.4799680902400132,28.30068518141145,4,1,11,0
3.0,User login failed,0.51075348159988,58.91197953964805,3,1,11,0
,Service stopped,0.8198493013699515,29.5499146605932,1,1,11,0
3.0,Service stopped,-0.9603424920368088,63.6184716698965,4,1,11,0
2.0,Configuration change detected,-0.2198558377725372,1.6366497382099705,3,1,11,0
1.0,Service started,0.9407332061486948,89.29641395571733,5,0,11,0
,User login successful,0.202132826984998,21.46957366241432,3,1,11,0
0.0,Configuration change detected,0.574014105861886,74.77730627999101,5,1,11,0
0.0,User login successful,-0.4461375256305957,74.71372153788275,4,1,11,0
1.0,Service started,-0.4100846261832072,33.54438874199799,5,1,11,0
0.0,File accessed,-0.3224922799555543,48.98607924599463,0,1,11,0
0.0,Unauthorized access attempt,0.567264961421668,44.41073574514268,3,0,11,0
2.0,User login failed,0.8289613443222288,34.79713797662046,5,0,11,0
0.0,User login failed,0.8795055458664773,3.827152337457503,4,1,11,0
2.0,Service started,-0.7604457776687024,27.202453989458085,4,1,11,0
0.0,Service started,0.4339900249878434,17.4229295806521,5,1,11,0
1.0,Service started,-0.3411855430017951,83.50463757036077,5,0,11,0
2.0,Service stopped,0.3019759840019955,96.7097587060734,3,0,11,0
3.0,User login failed,-0.4442829639865779,14.594771860614513,1,1,11,0
0.0,Service stopped,-0.6449972091513532,97.16059424753468,0,1,11,0
0.0,Service started,-0.6173960741539968,57.8836915290631,1,1,11,0
,Service stopped,-0.326936083072328,11.631639729480272,2,1,11,0
1.0,Configuration change detected,0.9752923493315776,35.0277040831756,4,0,11,0
0.0,Configuration change detected,0.9144428257844396,70.57253118731062,0,1,11,0
0.0,Service stopped,0.6239265555230209,39.48799124813219,3,1,11,0
2.0,User login failed,-0.34196167377333,46.15301800524339,3,1,11,0
3.0,User login successful,-0.7295180074965348,27.28136434099432,5,1,11,0
3.0,Unauthorized access attempt,-0.5514077339345904,58.236711287488646,3,0,11,0
3.0,Unauthorized access attempt,0.565223002683229,21.099237769238293,0,1,11,0
2.0,Configuration change detected,-0.7596124201891243,97.58460211121556,2,1,11,0
3.0,File accessed,-0.3650231366520748,22.62329745502193,3,0,11,0
,User login failed,-0.3836323778432,36.42325344837578,4,1,11,0
2.0,Service started,0.5070553538210483,59.0903571909577,1,1,11,0
,Unauthorized access attempt,-0.4369944486368109,62.14443900325482,3,1,11,0
2.0,Service started,0.4792013841207223,3.258399984608304,5,0,11,0
2.0,Service stopped,-0.2182891940218281,39.80499260640636,0,1,11,0
,Service started,0.582702770120348,11.531233791727146,3,1,11,0
0.0,Configuration change detected,-0.2246732612804827,54.52087589317122,4,1,11,0
,File accessed,0.1468538014382985,16.192809881141407,5,1,11,0
,Configuration change detected,-0.9822711359342908,65.17801964393836,0,1,11,0
1.0,Service started,-0.2956595543743496,67.08268691233171,5,0,11,0
2.0,Service stopped,0.9461673164837784,99.91644973872496,4,1,11,0
3.0,Configuration change detected,0.2599272662718563,71.34330015468448,2,1,11,0
0.0,Configuration change detected,-0.6602874466152244,98.05914758708026,1,1,11,0
,User login successful,0.447835283796913,79.72227384623409,3,1,11,0
3.0,Unauthorized access attempt,-0.5330560591187228,37.1538698579914,1,1,11,0
1.0,Configuration change detected,0.3355181688186002,67.67649392506833,5,0,11,0
1.0,Configuration change detected,0.5224201482810391,82.17782169129644,3,1,11,0
1.0,Configuration change detected,-0.0312303743908306,67.29634558196312,5,0,11,0
0.0,Service stopped,0.8331497584555205,33.95056842595105,5,1,11,0
0.0,User login failed,-0.6505540415001712,97.84470270525864,2,0,12,0
0.0,Service started,-0.4071953451462873,72.93462300656748,1,0,12,0
0.0,User login successful,0.3775098958670422,14.84699826524962,2,1,12,0
2.0,File accessed,0.7939571388810664,31.030404847696825,3,1,12,0
2.0,User login successful,0.0221543638224432,60.9122741845996,3,1,12,0
,User login failed,-0.4511296196057182,58.790516835140686,3,0,12,0
,File accessed,-0.3602369340464535,68.53742210494889,0,1,12,0
,File accessed,-0.0528858556159512,17.560510666900218,1,0,12,0
0.0,User login successful,-0.4849846029259756,97.2803478604746,1,1,12,0
3.0,Service stopped,-0.8896782034261173,86.8557454125713,2,1,12,0
2.0,Configuration change detected,-0.5670338369978056,31.953438238433453,0,1,12,0
1.0,User login failed,-0.8584907830701418,90.479877667439,0,0,12,0
0.0,User login failed,0.5818646055159529,32.21617301628362,4,1,12,0
2.0,Service started,-0.7001602186444793,42.15848262429856,4,0,12,0
0.0,Unauthorized access attempt,-0.571798714279065,39.37121514956071,0,0,12,0
3.0,Service started,0.868177441553903,92.26073247842264,4,1,12,0
3.0,Unauthorized access attempt,-0.6718916023528207,40.40819769526165,0,0,12,0
2.0,File accessed,-0.8799488840400931,54.38229444464813,5,1,12,0
0.0,Service stopped,-0.6453375760577809,97.81227763935046,3,0,12,0
3.0,Service started,0.4408137510813783,45.82873749194753,0,0,12,0
0.0,Service started,0.229731682474221,9.685460430710878,0,0,12,0
0.0,Configuration change detected,0.3503118991761866,19.825630118531464,3,1,12,0
1.0,File accessed,-0.6190035563487266,76.55793728000546,2,1,12,0
3.0,Service stopped,0.7047001286879295,13.382795129250686,2,0,12,0
2.0,User login successful,-0.5392431495642214,16.575774252963726,4,1,12,0
2.0,Unauthorized access attempt,-0.1929574695951534,57.77437722307104,5,1,12,0
,User login successful,-0.0120558620653445,33.29402479760837,2,1,12,0
2.0,Service stopped,-0.7843658824733444,66.09464359555625,2,0,12,0
0.0,File accessed,-0.6524953937774824,52.0741769422276,2,0,12,0
1.0,Service started,-0.6444428229954284,81.7257994478951,4,1,12,0
0.0,User login failed,0.0426366582338346,59.08162193054672,1,0,12,0
2.0,User login successful,0.0461433862515046,4.1641645044052815,0,0,12,0
1.0,Service started,0.6105273172054675,42.72143653254793,1,0,12,0
0.0,Service started,-0.1563859621532788,40.57897452546709,3,0,12,0
2.0,Service stopped,-0.0436707677859378,45.72999630925766,2,1,12,0
1.0,User login successful,-0.7229307273773693,37.70106065398543,4,1,12,0
3.0,Service started,0.7944115183416112,6.4614221871072814,0,0,12,0
,User login failed,-0.2207913268908634,4.221190971218742,3,1,12,0
0.0,File accessed,0.0570868566688607,68.95713500798875,3,1,12,0
,Unauthorized access attempt,0.8323028676956303,73.72590406707978,4,1,12,0
1.0,File accessed,-0.914521817719338,61.95802183272682,3,1,12,0
0.0,Service started,0.6704888760789944,38.20967353170741,1,0,12,0
2.0,Configuration change detected,0.1977824119654152,19.58648277998161,2,0,12,0
2.0,User login successful,-0.3946353172031902,10.125741021453596,1,1,12,0
,User login failed,-0.2599057279438421,37.49788974269775,0,0,12,0
0.0,Configuration change detected,-0.0945906168111292,66.87456373031459,0,1,12,0
3.0,Unauthorized access attempt,0.1690243523931256,85.67083925055277,1,1,12,0
0.0,Unauthorized access attempt,-0.6435485628282029,98.57177620898185,5,1,12,0
2.0,File accessed,0.943501427601581,88.93215493545912,3,1,12,0
2.0,Configuration change detected,-0.0392018082158676,83.29564531192734,5,0,12,0
1.0,Unauthorized access attempt,0.3115327385272124,34.876249470818856,3,1,12,0
2.0,User login failed,-0.8129174991838468,79.06270163275377,1,1,12,0
,Configuration change detected,0.014470789110357,70.65277350824748,5,0,12,0
0.0,File accessed,0.7499400554199194,9.729784705089823,2,0,12,0
1.0,Service started,0.7142396640216513,56.80415376939691,0,1,12,0
3.0,Service stopped,-0.3568149855564424,54.15896347092542,1,0,12,0
1.0,Unauthorized access attempt,-0.9911659856059734,41.96642534527704,0,1,12,0
3.0,File accessed,0.5240163536368643,77.75351001424654,4,1,12,0
3.0,User login failed,-0.1454825599940261,93.99297479750862,0,1,12,0
2.0,User login failed,0.1692562681640221,66.01982185838554,3,1,12,0
,Service stopped,0.8627706020503472,41.35183105265449,1,0,13,0
,Service stopped,-0.4613980046262349,66.5174228613673,3,1,13,0
0.0,Configuration change detected,-0.371296808197346,90.30325016048432,2,0,13,0
,Service stopped,-0.2469713693299768,51.361707621929504,4,0,13,0
0.0,Configuration change detected,-0.030255152433652,18.71192458712868,1,0,13,0
1.0,User login successful,-0.1787846417672616,66.5015202102065,5,1,13,0
,Service stopped,0.4310529005369656,34.950740874063904,4,1,13,0
0.0,File accessed,-0.2834394000569995,37.01500939934867,1,0,13,0
2.0,Service stopped,0.5432727127797172,18.81788112970075,4,1,13,0
1.0,Unauthorized access attempt,-0.6858017647960357,24.845507027840792,1,1,13,0
0.0,Configuration change detected,0.9542584259231036,12.972541111080552,1,0,13,0
2.0,Unauthorized access attempt,0.5975176853395263,50.2260545507728,2,1,13,0
,Unauthorized access attempt,-0.982041742212828,47.65042236771252,3,1,13,0
3.0,File accessed,0.6680016714114145,42.3394008016409,0,0,13,0
0.0,File accessed,-0.9133287398173888,12.92329754904426,4,1,13,0
3.0,Service started,-0.979464466189654,64.58251974277525,1,0,13,0
0.0,Unauthorized access attempt,-0.6396137110037621,47.62024535192309,4,1,13,0
3.0,User login successful,-0.0889640010166052,24.325062009169685,4,0,13,0
,Service started,-0.1152857567084633,25.27172021624498,4,1,13,0
1.0,Service stopped,-0.1148270782036928,82.35450809208608,4,1,13,0
1.0,Service started,0.236057409205477,91.69604824126006,0,0,13,0
1.0,User login failed,-0.7138270213586366,77.11998098797697,2,0,13,0
3.0,Service stopped,-0.7306050466368406,76.9466950144855,3,0,13,0
0.0,User login failed,-0.4323270705642632,61.4879235065727,0,1,13,0
3.0,Configuration change detected,0.7013519318491324,32.963669226855096,0,0,13,0
,Unauthorized access attempt,-0.8690404607965119,51.29640512448826,4,0,13,0
0.0,Service started,-0.2048120705255629,5.980242978998055,3,1,13,0
2.0,Service started,0.3312927736693642,73.05297084092528,1,0,13,0
2.0,User login failed,-0.1791992070471646,90.35387176046936,1,1,13,0
0.0,User login failed,-0.7732304538424637,80.75572621748401,3,1,13,0
2.0,User login failed,0.9152001571223018,25.57914283378917,3,0,13,0
1.0,Service stopped,-0.765985983583626,49.63640174993458,4,1,13,0
,Unauthorized access attempt,-0.6449655171131401,10.795444926597357,4,1,13,0
,Configuration change detected,-0.4916673464046708,99.92653224689366,3,1,13,0
2.0,User login successful,-0.4633201496884538,9.17514658254476,4,1,13,0
1.0,Configuration change detected,0.6473002161858663,42.76934581401032,2,1,13,0
1.0,User login failed,-0.250293630628229,94.81574830924129,3,0,13,0
1.0,Configuration change detected,-0.4484252777519004,66.57268973569485,2,1,13,0
1.0,Unauthorized access attempt,-0.1647106917440983,10.27574508184182,0,0,13,0
2.0,File accessed,-0.6236841007728247,5.96929447529506,3,1,13,0
,Service started,-0.0291891532849732,50.86423142299482,0,1,13,0
2.0,Service stopped,0.9739501139987417,11.426377644364443,3,1,13,0
0.0,User login failed,0.0163403810389148,3.775895795853518,1,1,13,0
0.0,User login failed,-0.6639365249360534,88.56784541382723,1,1,13,0
0.0,User login successful,-0.1327158531882988,51.956835161490254,2,0,13,0
2.0,User login successful,-0.8375802788029627,34.10731965023543,1,0,13,0
1.0,User login failed,0.6645472994246338,79.65143131428883,1,0,13,0
,Unauthorized access attempt,-0.7301075529646086,99.08051614146126,0,1,13,0
,User login successful,-0.2145848925861504,21.884188246342354,2,1,13,0
1.0,File accessed,0.0173247787767047,9.367303739543823,1,0,13,0
2.0,Service stopped,-0.7344492685769697,45.32201073909592,1,1,13,0
2.0,User login successful,0.0656378688572225,11.78811323671872,2,0,13,0
3.0,Service started,-0.494370463477646,70.66396783016232,3,0,13,0
1.0,Unauthorized access attempt,-0.1883004467201723,88.71508140704853,1,1,13,0
0.0,User login failed,-0.337096790148669,50.54429209933048,1,0,13,0
0.0,File accessed,0.3395548643210007,7.935267470809229,1,1,13,0
3.0,Service started,0.2131668784457787,4.142820911510247,4,0,13,0
1.0,Service started,-0.6474657010747307,70.87158157965905,0,1,13,0
2.0,User login successful,0.0877467296449818,36.84455002107022,4,1,13,0
0.0,Service stopped,-0.2603818799649404,50.40559929699267,1,1,13,0
3.0,User login successful,0.3986951802065031,90.54250956767962,0,1,14,0
2.0,Service started,-0.7397650921970804,63.98703283726908,4,1,14,0
2.0,Service started,-0.4591673070547233,99.5100956061786,5,0,14,0
2.0,Service stopped,-0.7960521667024356,84.75566681779625,1,1,14,0
0.0,Unauthorized access attempt,0.7933746826669117,48.47873866163901,1,0,14,0
1.0,File accessed,0.3535980243683136,96.10952402487008,3,1,14,0
0.0,Service started,-0.0647655682740739,26.35070790475091,2,1,14,0
3.0,Service stopped,0.1542881700875877,1.2906140344408636,2,1,14,0
2.0,User login successful,0.6627944741735539,9.705153726069849,3,0,14,0
0.0,Service stopped,0.9250776338768488,59.96728123706936,0,1,14,0
2.0,Service stopped,-0.9998705390485992,32.15119443879024,2,0,14,0
2.0,User login successful,-0.1053461131433708,52.60022137727267,0,1,14,0
3.0,User login failed,-0.0951623045130092,49.6445408615618,1,1,14,0
3.0,Unauthorized access attempt,0.206782145852989,53.89685265389556,3,1,14,0
2.0,User login failed,0.9850714040855532,51.32070587580426,1,1,14,0
2.0,User login successful,0.0380276699903292,40.190764267175005,5,0,14,0
1.0,Service started,0.5158673841731916,3.5017607197568177,2,0,14,0
,Configuration change detected,0.5001421801492156,97.33162077787804,0,0,14,0
,Unauthorized access attempt,0.4891388835481705,12.897843346771594,1,1,14,0
,File accessed,0.3730112189311214,28.401054451750717,5,1,14,0
3.0,Service started,0.2433522578547693,88.75986289098734,1,0,14,0
0.0,User login successful,0.7648080542629097,90.61780286136012,0,0,14,0
3.0,File accessed,-0.3016465163805877,64.81453826525244,1,1,14,0
3.0,Configuration change detected,0.0062434614705817,82.09852348238705,0,1,14,0
,Service stopped,0.3551178912562238,82.16491437832138,0,0,14,0
1.0,User login failed,-0.3843496747637349,41.34570452476374,1,0,14,0
1.0,Configuration change detected,-0.4359241116092773,65.59305174996253,4,0,14,0
3.0,User login failed,-0.9994089128601495,35.03210122716674,5,1,14,0
1.0,User login successful,-0.945353635815228,26.299973870582843,3,1,14,0
1.0,User login failed,0.6906653624768941,22.46898220907269,3,1,14,0
3.0,Service stopped,-0.6913247383022467,94.56622031362602,4,1,14,0
3.0,User login failed,0.1229665179137446,29.93095294793918,1,0,14,0
2.0,User login failed,-0.2302452811618782,7.062717360196104,0,1,14,0
2.0,Configuration change detected,-0.1336776778199591,87.75887268341172,1,0,14,0
1.0,User login failed,-0.6657009100290354,66.65967625666912,2,1,14,0
1.0,Service stopped,-0.7199774050164607,27.850591340843213,5,1,14,0
3.0,User login successful,0.2592850503279491,31.07982520680441,0,1,14,0
1.0,User login failed,-0.2061663146506336,62.90493963709896,3,1,14,0
0.0,File accessed,-0.4811099515745269,82.3247437559959,0,1,14,0
,Service stopped,-0.6510953623015423,8.917333449371984,4,1,14,0
1.0,User login successful,0.7141947316154476,71.24089455101364,2,1,14,0
2.0,User login failed,-0.6001694527348158,1.04526148955774,0,1,14,0
0.0,User login failed,-0.792321503337098,52.64740111067921,0,0,14,0
3.0,Service stopped,-0.92592428163694,15.582420467473767,1,1,14,0
3.0,Configuration change detected,-0.3493837638761303,62.79765309397638,0,0,14,0
2.0,File accessed,0.4733010017868064,42.274421579115256,1,1,14,0
1.0,Service stopped,-0.0927777084484062,21.86672750019827,1,1,14,0
0.0,File accessed,0.2870444287780125,48.00807187875721,5,1,14,0
1.0,Service started,-0.7621245943951847,59.59037096737604,0,1,14,0
0.0,User login failed,0.7078239664114356,34.308494075687314,3,1,14,0
2.0,User login successful,0.6817916641323225,91.77589423152752,5,1,14,0
1.0,Unauthorized access attempt,0.8722998286954984,26.06794237689463,0,1,14,0
,File accessed,-0.2489656584453585,21.624045798985527,2,1,14,0
0.0,Unauthorized access attempt,-0.7294151026275613,67.30140303412946,2,0,14,0
1.0,Service stopped,-0.917770232755942,9.158751769407347,5,1,14,0
0.0,User login successful,-0.5323185936183212,80.151760572993,1,1,14,0
3.0,Configuration change detected,0.8521100537087836,55.184147231548586,5,0,14,0
0.0,Service stopped,0.8673477351403822,57.69644722714841,0,0,14,0
2.0,File accessed,-0.6322806751052901,24.476599593596585,4,0,14,0
0.0,User login successful,0.7864182925140744,69.62492895996117,1,1,14,0
1.0,Configuration change detected,0.6367885657175674,83.6770553801064,5,1,15,0
3.0,Service stopped,0.0887020702454541,98.65971910264166,4,1,15,0
,User login failed,-0.9992291624420104,19.51438232565621,1,0,15,0
2.0,Configuration change detected,4.329438941930164e-05,23.281608685141197,5,1,15,0
1.0,Unauthorized access attempt,-0.4954490188007072,12.533797148067697,0,1,15,0
3.0,User login successful,0.083586999280488,93.42204960382206,1,0,15,0
1.0,Service started,0.3673552647487543,92.31908083615754,5,0,15,0
3.0,File accessed,0.7479625952682072,62.396512060213794,1,0,15,0
2.0,Unauthorized access attempt,-0.9341488654471036,67.68065899620667,1,1,15,0
0.0,Service stopped,-0.2644885293135754,89.78928864203606,0,1,15,0
2.0,User login successful,-0.8138349303004979,99.74850781772555,0,1,15,0
3.0,File accessed,0.4395022398049464,37.083442365085965,1,1,15,0
0.0,File accessed,-0.5498136272536733,90.44251495820473,2,1,15,0
,Service started,-0.8291496914239727,37.97707827845194,5,0,15,0
,File accessed,0.959505321558866,94.47467658473074,2,1,15,0
,Configuration change detected,0.1471414077224835,98.84538282526972,3,0,15,0
2.0,File accessed,-0.3113721087764778,10.446393774555997,5,1,15,0
2.0,Unauthorized access attempt,-0.2112043222968356,49.33644630342926,4,1,15,0
2.0,Service started,0.2483059612744387,7.070582941027617,2,1,15,0
1.0,User login successful,0.1254879742319445,82.16803789552007,5,1,15,0
,User login successful,-0.2983529694699416,69.30837390524972,2,1,15,0
3.0,Service stopped,0.6332059210719887,83.60651316508466,1,0,15,0
2.0,Service stopped,0.4200715918069198,59.39946682312283,2,0,15,0
0.0,Configuration change detected,0.1080179434774422,39.5618778383424,2,1,15,0
,File accessed,0.7767993707661378,95.86065270628713,3,1,15,0
2.0,User login successful,0.1179305301445854,14.951282779092478,3,0,15,0
,User login successful,0.4234889205150915,65.74890647956693,5,1,15,0
,User login failed,0.819979978638089,37.933467690464575,5,0,15,0
0.0,User login successful,-0.656289184395894,47.541595069840014,1,1,15,0
,File accessed,0.4273524196710632,76.69288095087572,5,0,15,0
3.0,User login successful,0.4655460031450198,95.28027837044668,2,0,15,0
,User login successful,-0.914370736880763,65.61103840509324,5,0,15,0
3.0,User login failed,-0.9887153188681854,9.779545185032596,5,1,15,0
1.0,File accessed,0.7329792645605633,76.3679705473238,2,0,15,0
0.0,Service stopped,0.721815214398061,67.98585335863038,5,0,15,0
3.0,User login successful,-0.2867641758613728,38.48306774284882,1,1,15,0
2.0,Service started,0.2565336845339685,20.80472412766757,0,1,15,0
2.0,File accessed,0.2379745375290707,25.083856323601324,3,1,15,0
0.0,Service stopped,0.4144630238102145,9.423532092428522,1,1,15,0
3.0,File accessed,0.9284122535156216,34.67729851241845,1,1,15,0
0.0,Unauthorized access attempt,-0.6184116326514411,48.72619565209527,0,1,15,0
2.0,Configuration change detected,0.5630176239765274,53.526566116768535,2,1,15,0
3.0,File accessed,-0.3495331744029086,63.46547414409429,0,1,15,0
2.0,Service started,-0.9499060739052728,12.91438261653897,2,1,15,0
2.0,Configuration change detected,-0.1118661444661415,33.83024509685577,5,1,15,0
,Service stopped,-0.7752766221120448,39.49448405698385,4,0,15,0
2.0,Configuration change detected,0.7894046273533419,65.51148942501328,1,1,15,0
,Service started,0.5259623305816834,1.7244764539794168,0,1,15,0
1.0,File accessed,0.7409346512225625,14.7900162510333,3,1,15,0
3.0,User login failed,-0.5335458145956964,51.13991682156023,1,0,15,0
2.0,Unauthorized access attempt,0.2844980296710937,78.82559207431726,4,0,15,0
0.0,Service stopped,0.2173717796606034,37.08245733342608,3,1,15,0
1.0,Unauthorized access attempt,0.6721497612762395,64.2341932317745,2,1,15,0
1.0,Configuration change detected,0.8339272378945539,17.843662309874336,3,1,15,0
0.0,File accessed,-0.4779375274827677,29.384291533946744,3,1,15,0
3.0,Service started,-0.3578640603544298,16.384211363882123,0,0,15,0
,Service started,-0.9797767503994108,13.307077251855684,2,1,15,0
1.0,Service started,-0.0074265820170935,21.535074025157616,4,0,15,0
0.0,File accessed,-0.0301568201101058,21.71308141357914,0,0,15,0
0.0,Unauthorized access attempt,0.0240677861475748,65.6215101218803,0,0,15,0
0.0,Service stopped,0.2808043875042969,59.64951086240579,0,1,16,0
0.0,Service stopped,-0.9409911710626976,80.24833501751309,1,1,16,0
1.0,User login successful,0.785744943151159,72.75168306908898,4,0,16,0
0.0,File accessed,0.3337561656703072,83.88134444220137,2,1,16,0
,Configuration change detected,0.621736800658262,84.4532127939102,1,0,16,0
2.0,User login successful,-0.3341127946253523,57.36457933032241,3,1,16,0
0.0,User login successful,-0.7150954130390306,4.41345415753331,5,1,16,0
1.0,User login successful,0.5128898516038369,76.97924714942845,5,0,16,0
1.0,File accessed,0.8568442341318752,31.99818250891647,4,1,16,0
,Unauthorized access attempt,0.5906085187543944,22.99109790380709,3,1,16,0
0.0,Service stopped,0.1109856593907616,29.204134366289008,5,1,16,0
1.0,File accessed,0.6939922336277693,86.85439546481179,4,0,16,0
0.0,User login failed,0.7725300017669641,27.493377822749373,4,1,16,0
3.0,User login successful,-0.3451976856558252,34.157751234751686,3,1,16,0
2.0,Configuration change detected,0.1422834617891941,73.1005226335475,2,0,16,0
1.0,User login successful,-0.7187827175539538,77.37277895636636,5,1,16,0
3.0,User login successful,0.1161933709955467,30.970914576815,1,1,16,0
0.0,User login successful,0.5783376608140047,33.221476829918814,5,1,16,0
2.0,User login failed,-0.7473840491292811,88.17076349737494,4,1,16,0
,Configuration change detected,-0.0266132510653458,60.979170971262455,0,0,16,0
2.0,User login successful,-0.7037261085627853,73.60554349387844,0,1,16,0
1.0,Unauthorized access attempt,0.3805674176664844,14.84354974336605,2,0,16,0
1.0,Service stopped,-0.5129536886296275,19.69965303037461,2,1,16,0
,Unauthorized access attempt,-0.9969154846328774,30.919864466920643,1,1,16,0
,File accessed,0.5461655457020136,70.78954392718484,0,0,16,0
2.0,User login successful,-0.3336281406907586,98.29736314045309,0,1,16,0
2.0,Configuration change detected,-0.5048290030735287,26.64237547825981,0,0,16,0
2.0,Configuration change detected,-0.3567594409413832,44.49670173693393,5,0,16,0
2.0,Service started,0.4231779812823568,17.331246563092467,0,1,16,0
3.0,Service started,-0.3989621415655739,27.660096049135788,0,1,16,0
1.0,Service started,0.4276547032539672,66.18844938766446,1,1,16,0
0.0,File accessed,-0.8034120953777464,63.92797508998365,4,1,16,0
1.0,Service stopped,-0.0535877033161595,23.37697269519301,2,1,16,0
0.0,Unauthorized access attempt,0.6630514998793386,93.97501634500958,5,1,16,0
,Configuration change detected,-0.4659090577720171,91.6407538334772,0,1,16,0
,Service started,0.3338280750771285,91.21789002252912,4,0,16,0
1.0,User login failed,0.8771436626210893,33.10821399072548,0,0,16,0
1.0,User login failed,0.919143769113546,10.293663747049614,0,1,16,0
,User login successful,0.1395903733759986,66.12764904727659,3,1,16,0
,User login failed,0.5939472964600037,72.21821418475409,3,0,16,0
