timestamp,log_level,message,value,session_length,num_failed_attempts,label
2024-01-01 00:00:00,ERROR,User login successful,0.40301306267141146,65.92838936185413,3,1
2024-01-01 00:01:00,ERROR,File accessed,0.02405406463073012,50.74063810950127,4,1
2024-01-01 00:02:00,INFO,Service started,0.6606108850572536,4.508991517823343,3,0
2024-01-01 00:03:00,WARNING,File accessed,-0.2796705727776134,59.03579849318052,5,0
2024-01-01 00:04:00,WARNING,User login failed,0.9200227890136916,15.04684977180634,3,0
2024-01-01 00:05:00,ERROR,User login failed,0.4603458383350989,43.21655202374546,3,1
2024-01-01 00:06:00,INFO,Unauthorized access attempt,0.8592489464054012,72.18234242061989,2,0
2024-01-01 00:07:00,WARNING,Unauthorized access attempt,-0.8199237808627544,19.49369861920326,3,0
2024-01-01 00:08:00,ERROR,Service started,-0.7975491739038518,47.98172419813306,3,0
2024-01-01 00:09:00,DEBUG,File accessed,0.31476227814331526,87.97973341077326,1,1
2024-01-01 00:10:00,INFO,User login failed,0.5199322763477452,48.37133735906699,2,1
2024-01-01 00:11:00,INFO,User login failed,0.7266759820079587,20.87765079704346,3,1
2024-01-01 00:12:00,CRITICAL,User login successful,0.6827738982039486,29.137661062770878,4,1
2024-01-01 00:13:00,WARNING,User login failed,-0.5140917848626356,91.69112185438607,4,1
2024-01-01 00:14:00,CRITICAL,Unauthorized access attempt,0.010054811133078045,23.736449369830698,4,1
2024-01-01 00:15:00,WARNING,Unauthorized access attempt,0.7070001844244547,1.8022802454460325,3,1
2024-01-01 00:16:00,CRITICAL,Service started,-0.42785281079263227,61.44615684265936,5,1
2024-01-01 00:17:00,INFO,Service started,-0.17201190537004352,5.785352720294325,0,0
2024-01-01 00:18:00,INFO,User login successful,0.6297065347279256,58.53881457994284,3,0
2024-01-01 00:19:00,ERROR,Configuration change detected,-0.5887225128199847,39.8173112366773,4,1
2024-01-01 00:20:00,ERROR,Configuration change detected,0.7219795511808802,52.98891146396116,3,1
2024-01-01 00:21:00,WARNING,File accessed,-0.723294833413036,60.51459383061421,4,0
2024-01-01 00:22:00,WARNING,Configuration change detected,0.1898992933973438,63.37558748394542,5,0
2024-01-01 00:23:00,INFO,Service started,0.2568659452473028,91.62357679075203,2,1
2024-01-01 00:24:00,ERROR,Service stopped,0.8050423816897627,19.42266881775639,5,1
2024-01-01 00:25:00,DEBUG,User login successful,0.34579529972786305,61.07060581842738,4,0
2024-01-01 00:26:00,CRITICAL,Configuration change detected,-0.8125495512845746,23.68490992150316,0,1
2024-01-01 00:27:00,WARNING,File accessed,0.7513812404113029,71.57901995705055,4,0
2024-01-01 00:28:00,CRITICAL,Configuration change detected,-0.67533538836936,31.6302549899823,4,0
2024-01-01 00:29:00,WARNING,File accessed,-0.22908745004998043,78.17122387628869,1,1
2024-01-01 00:30:00,CRITICAL,Unauthorized access attempt,0.4503885229951681,57.27157773922367,3,0
2024-01-01 00:31:00,CRITICAL,Service stopped,-0.5267642084292261,98.60611253724763,5,0
2024-01-01 00:32:00,CRITICAL,Service stopped,0.40202952201522746,22.817571936342524,2,1
2024-01-01 00:33:00,INFO,Configuration change detected,-0.9961136743840509,50.462776811053836,1,0
2024-01-01 00:34:00,INFO,Configuration change detected,-0.42222553165164256,80.78802962854587,3,1
2024-01-01 00:35:00,WARNING,Unauthorized access attempt,-0.09687286242553683,81.8404782555787,2,0
2024-01-01 00:36:00,CRITICAL,Configuration change detected,-0.4839256839256483,21.647502879851153,0,0
2024-01-01 00:37:00,CRITICAL,User login successful,-0.06387874572994923,94.36115332016462,3,0
2024-01-01 00:38:00,WARNING,User login successful,-0.7689614082456484,93.57259139054814,4,1
2024-01-01 00:39:00,INFO,User login failed,-0.7960668315280885,67.74174854441662,4,0
2024-01-01 00:40:00,DEBUG,Configuration change detected,0.7191783296563936,96.90391939976979,5,1
2024-01-01 00:41:00,CRITICAL,Unauthorized access attempt,-0.9896552347803573,17.447476320818485,2,1
2024-01-01 00:42:00,CRITICAL,File accessed,0.2731906822926484,67.85532819535372,4,1
2024-01-01 00:43:00,DEBUG,Service stopped,-0.4987472326660123,48.010939742389645,3,1
2024-01-01 00:44:00,WARNING,Unauthorized access attempt,-0.0874761879717143,47.69831286412938,0,1
2024-01-01 00:45:00,INFO,Configuration change detected,-0.9189419104649836,46.41811304959105,4,1
2024-01-01 00:46:00,WARNING,Configuration change detected,0.47843184610153666,82.01925321326078,4,1
2024-01-01 00:47:00,WARNING,User login successful,0.7498170903884349,19.230468300942977,1,1
2024-01-01 00:48:00,DEBUG,Configuration change detected,0.19974439777919484,67.09733693518068,3,0
2024-01-01 00:49:00,CRITICAL,User login successful,0.15732950317544847,75.18313167043081,0,1
2024-01-01 00:50:00,DEBUG,Configuration change detected,-0.13044529020965578,79.35621594656895,4,0
2024-01-01 00:51:00,ERROR,User login failed,-0.627103226974163,31.088396509190833,3,0
2024-01-01 00:52:00,DEBUG,Service started,-0.8657740313164224,44.23613570136496,1,1
2024-01-01 00:53:00,ERROR,Service stopped,0.576573595370012,61.72656776537436,0,1
2024-01-01 00:54:00,DEBUG,User login successful,-0.7358953708686802,56.70233283715674,4,0
2024-01-01 00:55:00,ERROR,Unauthorized access attempt,-0.4719773576924968,5.550694126281135,1,1
2024-01-01 00:56:00,INFO,User login failed,0.6976759723278667,21.89024723535223,4,1
2024-01-01 00:57:00,CRITICAL,Unauthorized access attempt,-0.501328509093707,98.98391992456558,4,0
2024-01-01 00:58:00,CRITICAL,Unauthorized access attempt,-0.21965221879490104,40.918333851539025,4,1
2024-01-01 00:59:00,ERROR,User login failed,0.42264034009607077,94.20591786780713,2,1
2024-01-01 01:00:00,CRITICAL,Service stopped,-0.1475622870090294,36.848701845066884,0,1
2024-01-01 01:01:00,ERROR,Service stopped,-0.7021418348769368,77.43060619718922,1,0
2024-01-01 01:02:00,WARNING,File accessed,0.8014816826347506,63.50945393171219,5,1
2024-01-01 01:03:00,DEBUG,File accessed,0.8834607138937911,41.63049033091156,4,1
2024-01-01 01:04:00,WARNING,File accessed,-0.4054291118911797,8.861228894038018,2,1
2024-01-01 01:05:00,CRITICAL,Unauthorized access attempt,0.21541328039105911,29.811446076830585,0,1
2024-01-01 01:06:00,WARNING,Unauthorized access attempt,0.5865066682837834,7.520718986229903,0,0
2024-01-01 01:07:00,DEBUG,User login successful,-0.783026480687607,42.80777768459513,4,1
2024-01-01 01:08:00,INFO,Unauthorized access attempt,-0.03811971141075632,45.96322001118946,3,1
2024-01-01 01:09:00,DEBUG,User login successful,0.6508606294084782,37.17236319474093,5,1
2024-01-01 01:10:00,WARNING,User login successful,0.16747747067533925,49.80339886514496,0,1
2024-01-01 01:11:00,WARNING,File accessed,0.10851674231054664,41.1085129226355,4,1
2024-01-01 01:12:00,ERROR,Configuration change detected,0.31961452657247547,60.7211735692483,5,1
2024-01-01 01:13:00,CRITICAL,Service stopped,0.35261026758468206,54.49435637669607,3,1
2024-01-01 01:14:00,INFO,User login failed,-0.07688276971869024,90.7666952101057,3,1
2024-01-01 01:15:00,INFO,File accessed,-0.20583059381147328,17.251624035191256,3,1
2024-01-01 01:16:00,DEBUG,User login failed,0.7081216032458955,78.68614318279346,5,0
2024-01-01 01:17:00,CRITICAL,Configuration change detected,-0.8411495907591127,35.31766448204225,4,1
2024-01-01 01:18:00,ERROR,User login failed,0.9362143051912972,68.51385165593352,5,1
2024-01-01 01:19:00,CRITICAL,Unauthorized access attempt,0.81001133429239,34.264657871478335,0,1
2024-01-01 01:20:00,DEBUG,Unauthorized access attempt,0.28977361856222106,3.585906733303556,5,0
2024-01-01 01:21:00,CRITICAL,Configuration change detected,0.09290547086899203,60.83557909942596,5,1
2024-01-01 01:22:00,INFO,User login successful,-0.11698667723727652,20.78154167049259,3,0
2024-01-01 01:23:00,CRITICAL,File accessed,-0.22363483971732023,40.45955962742832,2,0
2024-01-01 01:24:00,CRITICAL,Service stopped,0.42181084673336966,29.34436138552676,2,1
2024-01-01 01:25:00,CRITICAL,Service stopped,0.8288115045795115,58.69426030550287,2,0
2024-01-01 01:26:00,INFO,File accessed,0.11551393644729213,50.12720579630756,1,1
2024-01-01 01:27:00,INFO,Service started,-0.7104252405265079,14.331808279327591,3,1
2024-01-01 01:28:00,DEBUG,Configuration change detected,0.4976674950771194,17.085241262085397,3,0
2024-01-01 01:29:00,CRITICAL,Configuration change detected,-0.2886102605692735,40.55589892001211,1,1
2024-01-01 01:30:00,WARNING,Configuration change detected,-0.5743754868923228,20.289301074538656,3,1
2024-01-01 01:31:00,DEBUG,Service stopped,-0.9746813842610262,8.458847167718947,3,0
2024-01-01 01:32:00,WARNING,Unauthorized access attempt,-0.003932625791551292,83.06261039568379,4,1
2024-01-01 01:33:00,ERROR,Service stopped,-0.12629065654864924,57.573598855008726,3,0
2024-01-01 01:34:00,CRITICAL,User login successful,0.18632081058440098,10.46127350953165,1,0
2024-01-01 01:35:00,CRITICAL,Unauthorized access attempt,0.08885418557132119,41.064761943068326,2,1
2024-01-01 01:36:00,CRITICAL,Unauthorized access attempt,0.6524461370685046,31.546889587418118,5,1
2024-01-01 01:37:00,CRITICAL,User login failed,-0.7504067456198182,96.51288586221139,3,1
2024-01-01 01:38:00,WARNING,Unauthorized access attempt,0.5979070011890073,3.617839541133897,0,1
2024-01-01 01:39:00,CRITICAL,Service stopped,0.3002347048806786,23.064741001586523,5,0
2024-01-01 01:40:00,INFO,Service stopped,0.47704591580211275,1.6444883657911644,4,0
2024-01-01 01:41:00,ERROR,Service stopped,0.4375758201302704,63.70542440891692,2,0
2024-01-01 01:42:00,INFO,User login successful,0.4385568546278307,10.392003058712923,2,0
2024-01-01 01:43:00,CRITICAL,Service stopped,-0.7934723075148069,91.83957937212016,4,1
2024-01-01 01:44:00,INFO,Service started,0.3749567005812291,56.604517734946484,0,0
2024-01-01 01:45:00,ERROR,Configuration change detected,-0.5110635724668908,96.54022648919275,5,1
2024-01-01 01:46:00,INFO,Service stopped,-0.2418671169712594,22.98314892582452,5,0
2024-01-01 01:47:00,ERROR,Configuration change detected,-0.02678334595646903,54.89528016847968,4,1
2024-01-01 01:48:00,DEBUG,User login failed,0.5005517374012247,82.56134593425254,3,0
2024-01-01 01:49:00,INFO,Configuration change detected,0.9723359696605118,50.1099756915161,1,1
2024-01-01 01:50:00,CRITICAL,File accessed,-0.4518116267637311,1.3614738918200942,2,1
2024-01-01 01:51:00,ERROR,Service stopped,0.47532726600360076,78.4016457069236,2,1
2024-01-01 01:52:00,ERROR,File accessed,-0.6079289005396722,43.994529930425216,1,1
2024-01-01 01:53:00,WARNING,Service stopped,0.29023369488940465,89.52252057694547,0,1
2024-01-01 01:54:00,INFO,Unauthorized access attempt,0.016943671148084594,65.04513499571155,5,1
2024-01-01 01:55:00,DEBUG,Unauthorized access attempt,-0.09859415761549517,29.136799349733035,3,1
2024-01-01 01:56:00,INFO,Configuration change detected,-0.6590945032105007,43.3002249005647,0,1
2024-01-01 01:57:00,INFO,Service stopped,0.24043246145461206,73.71261220089211,3,0
2024-01-01 01:58:00,CRITICAL,Service started,-0.5485835944610824,46.947559191941245,4,0
2024-01-01 01:59:00,ERROR,User login failed,0.579685648507436,98.26982879237538,2,0
2024-01-01 02:00:00,DEBUG,Service started,0.9637207750258081,92.69400860426111,3,1
2024-01-01 02:01:00,INFO,Service started,-0.5411454377963334,7.064778059547309,2,0
2024-01-01 02:02:00,WARNING,User login successful,-0.08722901030433738,89.29916657903962,3,0
2024-01-01 02:03:00,INFO,User login failed,-0.48867942109286244,91.78071327928357,5,1
2024-01-01 02:04:00,WARNING,Service stopped,-0.4708728249378724,39.166124700389716,1,0
2024-01-01 02:05:00,DEBUG,Service started,-0.017758643452133516,53.139467720401655,4,1
2024-01-01 02:06:00,WARNING,File accessed,-0.3231686503097797,20.873446615454302,1,1
2024-01-01 02:07:00,WARNING,Unauthorized access attempt,0.4163595999573726,50.78354110929292,0,0
2024-01-01 02:08:00,INFO,Unauthorized access attempt,0.6829836935731741,35.248829523180845,1,1
2024-01-01 02:09:00,DEBUG,File accessed,-0.9814073160157193,71.23638787848444,3,1
2024-01-01 02:10:00,WARNING,Unauthorized access attempt,0.3643915537298499,30.44140003806875,4,0
2024-01-01 02:11:00,CRITICAL,Service stopped,-0.14087670997429957,80.90776021843092,5,0
2024-01-01 02:12:00,INFO,User login successful,-0.15752902299963867,66.08400771876497,1,1
2024-01-01 02:13:00,WARNING,Unauthorized access attempt,-0.6053882761147253,11.509349232914396,4,0
2024-01-01 02:14:00,DEBUG,Service stopped,0.8077960374548705,74.32839635034168,0,0
2024-01-01 02:15:00,CRITICAL,User login failed,0.9996329979539791,10.635423518560154,5,1
2024-01-01 02:16:00,CRITICAL,Service stopped,-0.7273808850051167,34.54208123251625,0,0
2024-01-01 02:17:00,WARNING,Service stopped,0.7160560195694168,26.997259851814192,3,0
2024-01-01 02:18:00,INFO,User login successful,0.6245531584709652,4.361592267247241,1,0
2024-01-01 02:19:00,INFO,Service started,-0.9261066931624256,34.08355759866638,5,0
2024-01-01 02:20:00,ERROR,User login successful,0.8779728550784758,47.05979225910139,2,0
2024-01-01 02:21:00,WARNING,Unauthorized access attempt,-0.1607099333808213,22.557940640147127,0,1
2024-01-01 02:22:00,DEBUG,Service started,-0.32919953036424054,22.592310480114246,1,1
2024-01-01 02:23:00,INFO,Configuration change detected,0.03151957134868044,7.955620326547583,5,1
2024-01-01 02:24:00,WARNING,Unauthorized access attempt,-0.35219285771727593,78.60260809306433,0,0
2024-01-01 02:25:00,ERROR,Service started,0.9780107331403887,23.03482590946592,5,1
2024-01-01 02:26:00,CRITICAL,User login failed,-0.81876304342468,22.707792162661118,0,1
2024-01-01 02:27:00,DEBUG,Service started,-0.33186174554672054,36.13341918573738,4,1
2024-01-01 02:28:00,ERROR,Service started,0.18268935335433034,3.2818931245467233,0,1
2024-01-01 02:29:00,DEBUG,File accessed,0.9276751893461783,28.732366896710065,2,1
2024-01-01 02:30:00,WARNING,Service stopped,-0.44136982207134956,92.32096144608026,5,1
2024-01-01 02:31:00,CRITICAL,User login failed,-0.8800781035932852,80.13795275415684,5,1
2024-01-01 02:32:00,INFO,Unauthorized access attempt,-0.3551680751952231,60.77150155756375,4,1
2024-01-01 02:33:00,DEBUG,Configuration change detected,0.17381782816372948,93.95006181729593,0,1
2024-01-01 02:34:00,INFO,Configuration change detected,-0.6680239354436637,86.99903612219973,1,1
2024-01-01 02:35:00,INFO,User login successful,-0.7568773081368223,18.062473541806327,2,1
2024-01-01 02:36:00,ERROR,Service started,-0.7932744775735003,61.7530820322582,1,1
2024-01-01 02:37:00,CRITICAL,Unauthorized access attempt,-0.7804261411576856,61.70501609585713,2,0
2024-01-01 02:38:00,ERROR,File accessed,-0.9696494766890134,32.84302215074008,5,1
2024-01-01 02:39:00,CRITICAL,Configuration change detected,-0.7033205614401243,64.70421879070358,1,1
2024-01-01 02:40:00,DEBUG,File accessed,-0.47991046348001287,78.1521028428469,1,0
2024-01-01 02:41:00,CRITICAL,User login successful,0.8086940537992497,43.928804964839635,5,0
2024-01-01 02:42:00,WARNING,Configuration change detected,-0.7693396206543759,55.53739128568116,2,1
2024-01-01 02:43:00,DEBUG,Service started,0.9820138450925606,95.10297681361187,1,1
2024-01-01 02:44:00,CRITICAL,Configuration change detected,-0.5935200949581536,88.41403120197715,2,0
2024-01-01 02:45:00,DEBUG,Service stopped,-0.5218464479403442,56.1481411232504,0,1
2024-01-01 02:46:00,CRITICAL,Service stopped,0.8318263761881981,88.84046222075487,3,1
2024-01-01 02:47:00,CRITICAL,File accessed,-0.04354166898187395,86.516250268453,3,1
2024-01-01 02:48:00,ERROR,Unauthorized access attempt,-0.8811087647573346,60.29787173584865,4,0
2024-01-01 02:49:00,CRITICAL,User login failed,0.6096352989023914,45.34354923916137,5,0
2024-01-01 02:50:00,INFO,File accessed,0.8932906627301422,24.185099772462326,2,0
2024-01-01 02:51:00,INFO,User login failed,-0.36795613261550675,38.239307777841375,1,1
2024-01-01 02:52:00,CRITICAL,Service stopped,-0.5880867732819521,7.145739973019991,0,1
2024-01-01 02:53:00,INFO,Service started,-0.9527676256711013,57.592082209189016,2,1
2024-01-01 02:54:00,INFO,Configuration change detected,-0.5162645191373829,84.92299305721855,5,0
2024-01-01 02:55:00,DEBUG,User login successful,0.8533246114717872,30.365754451326943,1,1
2024-01-01 02:56:00,WARNING,Service stopped,-0.34949202630171805,35.948923495962745,3,0
2024-01-01 02:57:00,CRITICAL,Service stopped,0.8690233582031821,37.873415515704835,1,0
2024-01-01 02:58:00,INFO,Service started,-0.9443086954134934,15.204160027379208,5,0
2024-01-01 02:59:00,CRITICAL,Configuration change detected,0.8996808211673419,22.724724582619363,1,1
2024-01-01 03:00:00,ERROR,Configuration change detected,0.7563466884092938,14.046886124423349,3,0
2024-01-01 03:01:00,CRITICAL,Service started,-0.14964370841759234,19.362840097681772,4,0
2024-01-01 03:02:00,WARNING,User login successful,0.9654213824522255,98.06996815613499,5,1
2024-01-01 03:03:00,INFO,Unauthorized access attempt,0.5764964534405421,51.04412944866957,2,1
2024-01-01 03:04:00,CRITICAL,Service stopped,-0.027283904902420497,55.20578981159366,1,1
2024-01-01 03:05:00,CRITICAL,File accessed,0.6636631489229003,57.799658367239196,3,1
2024-01-01 03:06:00,WARNING,User login failed,0.15737112349371896,29.58412387754906,3,0
2024-01-01 03:07:00,ERROR,Unauthorized access attempt,0.6185009867225728,34.238324708370946,2,0
2024-01-01 03:08:00,CRITICAL,Unauthorized access attempt,0.8685077853449055,42.14020571446456,0,1
2024-01-01 03:09:00,INFO,Configuration change detected,0.8010597394427379,65.87389729867812,3,1
2024-01-01 03:10:00,INFO,User login failed,0.6971493119377357,60.99510809635733,3,0
2024-01-01 03:11:00,DEBUG,User login successful,0.1562661829143317,47.377682831185425,1,0
2024-01-01 03:12:00,ERROR,User login successful,-0.6840691216377155,79.47508816907772,5,1
2024-01-01 03:13:00,CRITICAL,User login successful,-0.13130875983430257,32.69103539529097,5,1
2024-01-01 03:14:00,INFO,Service started,0.33683990440033407,76.05759598005388,2,0
2024-01-01 03:15:00,CRITICAL,Service started,-0.258715493732834,62.27907318194586,5,0
2024-01-01 03:16:00,WARNING,Configuration change detected,0.7793029237428715,24.318556288068955,4,1
2024-01-01 03:17:00,WARNING,Service started,0.12445097390140658,66.71048752272077,3,0
2024-01-01 03:18:00,ERROR,File accessed,-0.18743378036925473,29.64916454999679,5,1
2024-01-01 03:19:00,ERROR,File accessed,-0.007205180126798272,96.97259995231323,3,0
2024-01-01 03:20:00,DEBUG,File accessed,0.6309540200267711,93.10960963425109,1,1
2024-01-01 03:21:00,INFO,Service started,0.00048528781315315683,38.62056777882293,1,0
2024-01-01 03:22:00,CRITICAL,Service stopped,0.35659808571685603,33.42985729540192,3,1
2024-01-01 03:23:00,INFO,User login failed,0.5677848346436514,2.9494641433925644,1,1
2024-01-01 03:24:00,ERROR,Unauthorized access attempt,-0.033701227031692094,24.00679175341251,4,1
2024-01-01 03:25:00,WARNING,Unauthorized access attempt,-0.8313795129227939,40.633133675218126,4,1
2024-01-01 03:26:00,DEBUG,Unauthorized access attempt,-0.1944681800040109,69.72704904458872,1,1
2024-01-01 03:27:00,WARNING,Service stopped,0.2596991711297354,61.5964929346262,0,0
2024-01-01 03:28:00,DEBUG,User login successful,-0.4514039417135256,53.29406564193367,0,0
2024-01-01 03:29:00,DEBUG,Service started,0.09817932141174968,97.48422183726673,1,1
2024-01-01 03:30:00,WARNING,User login successful,0.8100761804154799,92.86094275122795,2,1
2024-01-01 03:31:00,WARNING,Service started,-0.12425225690586172,39.151725490808325,1,1
2024-01-01 03:32:00,DEBUG,Unauthorized access attempt,0.5283928474947213,66.50495626384452,1,0
2024-01-01 03:33:00,WARNING,Configuration change detected,0.8460364633593849,97.01908133762734,3,1
2024-01-01 03:34:00,DEBUG,File accessed,-0.5657077021927448,4.69515296277802,5,0
2024-01-01 03:35:00,DEBUG,User login failed,0.38278608550960924,41.26863272634914,4,1
2024-01-01 03:36:00,ERROR,Configuration change detected,-0.008973409479990702,28.391982573666255,4,1
2024-01-01 03:37:00,CRITICAL,Service started,0.4647783577561646,53.63460321484528,4,1
2024-01-01 03:38:00,ERROR,Service stopped,-0.5790450398458249,33.5747642005628,0,1
2024-01-01 03:39:00,CRITICAL,File accessed,-0.9788394231188726,66.46640275265707,1,0
2024-01-01 03:40:00,INFO,User login failed,0.9644906363850736,43.934608422586656,0,1
2024-01-01 03:41:00,ERROR,Unauthorized access attempt,-0.19311675942211748,19.023316378735988,5,0
2024-01-01 03:42:00,INFO,User login successful,0.5163134531585811,14.502257133696745,5,1
2024-01-01 03:43:00,CRITICAL,User login successful,-0.1692485667781125,9.23132990697705,2,0
2024-01-01 03:44:00,ERROR,User login failed,0.9079422665762147,12.140499787485297,0,1
2024-01-01 03:45:00,ERROR,Configuration change detected,0.0094942141839931,40.33073963392946,2,1
2024-01-01 03:46:00,DEBUG,File accessed,-0.991175679793769,28.878837750044116,4,1
2024-01-01 03:47:00,ERROR,Service started,-0.22726699293647457,99.00426475219876,5,0
2024-01-01 03:48:00,ERROR,Service stopped,0.8646188631698324,87.24884741951787,3,1
2024-01-01 03:49:00,ERROR,Unauthorized access attempt,-0.4670573017648445,71.89847761764315,0,1
2024-01-01 03:50:00,WARNING,Service stopped,-0.07160442457555094,59.26752653288686,0,0
2024-01-01 03:51:00,CRITICAL,Service started,0.5885748527547969,99.8313200676108,3,1
2024-01-01 03:52:00,WARNING,User login failed,-0.500147543422804,55.06826274639642,5,1
2024-01-01 03:53:00,WARNING,Unauthorized access attempt,-0.9592567804360033,90.89584045066213,1,1
2024-01-01 03:54:00,ERROR,File accessed,0.7122165049515496,35.54340645550208,3,1
2024-01-01 03:55:00,INFO,Unauthorized access attempt,-0.10136242359878977,61.24542681243125,2,1
2024-01-01 03:56:00,INFO,Service started,-0.9777438667906362,65.4753800924898,1,1
2024-01-01 03:57:00,ERROR,Unauthorized access attempt,-0.9572902202435776,14.494864401194,4,1
2024-01-01 03:58:00,DEBUG,Configuration change detected,0.20957598986297366,9.438584701123801,4,1
2024-01-01 03:59:00,CRITICAL,Configuration change detected,0.10686098261364219,17.872427141912873,2,1
2024-01-01 04:00:00,CRITICAL,File accessed,-0.22044021610754871,52.91874934135622,1,0
2024-01-01 04:01:00,INFO,Configuration change detected,-0.895897798515342,38.926445599146184,3,1
2024-01-01 04:02:00,DEBUG,User login successful,-0.9710695727278036,98.87757817949478,1,0
2024-01-01 04:03:00,INFO,File accessed,-0.4876467542255365,91.93940013362193,5,0
2024-01-01 04:04:00,DEBUG,File accessed,-0.38713002998847235,96.10703843723755,2,1
2024-01-01 04:05:00,INFO,File accessed,0.285773456552433,15.703936774775146,5,1
2024-01-01 04:06:00,INFO,User login failed,0.31573592605096934,28.31936112759722,0,0
2024-01-01 04:07:00,WARNING,Unauthorized access attempt,0.9709300651004595,97.37111375334081,2,0
2024-01-01 04:08:00,DEBUG,User login successful,-0.3146614183250833,35.107173423446156,2,0
2024-01-01 04:09:00,INFO,User login successful,-0.9588310902921948,76.02366657353257,5,0
2024-01-01 04:10:00,INFO,Service stopped,-0.6282629232733483,86.44253727813589,1,1
2024-01-01 04:11:00,WARNING,Unauthorized access attempt,-0.37758974021109615,87.18807583242386,2,1
2024-01-01 04:12:00,WARNING,User login failed,0.8800260981158268,59.89335517323976,2,1
2024-01-01 04:13:00,DEBUG,Configuration change detected,-0.8359073005543964,70.54369940914718,3,0
2024-01-01 04:14:00,DEBUG,Unauthorized access attempt,0.6660943265665602,99.66870288536357,4,1
2024-01-01 04:15:00,CRITICAL,Configuration change detected,0.8088239684642056,12.474075485035032,0,1
2024-01-01 04:16:00,DEBUG,User login successful,0.44495288398068844,86.3510569798485,1,0
2024-01-01 04:17:00,INFO,Configuration change detected,-0.8560245776026219,63.983754664134814,3,0
2024-01-01 04:18:00,CRITICAL,File accessed,0.7150457856254866,49.550273341468206,3,0
2024-01-01 04:19:00,WARNING,Unauthorized access attempt,0.11377758412189287,67.67324532484716,4,0
2024-01-01 04:20:00,CRITICAL,Service stopped,-0.9794213681928381,85.11478057693392,1,0
2024-01-01 04:21:00,INFO,User login successful,0.2520436542208704,35.78573284787945,3,0
2024-01-01 04:22:00,INFO,Service stopped,-0.8237195172981453,99.71246213980002,3,1
2024-01-01 04:23:00,DEBUG,Unauthorized access attempt,0.4744345866310402,73.00950964731317,0,0
2024-01-01 04:24:00,DEBUG,Unauthorized access attempt,-0.20993996523718228,86.84205084751001,0,0
2024-01-01 04:25:00,ERROR,Service started,-0.9665128076134872,16.40289293632845,5,1
2024-01-01 04:26:00,DEBUG,File accessed,0.9789346230920501,88.00361881108533,1,1
2024-01-01 04:27:00,CRITICAL,Unauthorized access attempt,-0.48592993349105185,20.91317853122673,1,0
2024-01-01 04:28:00,DEBUG,Service started,0.2681651297413814,88.89293050055765,4,0
2024-01-01 04:29:00,ERROR,User login failed,-0.4015817164033526,53.91914100907357,0,0
2024-01-01 04:30:00,ERROR,User login failed,0.009403003932064724,37.845747269815675,5,1
2024-01-01 04:31:00,WARNING,User login failed,0.4269073012423279,38.85121210606465,4,0
2024-01-01 04:32:00,DEBUG,User login successful,-0.320597896848402,27.129158075184034,4,1
2024-01-01 04:33:00,CRITICAL,User login failed,0.25632067286794635,1.4118521624835836,3,1
2024-01-01 04:34:00,WARNING,User login successful,-0.8661498002970083,59.67278248182815,1,0
2024-01-01 04:35:00,INFO,File accessed,0.08912287995738821,78.14389973865927,4,0
2024-01-01 04:36:00,INFO,Unauthorized access attempt,-0.8590032543635429,49.90793830138172,3,1
2024-01-01 04:37:00,DEBUG,Configuration change detected,-0.013748283069067835,9.551067797635529,1,1
2024-01-01 04:38:00,WARNING,Unauthorized access attempt,0.9072851335443048,22.43770795776121,3,1
2024-01-01 04:39:00,INFO,File accessed,0.6803349002250838,11.892483854734584,5,1
2024-01-01 04:40:00,ERROR,Service stopped,-0.25625024350989123,2.526388502931214,1,0
2024-01-01 04:41:00,INFO,Unauthorized access attempt,-0.6213051036678661,21.602313959764373,2,1
2024-01-01 04:42:00,WARNING,Service stopped,-0.33267509046799737,37.13675061695442,3,1
2024-01-01 04:43:00,WARNING,File accessed,0.05850249648904282,98.60094948160548,1,1
2024-01-01 04:44:00,DEBUG,Unauthorized access attempt,0.46287381559110563,65.78568578076626,3,1
2024-01-01 04:45:00,ERROR,Configuration change detected,-0.10533376520297799,43.45521899661143,3,1
2024-01-01 04:46:00,DEBUG,Unauthorized access attempt,0.3040958616126044,44.998609857105215,2,1
2024-01-01 04:47:00,CRITICAL,User login successful,0.5784706978647347,34.606044908497374,1,1
2024-01-01 04:48:00,INFO,User login failed,0.5154224088528463,87.6469206521617,1,0
2024-01-01 04:49:00,DEBUG,Service started,-0.270755190396057,76.56809158943152,4,1
2024-01-01 04:50:00,DEBUG,User login successful,-0.3605043358602935,38.84912336399005,3,0
2024-01-01 04:51:00,DEBUG,Service stopped,-0.365722682925401,53.403118529796664,2,0
2024-01-01 04:52:00,INFO,Service started,0.3238977257862041,22.18342363145791,0,1
2024-01-01 04:53:00,INFO,Service started,-0.6055264089349217,79.10739018724635,4,0
2024-01-01 04:54:00,WARNING,File accessed,-0.43296642376736094,40.6442132289667,2,1
2024-01-01 04:55:00,CRITICAL,Unauthorized access attempt,-0.6348412177777196,2.724516086344806,0,0
2024-01-01 04:56:00,ERROR,Configuration change detected,0.7334309772264174,74.63249849055798,3,0
2024-01-01 04:57:00,WARNING,Service stopped,0.8432113930675147,85.1343656545973,4,1
2024-01-01 04:58:00,WARNING,Unauthorized access attempt,-0.8237617384509521,13.489285146189808,0,0
2024-01-01 04:59:00,WARNING,File accessed,-0.22993927456899232,10.17717479534341,2,1
2024-01-01 05:00:00,ERROR,Configuration change detected,0.359504447422752,36.949794320360674,2,0
2024-01-01 05:01:00,CRITICAL,Service started,-0.04706699480747489,2.168387672849458,5,0
2024-01-01 05:02:00,CRITICAL,Configuration change detected,-0.49051422106922393,55.792873157099095,2,1
2024-01-01 05:03:00,INFO,User login successful,0.7490644625497016,21.329501101234023,1,1
2024-01-01 05:04:00,INFO,User login successful,-0.9083111116850036,95.16635111377153,0,1
2024-01-01 05:05:00,ERROR,Service stopped,0.2804591104759686,52.90119473126772,5,0
2024-01-01 05:06:00,CRITICAL,Service stopped,0.35484220945913103,60.125844255610644,2,1
2024-01-01 05:07:00,DEBUG,Service stopped,0.037591853243743145,3.5294062243746005,3,1
2024-01-01 05:08:00,DEBUG,Service stopped,0.03631207771052192,58.745412611734764,1,1
2024-01-01 05:09:00,WARNING,Unauthorized access attempt,0.8798881282072055,52.00400379398686,2,1
2024-01-01 05:10:00,DEBUG,Unauthorized access attempt,-0.7575341716485513,12.138537977435739,4,0
2024-01-01 05:11:00,DEBUG,User login failed,-0.3453801448654221,43.607861675814306,1,1
2024-01-01 05:12:00,DEBUG,File accessed,0.4448774845364345,28.030211994411506,1,0
2024-01-01 05:13:00,INFO,Configuration change detected,-0.662737361528444,79.10592556920624,4,1
2024-01-01 05:14:00,CRITICAL,Service stopped,0.8899569701838503,31.859478642284145,3,1
2024-01-01 05:15:00,CRITICAL,Service started,-0.9199418702671915,66.6526274787129,4,1
2024-01-01 05:16:00,DEBUG,Unauthorized access attempt,-0.045601915965216344,92.1391352891627,5,0
2024-01-01 05:17:00,DEBUG,User login failed,-0.17189094081591083,99.99606708872543,0,0
2024-01-01 05:18:00,INFO,Unauthorized access attempt,0.68469843577905,99.11379342420754,1,1
2024-01-01 05:19:00,WARNING,Configuration change detected,-0.08192013985711144,53.980251112920946,2,1
2024-01-01 05:20:00,CRITICAL,User login failed,0.12830880949883583,35.12851215787295,0,0
2024-01-01 05:21:00,INFO,User login successful,0.4426630393918125,62.71086602645192,5,1
2024-01-01 05:22:00,DEBUG,User login successful,0.13800468246809405,18.851844037243282,2,1
2024-01-01 05:23:00,WARNING,Unauthorized access attempt,0.961275573126493,62.82612859871962,0,0
2024-01-01 05:24:00,WARNING,Unauthorized access attempt,-0.684794882717281,85.80627544407716,0,1
2024-01-01 05:25:00,CRITICAL,Configuration change detected,0.825850713209932,90.35025123246615,5,1
2024-01-01 05:26:00,CRITICAL,Configuration change detected,0.3135760166562791,83.20974844923353,3,1
2024-01-01 05:27:00,WARNING,Unauthorized access attempt,-0.35460743444217413,49.409635449347306,0,1
2024-01-01 05:28:00,CRITICAL,Service started,0.3947092938639105,4.163406608769083,5,1
2024-01-01 05:29:00,CRITICAL,Service stopped,0.11276292022524603,63.14226063100586,1,0
2024-01-01 05:30:00,WARNING,Service stopped,0.6727725306337224,30.482743911535746,5,0
2024-01-01 05:31:00,ERROR,User login successful,0.9378330020815482,18.169144373130365,2,1
2024-01-01 05:32:00,CRITICAL,Service started,-0.07720595977125133,61.41439131646127,4,1
2024-01-01 05:33:00,INFO,User login failed,0.3164321970761843,66.97587542738096,0,1
2024-01-01 05:34:00,CRITICAL,Service stopped,-0.2062033938889185,40.34286320271957,4,0
2024-01-01 05:35:00,CRITICAL,Unauthorized access attempt,-0.4215750273339869,83.60731826466932,1,0
2024-01-01 05:36:00,DEBUG,Service started,0.3890303275810463,59.10276709850141,4,0
2024-01-01 05:37:00,ERROR,User login successful,-0.02341767406983708,99.15337117342575,5,0
2024-01-01 05:38:00,DEBUG,User login successful,0.7142047849196016,25.754969591001675,2,1
2024-01-01 05:39:00,INFO,Service stopped,0.6278641386921837,45.67337800608347,4,0
2024-01-01 05:40:00,ERROR,Unauthorized access attempt,-0.9853174432728167,93.22407886098681,1,1
2024-01-01 05:41:00,DEBUG,File accessed,-0.33234902457816795,18.67585606721589,0,1
2024-01-01 05:42:00,ERROR,File accessed,0.6641921762152319,9.615960010016432,0,0
2024-01-01 05:43:00,ERROR,Service stopped,0.6088450605690359,1.3989354792234225,3,0
2024-01-01 05:44:00,CRITICAL,File accessed,-0.2163326949915345,53.14975309515961,0,0
2024-01-01 05:45:00,WARNING,Unauthorized access attempt,-0.6011013977331723,12.014107351722416,4,0
2024-01-01 05:46:00,DEBUG,User login successful,-0.927696810667761,29.351871955430102,5,1
2024-01-01 05:47:00,DEBUG,Service stopped,0.01520698489708816,93.13231901852345,0,0
2024-01-01 05:48:00,ERROR,Configuration change detected,0.11289534024907333,7.146886547264142,2,0
2024-01-01 05:49:00,CRITICAL,User login failed,0.0736462114375036,26.37693937330856,4,1
2024-01-01 05:50:00,WARNING,File accessed,-0.6188732473170016,24.26597349676515,2,0
2024-01-01 05:51:00,WARNING,Unauthorized access attempt,-0.6282507516123741,33.72064779488981,3,0
2024-01-01 05:52:00,DEBUG,Service started,-0.0841446587728607,60.76543965506217,1,0
2024-01-01 05:53:00,INFO,Unauthorized access attempt,0.7547552523952115,12.707701997825941,0,1
2024-01-01 05:54:00,CRITICAL,Service started,0.5122039401738607,29.77905260347835,0,1
2024-01-01 05:55:00,DEBUG,User login failed,-0.5467517543833651,97.22734852281921,5,1
2024-01-01 05:56:00,DEBUG,File accessed,0.271977967373511,91.23660396969001,2,0
2024-01-01 05:57:00,WARNING,Service stopped,-0.3645247185964071,41.683816595501796,2,1
2024-01-01 05:58:00,INFO,User login failed,-0.4889317133802764,6.316865038863804,5,1
2024-01-01 05:59:00,CRITICAL,Service stopped,0.3745557070789769,81.6932977390255,0,0
2024-01-01 06:00:00,CRITICAL,Service started,-0.34720874918498934,37.323342217864955,3,0
2024-01-01 06:01:00,ERROR,File accessed,0.2730704026160391,25.65624454309985,4,0
2024-01-01 06:02:00,INFO,Service started,-0.9852811053422086,82.79240059127983,0,0
2024-01-01 06:03:00,CRITICAL,File accessed,0.6626016480917483,21.924159652790433,1,1
2024-01-01 06:04:00,WARNING,File accessed,-0.5359353018065631,58.044865023525205,5,0
2024-01-01 06:05:00,ERROR,User login successful,0.7915581944149916,38.644386290193516,5,0
2024-01-01 06:06:00,INFO,Service started,0.8711356969193338,69.89556580887091,3,1
2024-01-01 06:07:00,ERROR,Service started,-0.21584082855128717,24.672029118740717,0,1
2024-01-01 06:08:00,WARNING,Unauthorized access attempt,0.4715523538007731,80.84156500153142,5,0
2024-01-01 06:09:00,ERROR,File accessed,0.3520121773507787,4.893247033461352,5,0
2024-01-01 06:10:00,CRITICAL,File accessed,-0.19829430149751115,12.318463347209915,2,1
2024-01-01 06:11:00,INFO,Service started,0.21184390340974257,75.25808414310458,0,1
2024-01-01 06:12:00,DEBUG,Service stopped,-0.04860484152156119,25.236377278682237,4,1
2024-01-01 06:13:00,DEBUG,File accessed,-0.8855965903629048,3.453655125723369,0,1
2024-01-01 06:14:00,DEBUG,User login successful,0.006475283219560479,36.373131282493475,5,1
2024-01-01 06:15:00,DEBUG,Service stopped,-0.26071562937307524,98.10762426000156,0,0
2024-01-01 06:16:00,ERROR,Unauthorized access attempt,-0.3408505935061399,83.71216457536045,3,1
2024-01-01 06:17:00,DEBUG,Unauthorized access attempt,-0.4685547419917826,16.699100044429592,5,1
2024-01-01 06:18:00,ERROR,Service started,0.6420236667383628,26.208559853435034,5,0
2024-01-01 06:19:00,WARNING,Service stopped,-0.1838048425195311,7.1663303574854895,5,1
2024-01-01 06:20:00,INFO,File accessed,-0.07692636384206408,22.145998709023754,3,0
2024-01-01 06:21:00,ERROR,Service started,0.01885397891705365,91.74558987851869,1,1
2024-01-01 06:22:00,ERROR,User login successful,-0.9871736680489158,24.107450144205558,5,0
2024-01-01 06:23:00,DEBUG,User login failed,-0.29978366427926617,93.45748164125838,0,1
2024-01-01 06:24:00,ERROR,Unauthorized access attempt,-0.585106115484407,32.71169004410221,1,1
2024-01-01 06:25:00,ERROR,User login failed,-0.14535231128305837,48.2987337850723,4,1
2024-01-01 06:26:00,ERROR,Configuration change detected,0.9257086528804688,45.83996861416978,1,1
2024-01-01 06:27:00,ERROR,Service stopped,-0.3573090772975429,22.430435223520586,2,0
2024-01-01 06:28:00,INFO,Service started,-0.5684454665331449,78.31684416865323,3,1
2024-01-01 06:29:00,CRITICAL,File accessed,-0.11580949976275812,70.51205103585632,2,1
2024-01-01 06:30:00,WARNING,Service stopped,0.3008775536657795,66.0004974039868,2,1
2024-01-01 06:31:00,CRITICAL,Configuration change detected,-0.6139447126923576,28.999011022886037,0,0
2024-01-01 06:32:00,ERROR,User login failed,0.7511646816227207,5.902134389264614,2,1
2024-01-01 06:33:00,CRITICAL,File accessed,0.40867797613793044,9.150872091811319,4,1
2024-01-01 06:34:00,WARNING,Unauthorized access attempt,0.3551389680906327,59.78327111562749,3,0
2024-01-01 06:35:00,DEBUG,User login successful,-0.4661288463390161,87.32432308428002,0,0
2024-01-01 06:36:00,CRITICAL,Configuration change detected,0.0729327214141624,96.3464073170486,5,1
2024-01-01 06:37:00,CRITICAL,Service started,-0.8519782722885556,25.01262311719337,0,1
2024-01-01 06:38:00,WARNING,Unauthorized access attempt,-0.687528886355705,54.84482130464249,4,1
2024-01-01 06:39:00,DEBUG,Configuration change detected,-0.4485792404574136,25.463841272629743,1,1
2024-01-01 06:40:00,ERROR,Service started,0.889306640424979,36.3116754472899,2,0
2024-01-01 06:41:00,ERROR,User login successful,-0.3755538494424162,22.414557586338507,5,0
2024-01-01 06:42:00,CRITICAL,File accessed,0.9117279380962804,67.39169525572838,5,1
2024-01-01 06:43:00,DEBUG,Unauthorized access attempt,-0.5346423260818705,5.163119138464268,1,0
2024-01-01 06:44:00,ERROR,Unauthorized access attempt,0.18866982542704513,2.856581119029286,4,1
2024-01-01 06:45:00,WARNING,Service stopped,-0.8449950614641104,66.23330021916487,1,0
2024-01-01 06:46:00,INFO,User login successful,-0.7483606215741636,8.936884928951091,2,0
2024-01-01 06:47:00,INFO,Service started,-0.6845953503745608,93.21328542120165,0,1
2024-01-01 06:48:00,INFO,Unauthorized access attempt,-0.34211697758809434,48.76992862993795,1,0
2024-01-01 06:49:00,ERROR,User login failed,0.9927810123708767,15.711231810142364,1,1
2024-01-01 06:50:00,WARNING,Service stopped,-0.10504494160759892,80.9907002848956,5,0
2024-01-01 06:51:00,ERROR,Configuration change detected,0.8814730138208506,17.642820702942085,5,0
2024-01-01 06:52:00,INFO,Service stopped,-0.8021292550228423,57.93159855951221,0,1
2024-01-01 06:53:00,DEBUG,User login failed,-0.008283093527506225,65.82619202402462,0,1
2024-01-01 06:54:00,INFO,User login failed,0.5577250881652331,50.268574026737454,1,0
2024-01-01 06:55:00,DEBUG,File accessed,-0.18249524888896151,47.85029265711472,3,1
2024-01-01 06:56:00,DEBUG,Unauthorized access attempt,0.6473762494624002,22.52234633681123,1,1
2024-01-01 06:57:00,INFO,Unauthorized access attempt,-0.49059341258453193,16.123389041310944,0,1
2024-01-01 06:58:00,ERROR,Configuration change detected,-0.3772465333047905,59.16538484213266,3,1
2024-01-01 06:59:00,DEBUG,User login failed,0.5318958342617586,57.75158579809309,4,1
2024-01-01 07:00:00,INFO,User login successful,0.6602027315133812,15.898474461047098,3,0
2024-01-01 07:01:00,INFO,File accessed,0.5136210541857851,44.69941544222202,3,1
2024-01-01 07:02:00,INFO,User login successful,-0.32662664105386163,97.64572466510404,5,1
2024-01-01 07:03:00,CRITICAL,Unauthorized access attempt,-0.9330756615041673,68.67918087403652,0,1
2024-01-01 07:04:00,DEBUG,Configuration change detected,0.05479624027675012,8.464991530467378,1,0
2024-01-01 07:05:00,INFO,Service stopped,-0.8033849994434665,65.62545563419813,0,1
2024-01-01 07:06:00,ERROR,File accessed,-0.07692104555171442,47.01114991686017,1,1
2024-01-01 07:07:00,WARNING,File accessed,-0.03898053981430616,29.958936546797172,0,0
2024-01-01 07:08:00,CRITICAL,User login failed,-0.8683075983989024,73.94317894535223,1,0
2024-01-01 07:09:00,CRITICAL,Service started,0.8258513049807248,79.82453133288942,3,0
2024-01-01 07:10:00,CRITICAL,User login successful,0.40124022691029393,9.099493799418628,2,1
2024-01-01 07:11:00,INFO,Unauthorized access attempt,0.2093054332979014,89.98025834686224,0,0
2024-01-01 07:12:00,ERROR,Configuration change detected,0.7660939890261582,17.02001161196649,0,0
2024-01-01 07:13:00,ERROR,User login failed,-0.6106592739682164,29.080988129385666,5,1
2024-01-01 07:14:00,ERROR,User login failed,0.9985704519115626,31.05984106976727,5,1
2024-01-01 07:15:00,DEBUG,Configuration change detected,0.5503261942383495,66.58160188374497,3,1
2024-01-01 07:16:00,CRITICAL,Configuration change detected,0.8454261629910793,39.78963945832371,4,0
2024-01-01 07:17:00,INFO,File accessed,0.04211924302518266,84.79665287910572,3,0
2024-01-01 07:18:00,DEBUG,Service stopped,-0.5971151741214795,70.47556230107274,0,0
2024-01-01 07:19:00,DEBUG,Configuration change detected,0.6942044149548587,67.38154709102778,4,1
2024-01-01 07:20:00,INFO,User login failed,-0.18043181581571566,86.10217191825997,5,1
2024-01-01 07:21:00,DEBUG,Configuration change detected,-0.12540349010171492,50.343170012092614,1,0
2024-01-01 07:22:00,WARNING,User login successful,-0.6449417811369835,20.791912614143875,1,0
2024-01-01 07:23:00,ERROR,File accessed,-0.8594620944212765,66.62311802516112,5,1
2024-01-01 07:24:00,DEBUG,Service stopped,0.20772087350561752,67.05271205705202,1,1
2024-01-01 07:25:00,DEBUG,Configuration change detected,-0.45989233279177344,45.07516575244731,5,0
2024-01-01 07:26:00,CRITICAL,Configuration change detected,-0.4820531795578775,48.028279726891775,3,0
2024-01-01 07:27:00,WARNING,User login failed,-0.8897468094656977,13.157902612986142,4,0
2024-01-01 07:28:00,ERROR,User login successful,-0.15524726113501064,34.417589692225015,5,1
2024-01-01 07:29:00,WARNING,Unauthorized access attempt,0.6308944324643742,99.36686500228903,3,0
2024-01-01 07:30:00,CRITICAL,File accessed,0.44538484594419714,79.91235603217527,0,1
2024-01-01 07:31:00,CRITICAL,User login failed,0.49366157307606895,32.19468744211086,2,1
2024-01-01 07:32:00,WARNING,Unauthorized access attempt,-0.9109863537949674,20.362118481729336,5,0
2024-01-01 07:33:00,ERROR,User login failed,0.3059741370234388,28.68152861679243,2,0
2024-01-01 07:34:00,ERROR,File accessed,-0.7801949530828725,26.845004667739587,3,0
2024-01-01 07:35:00,ERROR,Configuration change detected,-0.4837087403560483,75.87484191785836,0,0
2024-01-01 07:36:00,WARNING,File accessed,-0.6318993027606281,82.08062902773815,4,1
2024-01-01 07:37:00,INFO,Service started,-0.9539820816475468,16.057169675418976,2,0
2024-01-01 07:38:00,WARNING,Service started,-0.8940512196495702,31.36432373175679,5,0
2024-01-01 07:39:00,WARNING,User login successful,-0.09746521108606743,35.349836816050754,1,1
2024-01-01 07:40:00,WARNING,User login successful,0.18208576291575151,25.172878895435822,0,1
2024-01-01 07:41:00,DEBUG,User login failed,-0.10736749558575864,97.42573766023413,0,1
2024-01-01 07:42:00,WARNING,Service started,0.40530176653673644,95.9696085524576,2,0
2024-01-01 07:43:00,DEBUG,File accessed,0.9126050233046257,24.147734137469378,0,1
2024-01-01 07:44:00,DEBUG,Service started,0.03307844877130739,46.43352113569312,1,0
2024-01-01 07:45:00,ERROR,User login successful,-0.25145485922076105,98.94448564462175,0,0
2024-01-01 07:46:00,WARNING,User login successful,0.8637720529493571,6.323506043881512,0,1
2024-01-01 07:47:00,INFO,Service stopped,-0.361019145876879,19.84323926337275,1,0
2024-01-01 07:48:00,ERROR,Configuration change detected,0.6188888390250618,69.45389608926446,3,0
2024-01-01 07:49:00,CRITICAL,Service stopped,0.09726829840554463,21.24104723990469,5,1
2024-01-01 07:50:00,ERROR,User login failed,-0.4626372298270063,80.42901783023407,2,0
2024-01-01 07:51:00,WARNING,Configuration change detected,0.426349811344344,2.902344889161544,5,0
2024-01-01 07:52:00,CRITICAL,User login successful,0.5705816697605401,72.7460833011436,0,1
2024-01-01 07:53:00,CRITICAL,User login successful,0.8443533281368611,2.5575906744712102,2,0
2024-01-01 07:54:00,ERROR,User login successful,0.4320126314456487,21.82134880204807,4,1
2024-01-01 07:55:00,DEBUG,Service stopped,-0.4253538277312068,54.76224820533917,5,1
2024-01-01 07:56:00,INFO,User login successful,-0.5309491938115238,45.10773603079611,1,1
2024-01-01 07:57:00,INFO,Unauthorized access attempt,-0.07405614847237385,7.5174390939909035,5,0
2024-01-01 07:58:00,ERROR,Service started,0.992654221938368,2.650553369996789,5,0
2024-01-01 07:59:00,INFO,User login failed,-0.815673179684306,25.985564692065015,1,1
2024-01-01 08:00:00,WARNING,Service stopped,-0.3515060425738423,25.1914557802301,1,0
2024-01-01 08:01:00,ERROR,File accessed,0.5911492672375747,49.95582735194842,3,0
2024-01-01 08:02:00,INFO,User login failed,-0.40936413368926505,37.528874460777665,2,0
2024-01-01 08:03:00,INFO,File accessed,0.4918229088703301,79.84216343668155,3,0
2024-01-01 08:04:00,CRITICAL,Service stopped,-0.6257983207502844,91.66961142882866,1,1
2024-01-01 08:05:00,CRITICAL,Configuration change detected,0.681823656453179,17.40901093938505,4,1
2024-01-01 08:06:00,WARNING,Service stopped,-0.9091232739313324,24.253908001881108,0,1
2024-01-01 08:07:00,ERROR,File accessed,-0.25886612409158416,18.821273475486723,2,1
2024-01-01 08:08:00,WARNING,File accessed,-0.5091821343163683,19.660362979077735,3,1
2024-01-01 08:09:00,INFO,Unauthorized access attempt,0.32337919452383646,53.18408357655449,2,1
2024-01-01 08:10:00,ERROR,Service started,0.29452315965243003,10.505819835964328,2,1
2024-01-01 08:11:00,CRITICAL,File accessed,-0.7517356930992585,65.50326601204982,3,1
2024-01-01 08:12:00,INFO,Unauthorized access attempt,0.32925954095665855,97.7327765615757,1,1
2024-01-01 08:13:00,CRITICAL,Service stopped,0.7532242378263903,18.73086584387711,4,0
2024-01-01 08:14:00,CRITICAL,File accessed,0.31259121579036453,59.880047024746766,3,1
2024-01-01 08:15:00,ERROR,Configuration change detected,0.720693688389709,33.55750899137727,5,1
2024-01-01 08:16:00,WARNING,Service stopped,-0.042519235059122584,74.43663553600403,5,0
2024-01-01 08:17:00,DEBUG,Configuration change detected,0.680141799624423,62.385673073683726,2,0
2024-01-01 08:18:00,INFO,Service stopped,0.5154842654162357,45.54905153795231,3,1
2024-01-01 08:19:00,DEBUG,Configuration change detected,-0.1351295628541962,89.47669213797991,2,1
2024-01-01 08:20:00,WARNING,File accessed,-0.4031931446387964,39.28886014888017,5,1
2024-01-01 08:21:00,DEBUG,Service stopped,0.04547614784291909,14.801384462864915,0,1
2024-01-01 08:22:00,CRITICAL,User login failed,0.4072108914196193,48.15986335396628,5,0
2024-01-01 08:23:00,WARNING,Unauthorized access attempt,-0.4649678909786421,48.84736144003465,1,1
2024-01-01 08:24:00,WARNING,Service started,-0.7170138340810697,73.60413548514857,5,0
2024-01-01 08:25:00,INFO,Service stopped,0.11669711913206027,76.84697800186233,0,0
2024-01-01 08:26:00,DEBUG,Service started,0.03713592882635108,44.64759880536279,4,1
2024-01-01 08:27:00,INFO,Unauthorized access attempt,0.44168221170955246,52.80521280266624,2,1
2024-01-01 08:28:00,WARNING,User login failed,0.02753265682722139,19.370810660973905,3,1
2024-01-01 08:29:00,INFO,User login failed,-0.7334306895005251,76.3459781887038,3,1
2024-01-01 08:30:00,DEBUG,User login successful,0.008023066451220862,78.46519177836618,0,1
2024-01-01 08:31:00,ERROR,Unauthorized access attempt,0.6312331494980461,51.00248465976736,3,0
2024-01-01 08:32:00,ERROR,Service stopped,-0.3150475056604187,78.69784226346829,0,0
2024-01-01 08:33:00,INFO,User login successful,-0.47096586547772357,31.6410483444236,4,1
2024-01-01 08:34:00,WARNING,Service started,0.13850482701119615,48.573089214783266,1,1
2024-01-01 08:35:00,ERROR,Service started,0.3356880647216014,48.91505431305698,0,0
2024-01-01 08:36:00,INFO,File accessed,0.011272425419616372,79.46759724307815,4,1
2024-01-01 08:37:00,DEBUG,Service started,-0.8391373016926889,73.53023948336435,3,1
2024-01-01 08:38:00,CRITICAL,User login failed,-0.2072137479956826,80.49480764791726,2,1
2024-01-01 08:39:00,ERROR,User login successful,-0.3553139488593098,50.07568832281066,0,1
2024-01-01 08:40:00,CRITICAL,User login failed,-0.8698578113417994,46.08633748752842,5,1
2024-01-01 08:41:00,WARNING,User login failed,0.5694473589001314,24.50247894780273,4,1
2024-01-01 08:42:00,ERROR,File accessed,0.44839529591420435,80.79909976368684,5,1
2024-01-01 08:43:00,CRITICAL,Configuration change detected,-0.24175272387838964,49.119684727885755,4,1
2024-01-01 08:44:00,DEBUG,User login successful,0.7620946451854931,27.824141051874893,0,1
2024-01-01 08:45:00,INFO,Service started,-0.45052541999331686,37.34022832771949,4,1
2024-01-01 08:46:00,DEBUG,Unauthorized access attempt,-0.6385158412574374,3.409528884573224,5,0
2024-01-01 08:47:00,WARNING,Service stopped,0.9033798510196394,77.23866469934353,3,0
2024-01-01 08:48:00,ERROR,User login successful,0.4792003936657787,59.81399100711965,4,0
2024-01-01 08:49:00,ERROR,File accessed,0.3804773597106661,66.96176868666156,0,0
2024-01-01 08:50:00,DEBUG,User login successful,0.7167826155194268,47.807189058899866,3,1
2024-01-01 08:51:00,WARNING,Configuration change detected,0.2635623019193387,36.707492340074175,5,0
2024-01-01 08:52:00,WARNING,Service stopped,-0.7872457002133411,65.27088426646486,3,1
2024-01-01 08:53:00,WARNING,User login failed,0.4687485513317604,72.45546575284045,2,0
2024-01-01 08:54:00,WARNING,Unauthorized access attempt,-0.437602479754041,96.0827838653824,5,0
2024-01-01 08:55:00,INFO,User login successful,0.8269090408581374,4.480099359895577,3,0
2024-01-01 08:56:00,CRITICAL,User login successful,-0.4767132090567141,6.167064263442345,0,1
2024-01-01 08:57:00,WARNING,User login successful,-0.9602482395886258,43.75847067067704,1,0
2024-01-01 08:58:00,ERROR,User login failed,0.7192822246631376,92.04778920762267,2,1
2024-01-01 08:59:00,WARNING,Unauthorized access attempt,0.042279865713277465,67.92823662021885,4,0
2024-01-01 09:00:00,ERROR,Service started,0.06375254029995214,28.35203531884961,2,1
2024-01-01 09:01:00,INFO,User login failed,-0.26380848002535306,23.160095245047167,4,1
2024-01-01 09:02:00,ERROR,Unauthorized access attempt,0.09722528079992565,20.749393146709444,2,1
2024-01-01 09:03:00,DEBUG,Configuration change detected,-0.7447245566813725,92.62439613068064,4,1
2024-01-01 09:04:00,DEBUG,Configuration change detected,-0.9274511421123199,97.72657657813822,1,1
2024-01-01 09:05:00,ERROR,User login failed,0.16907346768814557,6.5149097920221966,5,0
2024-01-01 09:06:00,WARNING,Service started,0.031581195135077955,19.399803694224033,0,1
2024-01-01 09:07:00,DEBUG,Service stopped,-0.29962955311022954,9.364632201665472,4,1
2024-01-01 09:08:00,ERROR,User login failed,0.09310113946072307,57.238614548949656,5,0
2024-01-01 09:09:00,DEBUG,User login successful,0.5682952207194805,15.277472170458804,0,0
2024-01-01 09:10:00,WARNING,Service started,0.7610441224759148,41.62324930465679,4,1
2024-01-01 09:11:00,WARNING,File accessed,0.06373913009298593,97.66175447585795,5,0
2024-01-01 09:12:00,ERROR,Service stopped,-0.1328918111931654,64.41283837102674,2,1
2024-01-01 09:13:00,INFO,File accessed,-0.28787718470328194,9.524609450549551,5,1
2024-01-01 09:14:00,CRITICAL,User login failed,0.17931184149012447,39.52043803386996,5,1
2024-01-01 09:15:00,WARNING,Service stopped,0.4604957946860768,89.92657238460816,5,1
2024-01-01 09:16:00,INFO,Service stopped,-0.7079490284020447,13.504286521526568,4,1
2024-01-01 09:17:00,CRITICAL,Service started,-0.02660768413018011,19.019723042835416,4,1
2024-01-01 09:18:00,WARNING,User login successful,0.8132524988128105,10.349879673414055,3,1
2024-01-01 09:19:00,ERROR,User login failed,-0.8383486131205831,51.90083780524052,1,1
2024-01-01 09:20:00,CRITICAL,Service started,-0.2142368597995432,97.96189294409776,0,0
2024-01-01 09:21:00,CRITICAL,Unauthorized access attempt,-0.410047212005596,25.198813812262834,1,1
2024-01-01 09:22:00,WARNING,Service stopped,-0.21593631135567026,44.251410667379375,1,0
2024-01-01 09:23:00,ERROR,Service started,0.7499442100835754,13.06389277160335,4,0
2024-01-01 09:24:00,WARNING,File accessed,-0.9421005388071966,2.1557024320464837,1,1
2024-01-01 09:25:00,DEBUG,User login failed,0.7932319927493092,13.773535060808179,2,0
2024-01-01 09:26:00,DEBUG,Service started,-0.7367633877200248,88.88659978029203,1,1
2024-01-01 09:27:00,INFO,User login successful,0.8919456342473828,56.55480159758796,1,0
2024-01-01 09:28:00,CRITICAL,Service started,-0.838086944976238,82.86053872846634,3,1
2024-01-01 09:29:00,WARNING,Configuration change detected,-0.2574440195957024,27.151630821425574,1,1
2024-01-01 09:30:00,ERROR,User login successful,0.020704822757620533,89.33631133653238,1,0
2024-01-01 09:31:00,WARNING,Configuration change detected,0.8781138554419485,99.20082564709837,5,1
2024-01-01 09:32:00,ERROR,User login failed,0.3745203358761269,20.955169701449393,3,1
2024-01-01 09:33:00,ERROR,Unauthorized access attempt,-0.20931725980806082,35.73077781676682,5,1
2024-01-01 09:34:00,WARNING,Service stopped,-0.2050637105455222,72.72781038803842,1,0
2024-01-01 09:35:00,ERROR,User login failed,-0.28338845659398126,42.343077797439875,4,1
2024-01-01 09:36:00,DEBUG,Service stopped,-0.5324715518638661,21.079222307287075,5,0
2024-01-01 09:37:00,DEBUG,Configuration change detected,0.16511332037168702,73.38702813055187,3,1
2024-01-01 09:38:00,WARNING,User login failed,-0.6944685815711074,18.019957854740177,0,1
2024-01-01 09:39:00,CRITICAL,Service started,-0.8247971456416143,38.936745455060354,3,1
2024-01-01 09:40:00,WARNING,Unauthorized access attempt,-0.48727162136309676,28.38177025728797,4,0
2024-01-01 09:41:00,ERROR,Service stopped,-0.0548554442217879,56.39170592499745,4,1
2024-01-01 09:42:00,ERROR,Configuration change detected,-0.8794254740242891,8.30246640211292,4,0
2024-01-01 09:43:00,INFO,File accessed,0.45500516527885315,95.73937515082744,4,0
2024-01-01 09:44:00,CRITICAL,File accessed,0.16690082523592764,78.46882449405781,2,1
2024-01-01 09:45:00,CRITICAL,Service stopped,0.5593470992576026,18.17981292759331,2,1
2024-01-01 09:46:00,WARNING,Service started,0.6154706974732722,78.70626228451499,4,0
2024-01-01 09:47:00,WARNING,Configuration change detected,0.9728986869561382,25.984332145882355,4,0
2024-01-01 09:48:00,CRITICAL,File accessed,0.6013308131619857,60.95258317299721,4,1
2024-01-01 09:49:00,DEBUG,File accessed,-0.7414045835212273,61.77159536670055,3,1
2024-01-01 09:50:00,CRITICAL,Unauthorized access attempt,0.12375254206048347,58.70438064110658,2,1
2024-01-01 09:51:00,INFO,User login successful,-0.9028435351944637,67.62675631201245,5,1
2024-01-01 09:52:00,INFO,User login successful,-0.07861058011413458,10.688899341949044,2,0
2024-01-01 09:53:00,WARNING,Service started,0.5389612239872854,56.79781090685056,3,0
2024-01-01 09:54:00,WARNING,User login failed,0.356412410272511,7.98034393550788,1,1
2024-01-01 09:55:00,ERROR,User login successful,-0.2617451253875822,6.143852332103272,3,0
2024-01-01 09:56:00,ERROR,File accessed,0.20722546817323728,1.0179710296218865,2,1
2024-01-01 09:57:00,CRITICAL,Configuration change detected,0.07131086960296673,59.38658877475137,4,1
2024-01-01 09:58:00,DEBUG,Service stopped,0.2789409087172372,92.75806697244246,4,1
2024-01-01 09:59:00,DEBUG,Configuration change detected,0.14577273690831727,9.741434434846493,1,1
2024-01-01 10:00:00,DEBUG,File accessed,0.64647108017806,95.83189070774658,5,1
2024-01-01 10:01:00,INFO,Service started,0.8266787327763092,80.05886077939829,5,1
2024-01-01 10:02:00,DEBUG,User login successful,-0.27293573931226844,81.90720886034552,3,0
2024-01-01 10:03:00,CRITICAL,File accessed,0.319018641766607,55.881329544095415,1,1
2024-01-01 10:04:00,INFO,User login failed,-0.06463043337768148,73.6782645698999,0,1
2024-01-01 10:05:00,ERROR,Unauthorized access attempt,0.05657425858215159,89.5972832363157,3,0
2024-01-01 10:06:00,WARNING,User login successful,-0.559261109649348,54.441605881306266,5,0
2024-01-01 10:07:00,INFO,File accessed,0.3919226425525193,5.7238792291137965,4,1
2024-01-01 10:08:00,CRITICAL,Service stopped,0.7756671496485545,22.648167968974647,1,1
2024-01-01 10:09:00,DEBUG,File accessed,0.35308731486410827,26.193779336375048,5,0
2024-01-01 10:10:00,DEBUG,User login successful,-0.8110661867933417,27.694016712642718,4,0
2024-01-01 10:11:00,WARNING,User login successful,-0.2742007359064975,59.58586176194668,4,1
2024-01-01 10:12:00,WARNING,File accessed,-0.16548500082688267,85.2681082732705,3,0
2024-01-01 10:13:00,CRITICAL,Configuration change detected,-0.7471008938131334,71.38776966999447,1,1
2024-01-01 10:14:00,DEBUG,User login failed,0.6307497299487446,31.008370960718846,3,0
2024-01-01 10:15:00,WARNING,Service started,0.8083698630208449,99.52480081654501,2,1
2024-01-01 10:16:00,DEBUG,File accessed,-0.2905908281667089,45.20762141501845,3,1
2024-01-01 10:17:00,INFO,User login failed,-0.6463205461459023,26.25220042529273,2,1
2024-01-01 10:18:00,ERROR,Service stopped,-0.9225957835762688,60.586156707135366,0,1
2024-01-01 10:19:00,DEBUG,Unauthorized access attempt,-0.6331151950101144,28.093748982299722,5,0
2024-01-01 10:20:00,INFO,User login failed,-0.793440385329599,19.350022304177852,1,0
2024-01-01 10:21:00,WARNING,User login failed,0.056318732449872844,70.83048160119691,4,1
2024-01-01 10:22:00,ERROR,Service started,-0.3696588735658828,94.75472115962086,3,1
2024-01-01 10:23:00,WARNING,Configuration change detected,0.22407227138366825,60.997147079132674,1,0
2024-01-01 10:24:00,ERROR,Service stopped,0.232875369382618,70.09942036682959,5,0
2024-01-01 10:25:00,WARNING,Service stopped,-0.012658238161236346,47.549743185418926,2,0
2024-01-01 10:26:00,DEBUG,Unauthorized access attempt,-0.7730985289378769,39.60560792431654,5,1
2024-01-01 10:27:00,ERROR,Service started,-0.39854438441760753,4.655690573009806,5,1
2024-01-01 10:28:00,CRITICAL,Configuration change detected,0.3976751030455852,60.07518753209093,5,0
2024-01-01 10:29:00,ERROR,File accessed,-0.1988663742715544,87.12793309482201,0,0
2024-01-01 10:30:00,WARNING,Service stopped,0.7165225139547848,12.254361313440434,2,1
2024-01-01 10:31:00,ERROR,User login successful,0.7595032028835094,90.52246381379756,5,1
2024-01-01 10:32:00,CRITICAL,Service stopped,0.9656456692296833,64.62467849999139,0,0
2024-01-01 10:33:00,DEBUG,Unauthorized access attempt,-0.8207734830220752,24.69213513376874,4,1
2024-01-01 10:34:00,DEBUG,Service started,-0.02767769414946919,21.056291303822654,3,1
2024-01-01 10:35:00,DEBUG,Unauthorized access attempt,-0.30915746746799466,73.47615158579626,3,1
2024-01-01 10:36:00,ERROR,Service stopped,-0.8244365757050234,77.93833065628878,1,0
2024-01-01 10:37:00,INFO,File accessed,0.1880982578195336,54.00458952824082,3,1
2024-01-01 10:38:00,CRITICAL,User login successful,-0.765560272008663,40.683559099079176,5,0
2024-01-01 10:39:00,DEBUG,Unauthorized access attempt,0.31425866029970995,80.42290816124412,5,1
2024-01-01 10:40:00,CRITICAL,File accessed,0.6481629551128003,24.43458698741271,1,1
2024-01-01 10:41:00,WARNING,User login successful,-0.330713284494512,97.49322814875042,5,0
2024-01-01 10:42:00,INFO,Service stopped,-0.32084429698936656,17.370058170984244,5,0
2024-01-01 10:43:00,WARNING,Service started,0.7974857237042203,81.07953888024115,1,1
2024-01-01 10:44:00,DEBUG,Service started,0.695110151537931,82.8378776060333,2,0
2024-01-01 10:45:00,ERROR,User login failed,-0.22850699577215616,38.09321774110907,1,1
2024-01-01 10:46:00,CRITICAL,Unauthorized access attempt,0.9823009903709681,11.396735328144208,4,0
2024-01-01 10:47:00,DEBUG,Service stopped,0.8990705220655146,42.046903665439864,1,0
2024-01-01 10:48:00,INFO,Unauthorized access attempt,0.31187777604685607,33.88998329673143,4,1
2024-01-01 10:49:00,CRITICAL,Unauthorized access attempt,0.6334830908331057,14.401176315046014,4,1
2024-01-01 10:50:00,DEBUG,Configuration change detected,-0.6987186983282441,92.29725200637263,0,1
2024-01-01 10:51:00,INFO,File accessed,0.6853548030284857,17.66003488098787,5,1
2024-01-01 10:52:00,WARNING,Configuration change detected,0.07478677649665011,90.46163052572585,1,1
2024-01-01 10:53:00,CRITICAL,File accessed,-0.9924878670960549,20.07203111129336,1,0
2024-01-01 10:54:00,CRITICAL,User login successful,-0.5031174484118985,47.04241774357806,1,0
2024-01-01 10:55:00,INFO,User login failed,0.8657391894490878,16.27107214142147,5,1
2024-01-01 10:56:00,WARNING,Service started,0.16438707545204134,67.62736116343179,0,1
2024-01-01 10:57:00,DEBUG,File accessed,-0.9362082706703472,21.39663911842966,1,0
2024-01-01 10:58:00,INFO,User login successful,-0.8878554852255158,78.54669695324468,2,1
2024-01-01 10:59:00,WARNING,Service started,0.7812720890612939,19.548799814112538,5,1
2024-01-01 11:00:00,ERROR,Unauthorized access attempt,-0.24501781020841018,92.13037132673284,3,0
2024-01-01 11:01:00,ERROR,Unauthorized access attempt,-0.8752854904266927,41.85020840693094,2,0
2024-01-01 11:02:00,WARNING,Service started,-0.25194004689408733,58.370350360498634,5,0
2024-01-01 11:03:00,ERROR,User login failed,0.04140338430363544,66.89074575079012,2,0
2024-01-01 11:04:00,INFO,Configuration change detected,-0.25219334102398183,53.18024345244894,2,1
2024-01-01 11:05:00,DEBUG,User login successful,-0.7952167289737841,89.63270436682289,0,1
2024-01-01 11:06:00,CRITICAL,Configuration change detected,-0.494002309853246,83.24946192369612,5,0
2024-01-01 11:07:00,ERROR,Service stopped,-0.24581164392030974,21.07477306558656,5,1
2024-01-01 11:08:00,ERROR,Unauthorized access attempt,-0.5402799736561152,79.86176638215848,0,0
2024-01-01 11:09:00,DEBUG,User login failed,-0.543552415571599,81.82572644405607,0,0
2024-01-01 11:10:00,ERROR,Configuration change detected,0.4799680902400132,28.30068518141145,4,1
2024-01-01 11:11:00,CRITICAL,User login failed,0.51075348159988,58.911979539648044,3,1
2024-01-01 11:12:00,DEBUG,Service stopped,0.8198493013699515,29.5499146605932,1,1
2024-01-01 11:13:00,CRITICAL,Service stopped,-0.9603424920368087,63.6184716698965,4,1
2024-01-01 11:14:00,ERROR,Configuration change detected,-0.21985583777253725,1.6366497382099705,3,1
2024-01-01 11:15:00,WARNING,Service started,0.9407332061486948,89.29641395571733,5,0
2024-01-01 11:16:00,DEBUG,User login successful,0.20213282698499802,21.469573662414316,3,1
2024-01-01 11:17:00,INFO,Configuration change detected,0.574014105861886,74.77730627999101,5,1
2024-01-01 11:18:00,INFO,User login successful,-0.4461375256305957,74.71372153788275,4,1
2024-01-01 11:19:00,WARNING,Service started,-0.4100846261832072,33.54438874199799,5,1
2024-01-01 11:20:00,INFO,File accessed,-0.3224922799555543,48.98607924599463,0,1
2024-01-01 11:21:00,INFO,Unauthorized access attempt,0.567264961421668,44.41073574514268,3,0
2024-01-01 11:22:00,ERROR,User login failed,0.8289613443222288,34.79713797662046,5,0
2024-01-01 11:23:00,INFO,User login failed,0.8795055458664773,3.8271523374575027,4,1
2024-01-01 11:24:00,ERROR,Service started,-0.7604457776687024,27.202453989458085,4,1
2024-01-01 11:25:00,INFO,Service started,0.43399002498784345,17.4229295806521,5,1
2024-01-01 11:26:00,WARNING,Service started,-0.34118554300179516,83.50463757036077,5,0
2024-01-01 11:27:00,ERROR,Service stopped,0.30197598400199555,96.7097587060734,3,0
2024-01-01 11:28:00,CRITICAL,User login failed,-0.44428296398657796,14.594771860614511,1,1
2024-01-01 11:29:00,INFO,Service stopped,-0.6449972091513532,97.16059424753468,0,1
2024-01-01 11:30:00,INFO,Service started,-0.6173960741539968,57.8836915290631,1,1
2024-01-01 11:31:00,DEBUG,Service stopped,-0.326936083072328,11.631639729480272,2,1
2024-01-01 11:32:00,WARNING,Configuration change detected,0.9752923493315777,35.0277040831756,4,0
2024-01-01 11:33:00,INFO,Configuration change detected,0.9144428257844397,70.57253118731062,0,1
2024-01-01 11:34:00,INFO,Service stopped,0.6239265555230209,39.48799124813219,3,1
2024-01-01 11:35:00,ERROR,User login failed,-0.34196167377333,46.15301800524339,3,1
2024-01-01 11:36:00,CRITICAL,User login successful,-0.7295180074965348,27.28136434099432,5,1
2024-01-01 11:37:00,CRITICAL,Unauthorized access attempt,-0.5514077339345904,58.236711287488646,3,0
2024-01-01 11:38:00,CRITICAL,Unauthorized access attempt,0.565223002683229,21.099237769238293,0,1
2024-01-01 11:39:00,ERROR,Configuration change detected,-0.7596124201891243,97.58460211121557,2,1
2024-01-01 11:40:00,CRITICAL,File accessed,-0.36502313665207486,22.623297455021934,3,0
2024-01-01 11:41:00,DEBUG,User login failed,-0.38363237784320003,36.42325344837578,4,1
2024-01-01 11:42:00,ERROR,Service started,0.5070553538210483,59.0903571909577,1,1
2024-01-01 11:43:00,DEBUG,Unauthorized access attempt,-0.4369944486368109,62.14443900325482,3,1
2024-01-01 11:44:00,ERROR,Service started,0.47920138412072233,3.258399984608304,5,0
2024-01-01 11:45:00,ERROR,Service stopped,-0.21828919402182811,39.80499260640636,0,1
2024-01-01 11:46:00,DEBUG,Service started,0.582702770120348,11.531233791727146,3,1
2024-01-01 11:47:00,INFO,Configuration change detected,-0.2246732612804827,54.52087589317122,4,1
2024-01-01 11:48:00,DEBUG,File accessed,0.14685380143829851,16.192809881141407,5,1
2024-01-01 11:49:00,DEBUG,Configuration change detected,-0.9822711359342908,65.17801964393836,0,1
2024-01-01 11:50:00,WARNING,Service started,-0.29565955437434965,67.08268691233171,5,0
2024-01-01 11:51:00,ERROR,Service stopped,0.9461673164837783,99.91644973872496,4,1
2024-01-01 11:52:00,CRITICAL,Configuration change detected,0.25992726627185636,71.34330015468448,2,1
2024-01-01 11:53:00,INFO,Configuration change detected,-0.6602874466152244,98.05914758708026,1,1
2024-01-01 11:54:00,DEBUG,User login successful,0.44783528379691306,79.72227384623409,3,1
2024-01-01 11:55:00,CRITICAL,Unauthorized access attempt,-0.5330560591187228,37.1538698579914,1,1
2024-01-01 11:56:00,WARNING,Configuration change detected,0.3355181688186002,67.67649392506833,5,0
2024-01-01 11:57:00,WARNING,Configuration change detected,0.5224201482810391,82.17782169129644,3,1
2024-01-01 11:58:00,WARNING,Configuration change detected,-0.03123037439083065,67.29634558196312,5,0
2024-01-01 11:59:00,INFO,Service stopped,0.8331497584555205,33.95056842595105,5,1
2024-01-01 12:00:00,INFO,User login failed,-0.6505540415001712,97.84470270525865,2,0
2024-01-01 12:01:00,INFO,Service started,-0.4071953451462873,72.93462300656748,1,0
2024-01-01 12:02:00,INFO,User login successful,0.3775098958670422,14.84699826524962,2,1
2024-01-01 12:03:00,ERROR,File accessed,0.7939571388810664,31.030404847696822,3,1
2024-01-01 12:04:00,ERROR,User login successful,0.02215436382244329,60.912274184599596,3,1
2024-01-01 12:05:00,DEBUG,User login failed,-0.4511296196057182,58.790516835140686,3,0
2024-01-01 12:06:00,DEBUG,File accessed,-0.3602369340464535,68.53742210494889,0,1
2024-01-01 12:07:00,DEBUG,File accessed,-0.05288585561595127,17.560510666900218,1,0
2024-01-01 12:08:00,INFO,User login successful,-0.48498460292597567,97.28034786047459,1,1
2024-01-01 12:09:00,CRITICAL,Service stopped,-0.8896782034261173,86.8557454125713,2,1
2024-01-01 12:10:00,ERROR,Configuration change detected,-0.5670338369978056,31.953438238433453,0,1
2024-01-01 12:11:00,WARNING,User login failed,-0.8584907830701418,90.479877667439,0,0
2024-01-01 12:12:00,INFO,User login failed,0.5818646055159529,32.21617301628362,4,1
2024-01-01 12:13:00,ERROR,Service started,-0.7001602186444793,42.158482624298564,4,0
2024-01-01 12:14:00,INFO,Unauthorized access attempt,-0.571798714279065,39.37121514956071,0,0
2024-01-01 12:15:00,CRITICAL,Service started,0.868177441553903,92.26073247842265,4,1
2024-01-01 12:16:00,CRITICAL,Unauthorized access attempt,-0.6718916023528207,40.40819769526165,0,0
2024-01-01 12:17:00,ERROR,File accessed,-0.8799488840400931,54.38229444464813,5,1
2024-01-01 12:18:00,INFO,Service stopped,-0.6453375760577809,97.81227763935046,3,0
2024-01-01 12:19:00,CRITICAL,Service started,0.4408137510813783,45.82873749194753,0,0
2024-01-01 12:20:00,INFO,Service started,0.22973168247422104,9.685460430710878,0,0
2024-01-01 12:21:00,INFO,Configuration change detected,0.35031189917618666,19.825630118531464,3,1
2024-01-01 12:22:00,WARNING,File accessed,-0.6190035563487266,76.55793728000546,2,1
2024-01-01 12:23:00,CRITICAL,Service stopped,0.7047001286879295,13.382795129250686,2,0
2024-01-01 12:24:00,ERROR,User login successful,-0.5392431495642214,16.575774252963726,4,1
2024-01-01 12:25:00,ERROR,Unauthorized access attempt,-0.19295746959515347,57.77437722307104,5,1
2024-01-01 12:26:00,DEBUG,User login successful,-0.012055862065344591,33.29402479760837,2,1
2024-01-01 12:27:00,ERROR,Service stopped,-0.7843658824733444,66.09464359555625,2,0
2024-01-01 12:28:00,INFO,File accessed,-0.6524953937774824,52.0741769422276,2,0
2024-01-01 12:29:00,WARNING,Service started,-0.6444428229954284,81.7257994478951,4,1
2024-01-01 12:30:00,INFO,User login failed,0.04263665823383467,59.08162193054672,1,0
2024-01-01 12:31:00,ERROR,User login successful,0.0461433862515046,4.1641645044052815,0,0
2024-01-01 12:32:00,WARNING,Service started,0.6105273172054675,42.72143653254793,1,0
2024-01-01 12:33:00,INFO,Service started,-0.15638596215327882,40.57897452546709,3,0
2024-01-01 12:34:00,ERROR,Service stopped,-0.043670767785937814,45.72999630925766,2,1
2024-01-01 12:35:00,WARNING,User login successful,-0.7229307273773693,37.70106065398543,4,1
2024-01-01 12:36:00,CRITICAL,Service started,0.7944115183416112,6.4614221871072814,0,0
2024-01-01 12:37:00,DEBUG,User login failed,-0.22079132689086345,4.221190971218742,3,1
2024-01-01 12:38:00,INFO,File accessed,0.05708685666886071,68.95713500798875,3,1
2024-01-01 12:39:00,DEBUG,Unauthorized access attempt,0.8323028676956303,73.72590406707978,4,1
2024-01-01 12:40:00,WARNING,File accessed,-0.9145218177193379,61.95802183272682,3,1
2024-01-01 12:41:00,INFO,Service started,0.6704888760789944,38.20967353170741,1,0
2024-01-01 12:42:00,ERROR,Configuration change detected,0.19778241196541524,19.58648277998161,2,0
2024-01-01 12:43:00,ERROR,User login successful,-0.39463531720319023,10.125741021453596,1,1
2024-01-01 12:44:00,DEBUG,User login failed,-0.25990572794384215,37.49788974269775,0,0
2024-01-01 12:45:00,INFO,Configuration change detected,-0.09459061681112924,66.87456373031459,0,1
2024-01-01 12:46:00,CRITICAL,Unauthorized access attempt,0.16902435239312563,85.67083925055277,1,1
2024-01-01 12:47:00,INFO,Unauthorized access attempt,-0.6435485628282029,98.57177620898183,5,1
2024-01-01 12:48:00,ERROR,File accessed,0.943501427601581,88.93215493545912,3,1
2024-01-01 12:49:00,ERROR,Configuration change detected,-0.039201808215867606,83.29564531192734,5,0
2024-01-01 12:50:00,WARNING,Unauthorized access attempt,0.3115327385272124,34.876249470818856,3,1
2024-01-01 12:51:00,ERROR,User login failed,-0.8129174991838468,79.06270163275377,1,1
2024-01-01 12:52:00,DEBUG,Configuration change detected,0.01447078911035704,70.65277350824748,5,0
2024-01-01 12:53:00,INFO,File accessed,0.7499400554199194,9.729784705089823,2,0
2024-01-01 12:54:00,WARNING,Service started,0.7142396640216513,56.80415376939691,0,1
2024-01-01 12:55:00,CRITICAL,Service stopped,-0.3568149855564424,54.15896347092542,1,0
2024-01-01 12:56:00,WARNING,Unauthorized access attempt,-0.9911659856059734,41.96642534527704,0,1
2024-01-01 12:57:00,CRITICAL,File accessed,0.5240163536368643,77.75351001424654,4,1
2024-01-01 12:58:00,CRITICAL,User login failed,-0.14548255999402615,93.99297479750862,0,1
2024-01-01 12:59:00,ERROR,User login failed,0.16925626816402217,66.01982185838554,3,1
2024-01-01 13:00:00,DEBUG,Service stopped,0.8627706020503472,41.35183105265449,1,0
2024-01-01 13:01:00,DEBUG,Service stopped,-0.4613980046262349,66.5174228613673,3,1
2024-01-01 13:02:00,INFO,Configuration change detected,-0.371296808197346,90.30325016048432,2,0
2024-01-01 13:03:00,DEBUG,Service stopped,-0.24697136932997688,51.361707621929504,4,0
2024-01-01 13:04:00,INFO,Configuration change detected,-0.030255152433652066,18.71192458712868,1,0
2024-01-01 13:05:00,WARNING,User login successful,-0.1787846417672616,66.5015202102065,5,1
2024-01-01 13:06:00,DEBUG,Service stopped,0.43105290053696566,34.950740874063904,4,1
2024-01-01 13:07:00,INFO,File accessed,-0.2834394000569995,37.01500939934867,1,0
2024-01-01 13:08:00,ERROR,Service stopped,0.5432727127797172,18.81788112970075,4,1
2024-01-01 13:09:00,WARNING,Unauthorized access attempt,-0.6858017647960357,24.845507027840792,1,1
2024-01-01 13:10:00,INFO,Configuration change detected,0.9542584259231035,12.972541111080552,1,0
2024-01-01 13:11:00,ERROR,Unauthorized access attempt,0.5975176853395263,50.2260545507728,2,1
2024-01-01 13:12:00,DEBUG,Unauthorized access attempt,-0.982041742212828,47.65042236771252,3,1
2024-01-01 13:13:00,CRITICAL,File accessed,0.6680016714114145,42.3394008016409,0,0
2024-01-01 13:14:00,INFO,File accessed,-0.9133287398173888,12.92329754904426,4,1
2024-01-01 13:15:00,CRITICAL,Service started,-0.9794644661896539,64.58251974277525,1,0
2024-01-01 13:16:00,INFO,Unauthorized access attempt,-0.6396137110037621,47.62024535192309,4,1
2024-01-01 13:17:00,CRITICAL,User login successful,-0.08896400101660529,24.325062009169685,4,0
2024-01-01 13:18:00,DEBUG,Service started,-0.1152857567084633,25.27172021624498,4,1
2024-01-01 13:19:00,WARNING,Service stopped,-0.11482707820369287,82.35450809208608,4,1
2024-01-01 13:20:00,WARNING,Service started,0.23605740920547702,91.69604824126006,0,0
2024-01-01 13:21:00,WARNING,User login failed,-0.7138270213586366,77.11998098797697,2,0
2024-01-01 13:22:00,CRITICAL,Service stopped,-0.7306050466368406,76.9466950144855,3,0
2024-01-01 13:23:00,INFO,User login failed,-0.4323270705642632,61.4879235065727,0,1
2024-01-01 13:24:00,CRITICAL,Configuration change detected,0.7013519318491324,32.963669226855096,0,0
2024-01-01 13:25:00,DEBUG,Unauthorized access attempt,-0.8690404607965119,51.29640512448826,4,0
2024-01-01 13:26:00,INFO,Service started,-0.20481207052556294,5.980242978998055,3,1
2024-01-01 13:27:00,ERROR,Service started,0.33129277366936427,73.05297084092528,1,0
2024-01-01 13:28:00,ERROR,User login failed,-0.17919920704716463,90.35387176046936,1,1
2024-01-01 13:29:00,INFO,User login failed,-0.7732304538424637,80.75572621748401,3,1
2024-01-01 13:30:00,ERROR,User login failed,0.9152001571223018,25.57914283378917,3,0
2024-01-01 13:31:00,WARNING,Service stopped,-0.765985983583626,49.63640174993458,4,1
2024-01-01 13:32:00,DEBUG,Unauthorized access attempt,-0.6449655171131401,10.795444926597355,4,1
2024-01-01 13:33:00,DEBUG,Configuration change detected,-0.4916673464046708,99.92653224689366,3,1
2024-01-01 13:34:00,ERROR,User login successful,-0.4633201496884538,9.17514658254476,4,1
2024-01-01 13:35:00,WARNING,Configuration change detected,0.6473002161858663,42.769345814010315,2,1
2024-01-01 13:36:00,WARNING,User login failed,-0.25029363062822907,94.81574830924129,3,0
2024-01-01 13:37:00,WARNING,Configuration change detected,-0.44842527775190044,66.57268973569485,2,1
2024-01-01 13:38:00,WARNING,Unauthorized access attempt,-0.16471069174409836,10.275745081841821,0,0
2024-01-01 13:39:00,ERROR,File accessed,-0.6236841007728247,5.96929447529506,3,1
2024-01-01 13:40:00,DEBUG,Service started,-0.02918915328497329,50.86423142299482,0,1
2024-01-01 13:41:00,ERROR,Service stopped,0.9739501139987417,11.426377644364445,3,1
2024-01-01 13:42:00,INFO,User login failed,0.016340381038914886,3.775895795853518,1,1
2024-01-01 13:43:00,INFO,User login failed,-0.6639365249360534,88.56784541382723,1,1
2024-01-01 13:44:00,INFO,User login successful,-0.13271585318829882,51.956835161490254,2,0
2024-01-01 13:45:00,ERROR,User login successful,-0.8375802788029627,34.10731965023543,1,0
2024-01-01 13:46:00,WARNING,User login failed,0.6645472994246338,79.65143131428883,1,0
2024-01-01 13:47:00,DEBUG,Unauthorized access attempt,-0.7301075529646086,99.08051614146126,0,1
2024-01-01 13:48:00,DEBUG,User login successful,-0.21458489258615043,21.884188246342354,2,1
2024-01-01 13:49:00,WARNING,File accessed,0.017324778776704797,9.367303739543823,1,0
2024-01-01 13:50:00,ERROR,Service stopped,-0.7344492685769697,45.322010739095916,1,1
2024-01-01 13:51:00,ERROR,User login successful,0.06563786885722256,11.78811323671872,2,0
2024-01-01 13:52:00,CRITICAL,Service started,-0.494370463477646,70.66396783016232,3,0
2024-01-01 13:53:00,WARNING,Unauthorized access attempt,-0.18830044672017232,88.71508140704853,1,1
2024-01-01 13:54:00,INFO,User login failed,-0.337096790148669,50.544292099330484,1,0
2024-01-01 13:55:00,INFO,File accessed,0.3395548643210007,7.9352674708092295,1,1
2024-01-01 13:56:00,CRITICAL,Service started,0.21316687844577875,4.142820911510247,4,0
2024-01-01 13:57:00,WARNING,Service started,-0.6474657010747307,70.87158157965905,0,1
2024-01-01 13:58:00,ERROR,User login successful,0.08774672964498187,36.84455002107022,4,1
2024-01-01 13:59:00,INFO,Service stopped,-0.26038187996494044,50.40559929699267,1,1
2024-01-01 14:00:00,CRITICAL,User login successful,0.3986951802065031,90.54250956767962,0,1
2024-01-01 14:01:00,ERROR,Service started,-0.7397650921970804,63.98703283726908,4,1
2024-01-01 14:02:00,ERROR,Service started,-0.4591673070547233,99.51009560617861,5,0
2024-01-01 14:03:00,ERROR,Service stopped,-0.7960521667024356,84.75566681779625,1,1
2024-01-01 14:04:00,INFO,Unauthorized access attempt,0.7933746826669117,48.47873866163901,1,0
2024-01-01 14:05:00,WARNING,File accessed,0.35359802436831367,96.10952402487008,3,1
2024-01-01 14:06:00,INFO,Service started,-0.06476556827407398,26.35070790475091,2,1
2024-01-01 14:07:00,CRITICAL,Service stopped,0.15428817008758777,1.2906140344408636,2,1
2024-01-01 14:08:00,ERROR,User login successful,0.6627944741735539,9.705153726069847,3,0
2024-01-01 14:09:00,INFO,Service stopped,0.9250776338768487,59.96728123706936,0,1
2024-01-01 14:10:00,ERROR,Service stopped,-0.9998705390485991,32.15119443879024,2,0
2024-01-01 14:11:00,ERROR,User login successful,-0.10534611314337083,52.60022137727267,0,1
2024-01-01 14:12:00,CRITICAL,User login failed,-0.09516230451300922,49.6445408615618,1,1
2024-01-01 14:13:00,CRITICAL,Unauthorized access attempt,0.20678214585298904,53.89685265389556,3,1
2024-01-01 14:14:00,ERROR,User login failed,0.9850714040855533,51.32070587580426,1,1
2024-01-01 14:15:00,ERROR,User login successful,0.03802766999032925,40.190764267175005,5,0
2024-01-01 14:16:00,WARNING,Service started,0.5158673841731916,3.5017607197568177,2,0
2024-01-01 14:17:00,DEBUG,Configuration change detected,0.5001421801492156,97.33162077787804,0,0
2024-01-01 14:18:00,DEBUG,Unauthorized access attempt,0.4891388835481705,12.897843346771594,1,1
2024-01-01 14:19:00,DEBUG,File accessed,0.37301121893112144,28.401054451750714,5,1
2024-01-01 14:20:00,CRITICAL,Service started,0.24335225785476933,88.75986289098734,1,0
2024-01-01 14:21:00,INFO,User login successful,0.7648080542629097,90.61780286136013,0,0
2024-01-01 14:22:00,CRITICAL,File accessed,-0.3016465163805877,64.81453826525244,1,1
2024-01-01 14:23:00,CRITICAL,Configuration change detected,0.006243461470581746,82.09852348238705,0,1
2024-01-01 14:24:00,DEBUG,Service stopped,0.35511789125622384,82.16491437832138,0,0
2024-01-01 14:25:00,WARNING,User login failed,-0.38434967476373494,41.34570452476374,1,0
2024-01-01 14:26:00,WARNING,Configuration change detected,-0.43592411160927735,65.59305174996253,4,0
2024-01-01 14:27:00,CRITICAL,User login failed,-0.9994089128601495,35.03210122716674,5,1
2024-01-01 14:28:00,WARNING,User login successful,-0.9453536358152281,26.299973870582843,3,1
2024-01-01 14:29:00,WARNING,User login failed,0.6906653624768941,22.46898220907269,3,1
2024-01-01 14:30:00,CRITICAL,Service stopped,-0.6913247383022467,94.56622031362602,4,1
2024-01-01 14:31:00,CRITICAL,User login failed,0.12296651791374469,29.93095294793918,1,0
2024-01-01 14:32:00,ERROR,User login failed,-0.23024528116187826,7.062717360196104,0,1
2024-01-01 14:33:00,ERROR,Configuration change detected,-0.1336776778199591,87.75887268341172,1,0
2024-01-01 14:34:00,WARNING,User login failed,-0.6657009100290354,66.65967625666912,2,1
2024-01-01 14:35:00,WARNING,Service stopped,-0.7199774050164607,27.850591340843213,5,1
2024-01-01 14:36:00,CRITICAL,User login successful,0.25928505032794913,31.079825206804415,0,1
2024-01-01 14:37:00,WARNING,User login failed,-0.20616631465063362,62.904939637098956,3,1
2024-01-01 14:38:00,INFO,File accessed,-0.48110995157452696,82.3247437559959,0,1
2024-01-01 14:39:00,DEBUG,Service stopped,-0.6510953623015423,8.917333449371984,4,1
2024-01-01 14:40:00,WARNING,User login successful,0.7141947316154476,71.24089455101364,2,1
2024-01-01 14:41:00,ERROR,User login failed,-0.6001694527348158,1.04526148955774,0,1
2024-01-01 14:42:00,INFO,User login failed,-0.792321503337098,52.64740111067921,0,0
2024-01-01 14:43:00,CRITICAL,Service stopped,-0.92592428163694,15.582420467473769,1,1
2024-01-01 14:44:00,CRITICAL,Configuration change detected,-0.34938376387613035,62.79765309397638,0,0
2024-01-01 14:45:00,ERROR,File accessed,0.47330100178680645,42.274421579115256,1,1
2024-01-01 14:46:00,WARNING,Service stopped,-0.09277770844840627,21.86672750019827,1,1
2024-01-01 14:47:00,INFO,File accessed,0.2870444287780125,48.00807187875721,5,1
2024-01-01 14:48:00,WARNING,Service started,-0.7621245943951847,59.59037096737604,0,1
2024-01-01 14:49:00,INFO,User login failed,0.7078239664114356,34.308494075687314,3,1
2024-01-01 14:50:00,ERROR,User login successful,0.6817916641323225,91.77589423152752,5,1
2024-01-01 14:51:00,WARNING,Unauthorized access attempt,0.8722998286954984,26.06794237689463,0,1
2024-01-01 14:52:00,DEBUG,File accessed,-0.24896565844535856,21.624045798985527,2,1
2024-01-01 14:53:00,INFO,Unauthorized access attempt,-0.7294151026275613,67.30140303412946,2,0
2024-01-01 14:54:00,WARNING,Service stopped,-0.917770232755942,9.158751769407347,5,1
2024-01-01 14:55:00,INFO,User login successful,-0.5323185936183212,80.151760572993,1,1
2024-01-01 14:56:00,CRITICAL,Configuration change detected,0.8521100537087836,55.184147231548586,5,0
2024-01-01 14:57:00,INFO,Service stopped,0.8673477351403822,57.69644722714841,0,0
2024-01-01 14:58:00,ERROR,File accessed,-0.6322806751052901,24.476599593596582,4,0
2024-01-01 14:59:00,INFO,User login successful,0.7864182925140744,69.62492895996117,1,1
2024-01-01 15:00:00,WARNING,Configuration change detected,0.6367885657175674,83.6770553801064,5,1
2024-01-01 15:01:00,CRITICAL,Service stopped,0.08870207024545418,98.65971910264166,4,1
2024-01-01 15:02:00,DEBUG,User login failed,-0.9992291624420104,19.51438232565621,1,0
2024-01-01 15:03:00,ERROR,Configuration change detected,4.329438941930164e-05,23.281608685141194,5,1
2024-01-01 15:04:00,WARNING,Unauthorized access attempt,-0.49544901880070724,12.533797148067697,0,1
2024-01-01 15:05:00,CRITICAL,User login successful,0.08358699928048807,93.42204960382206,1,0
2024-01-01 15:06:00,WARNING,Service started,0.36735526474875435,92.31908083615754,5,0
2024-01-01 15:07:00,CRITICAL,File accessed,0.7479625952682072,62.396512060213794,1,0
2024-01-01 15:08:00,ERROR,Unauthorized access attempt,-0.9341488654471035,67.68065899620667,1,1
2024-01-01 15:09:00,INFO,Service stopped,-0.26448852931357547,89.78928864203606,0,1
2024-01-01 15:10:00,ERROR,User login successful,-0.8138349303004979,99.74850781772555,0,1
2024-01-01 15:11:00,CRITICAL,File accessed,0.4395022398049464,37.083442365085965,1,1
2024-01-01 15:12:00,INFO,File accessed,-0.5498136272536733,90.44251495820473,2,1
2024-01-01 15:13:00,DEBUG,Service started,-0.8291496914239727,37.97707827845194,5,0
2024-01-01 15:14:00,DEBUG,File accessed,0.959505321558866,94.47467658473074,2,1
2024-01-01 15:15:00,DEBUG,Configuration change detected,0.14714140772248352,98.84538282526971,3,0
2024-01-01 15:16:00,ERROR,File accessed,-0.3113721087764778,10.446393774555995,5,1
2024-01-01 15:17:00,ERROR,Unauthorized access attempt,-0.2112043222968356,49.33644630342926,4,1
2024-01-01 15:18:00,ERROR,Service started,0.2483059612744387,7.070582941027617,2,1
2024-01-01 15:19:00,WARNING,User login successful,0.12548797423194458,82.16803789552007,5,1
2024-01-01 15:20:00,DEBUG,User login successful,-0.2983529694699416,69.30837390524972,2,1
2024-01-01 15:21:00,CRITICAL,Service stopped,0.6332059210719887,83.60651316508466,1,0
2024-01-01 15:22:00,ERROR,Service stopped,0.4200715918069198,59.39946682312283,2,0
2024-01-01 15:23:00,INFO,Configuration change detected,0.1080179434774422,39.5618778383424,2,1
2024-01-01 15:24:00,DEBUG,File accessed,0.7767993707661378,95.86065270628711,3,1
2024-01-01 15:25:00,ERROR,User login successful,0.11793053014458543,14.951282779092478,3,0
2024-01-01 15:26:00,DEBUG,User login successful,0.42348892051509157,65.74890647956693,5,1
2024-01-01 15:27:00,DEBUG,User login failed,0.819979978638089,37.933467690464575,5,0
2024-01-01 15:28:00,INFO,User login successful,-0.656289184395894,47.541595069840014,1,1
2024-01-01 15:29:00,DEBUG,File accessed,0.4273524196710632,76.69288095087572,5,0
2024-01-01 15:30:00,CRITICAL,User login successful,0.4655460031450198,95.28027837044667,2,0
2024-01-01 15:31:00,DEBUG,User login successful,-0.914370736880763,65.61103840509324,5,0
2024-01-01 15:32:00,CRITICAL,User login failed,-0.9887153188681854,9.779545185032596,5,1
2024-01-01 15:33:00,WARNING,File accessed,0.7329792645605633,76.3679705473238,2,0
2024-01-01 15:34:00,INFO,Service stopped,0.721815214398061,67.98585335863038,5,0
2024-01-01 15:35:00,CRITICAL,User login successful,-0.2867641758613728,38.48306774284882,1,1
2024-01-01 15:36:00,ERROR,Service started,0.2565336845339685,20.804724127667566,0,1
2024-01-01 15:37:00,ERROR,File accessed,0.23797453752907072,25.083856323601324,3,1
2024-01-01 15:38:00,INFO,Service stopped,0.4144630238102145,9.423532092428522,1,1
2024-01-01 15:39:00,CRITICAL,File accessed,0.9284122535156216,34.67729851241845,1,1
2024-01-01 15:40:00,INFO,Unauthorized access attempt,-0.6184116326514411,48.72619565209527,0,1
2024-01-01 15:41:00,ERROR,Configuration change detected,0.5630176239765274,53.526566116768535,2,1
2024-01-01 15:42:00,CRITICAL,File accessed,-0.34953317440290865,63.465474144094294,0,1
2024-01-01 15:43:00,ERROR,Service started,-0.9499060739052729,12.91438261653897,2,1
2024-01-01 15:44:00,ERROR,Configuration change detected,-0.11186614446614151,33.83024509685577,5,1
2024-01-01 15:45:00,DEBUG,Service stopped,-0.7752766221120448,39.49448405698385,4,0
2024-01-01 15:46:00,ERROR,Configuration change detected,0.7894046273533419,65.51148942501328,1,1
2024-01-01 15:47:00,DEBUG,Service started,0.5259623305816834,1.7244764539794168,0,1
2024-01-01 15:48:00,WARNING,File accessed,0.7409346512225625,14.790016251033299,3,1
2024-01-01 15:49:00,CRITICAL,User login failed,-0.5335458145956964,51.13991682156023,1,0
2024-01-01 15:50:00,ERROR,Unauthorized access attempt,0.2844980296710937,78.82559207431726,4,0
2024-01-01 15:51:00,INFO,Service stopped,0.2173717796606034,37.08245733342608,3,1
2024-01-01 15:52:00,WARNING,Unauthorized access attempt,0.6721497612762395,64.2341932317745,2,1
2024-01-01 15:53:00,WARNING,Configuration change detected,0.8339272378945539,17.843662309874336,3,1
2024-01-01 15:54:00,INFO,File accessed,-0.47793752748276774,29.384291533946744,3,1
2024-01-01 15:55:00,CRITICAL,Service started,-0.35786406035442986,16.384211363882123,0,0
2024-01-01 15:56:00,DEBUG,Service started,-0.9797767503994108,13.307077251855684,2,1
2024-01-01 15:57:00,WARNING,Service started,-0.007426582017093564,21.535074025157616,4,0
2024-01-01 15:58:00,INFO,File accessed,-0.030156820110105897,21.71308141357914,0,0
2024-01-01 15:59:00,INFO,Unauthorized access attempt,0.024067786147574877,65.6215101218803,0,0
2024-01-01 16:00:00,INFO,Service stopped,0.2808043875042969,59.64951086240579,0,1
2024-01-01 16:01:00,INFO,Service stopped,-0.9409911710626977,80.24833501751309,1,1
2024-01-01 16:02:00,WARNING,User login successful,0.785744943151159,72.75168306908898,4,0
2024-01-01 16:03:00,INFO,File accessed,0.3337561656703072,83.88134444220137,2,1
2024-01-01 16:04:00,DEBUG,Configuration change detected,0.621736800658262,84.4532127939102,1,0
2024-01-01 16:05:00,ERROR,User login successful,-0.33411279462535237,57.36457933032241,3,1
2024-01-01 16:06:00,INFO,User login successful,-0.7150954130390306,4.41345415753331,5,1
2024-01-01 16:07:00,WARNING,User login successful,0.5128898516038369,76.97924714942845,5,0
2024-01-01 16:08:00,WARNING,File accessed,0.8568442341318752,31.99818250891647,4,1
2024-01-01 16:09:00,DEBUG,Unauthorized access attempt,0.5906085187543944,22.991097903807095,3,1
2024-01-01 16:10:00,INFO,Service stopped,0.11098565939076166,29.204134366289008,5,1
2024-01-01 16:11:00,WARNING,File accessed,0.6939922336277693,86.85439546481179,4,0
2024-01-01 16:12:00,INFO,User login failed,0.7725300017669641,27.493377822749373,4,1
2024-01-01 16:13:00,CRITICAL,User login successful,-0.3451976856558252,34.157751234751686,3,1
2024-01-01 16:14:00,ERROR,Configuration change detected,0.14228346178919415,73.1005226335475,2,0
2024-01-01 16:15:00,WARNING,User login successful,-0.7187827175539538,77.37277895636636,5,1
2024-01-01 16:16:00,CRITICAL,User login successful,0.11619337099554672,30.970914576815,1,1
2024-01-01 16:17:00,INFO,User login successful,0.5783376608140047,33.221476829918814,5,1
2024-01-01 16:18:00,ERROR,User login failed,-0.7473840491292811,88.17076349737494,4,1
2024-01-01 16:19:00,DEBUG,Configuration change detected,-0.026613251065345844,60.979170971262455,0,0
2024-01-01 16:20:00,ERROR,User login successful,-0.7037261085627853,73.60554349387844,0,1
2024-01-01 16:21:00,WARNING,Unauthorized access attempt,0.3805674176664844,14.84354974336605,2,0
2024-01-01 16:22:00,WARNING,Service stopped,-0.5129536886296275,19.69965303037461,2,1
2024-01-01 16:23:00,DEBUG,Unauthorized access attempt,-0.9969154846328774,30.919864466920643,1,1
2024-01-01 16:24:00,DEBUG,File accessed,0.5461655457020136,70.78954392718484,0,0
2024-01-01 16:25:00,ERROR,User login successful,-0.33362814069075863,98.29736314045309,0,1
2024-01-01 16:26:00,ERROR,Configuration change detected,-0.5048290030735287,26.642375478259815,0,0
2024-01-01 16:27:00,ERROR,Configuration change detected,-0.35675944094138323,44.49670173693393,5,0
2024-01-01 16:28:00,ERROR,Service started,0.42317798128235684,17.331246563092467,0,1
2024-01-01 16:29:00,CRITICAL,Service started,-0.39896214156557397,27.660096049135788,0,1
2024-01-01 16:30:00,WARNING,Service started,0.42765470325396726,66.18844938766446,1,1
2024-01-01 16:31:00,INFO,File accessed,-0.8034120953777464,63.927975089983654,4,1
2024-01-01 16:32:00,WARNING,Service stopped,-0.053587703316159585,23.376972695193015,2,1
2024-01-01 16:33:00,INFO,Unauthorized access attempt,0.6630514998793386,93.97501634500958,5,1
2024-01-01 16:34:00,DEBUG,Configuration change detected,-0.4659090577720171,91.64075383347719,0,1
2024-01-01 16:35:00,DEBUG,Service started,0.3338280750771285,91.21789002252913,4,0
2024-01-01 16:36:00,WARNING,User login failed,0.8771436626210893,33.10821399072548,0,0
2024-01-01 16:37:00,WARNING,User login failed,0.919143769113546,10.293663747049614,0,1
2024-01-01 16:38:00,DEBUG,User login successful,0.13959037337599867,66.12764904727659,3,1
2024-01-01 16:39:00,DEBUG,User login failed,0.5939472964600037,72.21821418475409,3,0
