timestamp,src_ip,dst_ip,protocol,action,value,packet_size,num_retries,label
2024-01-01 14:01:00,10.0.0.2,8.8.4.4,UDP,BLOCK,-0.06900896585858418,138.73195539030692,6,1
2024-01-01 01:26:00,192.168.1.2,8.8.8.8,TCP,ALLOW,0.35023711993715856,401.3324456897541,3,1
2024-01-01 08:56:00,172.16.0.1,172.16.0.2,UDP,ALLOW,0.8236983710865542,370.043913498899,1,0
2024-01-01 01:11:00,10.0.0.1,8.8.8.8,UDP,BLOCK,0.013655300347368504,272.9037872431312,0,0
2024-01-01 05:27:00,10.0.0.2,8.8.4.4,UDP,BLOCK,-0.37732772286360805,783.9925803376494,4,1
2024-01-01 06:50:00,172.16.0.1,8.8.8.8,ICMP,BLOCK,-0.11698231065037601,1310.4357832551934,7,0
2024-01-01 13:51:00,172.16.0.1,10.0.0.3,TCP,BLOCK,-0.6969176123416896,1445.4938300792628,3,0
2024-01-01 05:03:00,172.16.0.1,8.8.4.4,ICMP,BLOCK,0.2709566747657608,623.8903605680199,9,0
2024-01-01 07:00:00,172.16.0.1,192.168.1.3,ICMP,ALLOW,-0.3353090636905318,217.99632940497446,8,0
2024-01-01 13:22:00,192.168.1.1,8.8.4.4,TCP,BLOCK,0.5423230289854879,1417.9281798734673,1,0
2024-01-01 14:45:00,192.168.1.1,192.168.1.3,ICMP,ALLOW,-0.987168153387874,761.894129419478,3,0
2024-01-01 04:41:00,192.168.1.1,192.168.1.3,UDP,BLOCK,0.16801715466522515,1452.6666625556297,5,0
2024-01-01 16:09:00,192.168.1.1,8.8.4.4,TCP,ALLOW,0.49010853388545184,1293.0955804582895,0,1
2024-01-01 00:55:00,172.16.0.1,8.8.8.8,TCP,BLOCK,-0.07772573940322514,828.1291700762897,9,1
2024-01-01 07:33:00,192.168.1.1,172.16.0.2,ICMP,BLOCK,0.7726376580403462,1005.0464734454554,8,0
2024-01-01 05:49:00,192.168.1.1,8.8.8.8,ICMP,ALLOW,-0.568290927315787,1039.8727746359796,1,1
2024-01-01 10:50:00,10.0.0.1,192.168.1.3,TCP,ALLOW,0.5337169783269275,668.0557663872136,5,0
2024-01-01 09:29:00,10.0.0.1,172.16.0.2,TCP,BLOCK,-0.3372815111197085,738.5571341324969,8,0
2024-01-01 12:45:00,192.168.1.2,192.168.1.3,ICMP,ALLOW,0.663247016355869,282.8856405294258,5,0
2024-01-01 14:09:00,192.168.1.1,8.8.8.8,ICMP,BLOCK,0.14792630929559647,1277.8890937080694,7,0
2024-01-01 05:05:00,10.0.0.2,192.168.1.3,UDP,ALLOW,0.6217790737477491,661.0663032150054,4,0
2024-01-01 04:55:00,10.0.0.2,8.8.4.4,ICMP,BLOCK,0.9091868670259469,356.9554312333689,4,0
2024-01-01 08:42:00,192.168.1.2,10.0.0.3,UDP,BLOCK,0.40009669010367266,1079.0010644605268,9,0
2024-01-01 13:31:00,172.16.0.1,172.16.0.2,UDP,BLOCK,-0.14006286708482385,606.5059520732365,10,0
2024-01-01 06:37:00,172.16.0.1,172.16.0.2,TCP,ALLOW,0.619307724106418,636.4766792209209,9,0
2024-01-01 15:21:00,192.168.1.1,192.168.1.3,TCP,ALLOW,0.4838559397019695,1051.164558193076,10,1
2024-01-01 00:08:00,10.0.0.1,192.168.1.3,UDP,BLOCK,0.9154770437331405,914.5877721728714,8,1
2024-01-01 03:11:00,10.0.0.2,8.8.4.4,TCP,BLOCK,-0.16636394423622636,613.7963177803622,4,1
2024-01-01 03:34:00,10.0.0.2,8.8.8.8,ICMP,ALLOW,0.20765712603173125,1082.9022728928778,8,1
2024-01-01 13:45:00,172.16.0.1,10.0.0.3,TCP,BLOCK,0.9531301240181169,610.0168570875643,10,0
2024-01-01 14:53:00,192.168.1.1,10.0.0.3,ICMP,ALLOW,-0.37607118307857634,425.31177264433495,4,1
2024-01-01 14:16:00,192.168.1.1,8.8.8.8,ICMP,BLOCK,-0.5479383725978217,1343.6045039842766,1,0
2024-01-01 00:30:00,10.0.0.1,10.0.0.3,UDP,BLOCK,0.23541722449623004,601.3398189346715,9,0
2024-01-01 04:50:00,172.16.0.1,10.0.0.3,UDP,BLOCK,0.23307860242030642,1037.402173224761,1,1
2024-01-01 06:53:00,192.168.1.1,8.8.4.4,ICMP,BLOCK,-0.405184551917287,335.6007673704562,5,0
2024-01-01 09:12:00,10.0.0.1,172.16.0.2,UDP,BLOCK,-0.05454142267842754,339.86705450992076,3,1
2024-01-01 15:18:00,192.168.1.2,172.16.0.2,ICMP,ALLOW,-0.4782179158719404,124.36500237900572,8,1
2024-01-01 07:04:00,172.16.0.1,172.16.0.2,TCP,BLOCK,0.028194344752827893,1301.0269173887493,5,1
2024-01-01 15:31:00,192.168.1.1,8.8.4.4,ICMP,BLOCK,0.06167355249572837,1255.0352494996314,9,1
2024-01-01 02:24:00,192.168.1.2,8.8.8.8,TCP,ALLOW,-0.3409049291423034,689.1872303309818,6,1
2024-01-01 15:44:00,10.0.0.1,8.8.8.8,TCP,ALLOW,-0.7891898373320076,1244.6857670512852,7,0
2024-01-01 07:33:00,172.16.0.1,10.0.0.3,UDP,BLOCK,-0.4718945150700766,1373.4468400139292,4,1
2024-01-01 00:26:00,192.168.1.1,10.0.0.3,ICMP,ALLOW,0.6889206632900675,352.7208339098746,7,0
2024-01-01 01:02:00,10.0.0.2,10.0.0.3,ICMP,BLOCK,0.03655197562403423,413.4797313521723,4,0
2024-01-01 10:42:00,10.0.0.1,172.16.0.2,TCP,BLOCK,0.3598682921222327,1017.6007235421675,3,1
2024-01-01 12:15:00,192.168.1.1,8.8.4.4,UDP,BLOCK,0.5456162581316577,185.96985015415453,5,0
2024-01-01 04:49:00,192.168.1.2,10.0.0.3,UDP,ALLOW,-0.419282275640517,1108.6561905250383,10,0
2024-01-01 09:49:00,192.168.1.1,8.8.4.4,UDP,ALLOW,-0.5153908622966328,356.8545398984939,1,0
2024-01-01 08:12:00,10.0.0.1,192.168.1.3,TCP,ALLOW,-0.6156434551710481,1036.7003066338104,4,0
2024-01-01 12:36:00,192.168.1.1,8.8.8.8,UDP,BLOCK,-0.3136375119923944,910.9550244182984,3,1
2024-01-01 14:53:00,10.0.0.1,172.16.0.2,ICMP,ALLOW,-0.11861968347537544,203.71246930995176,5,1
2024-01-01 07:12:00,10.0.0.1,10.0.0.3,UDP,BLOCK,-0.9989275357242366,124.30967529564525,2,1
2024-01-01 09:27:00,192.168.1.2,8.8.8.8,TCP,ALLOW,0.7188747623766769,962.0406367542087,6,0
2024-01-01 04:03:00,172.16.0.1,8.8.4.4,TCP,ALLOW,-0.03458759654587085,251.25076066351818,2,0
2024-01-01 07:09:00,192.168.1.2,10.0.0.3,ICMP,BLOCK,-0.3542290545288691,775.1695669566708,8,1
2024-01-01 12:12:00,192.168.1.1,192.168.1.3,ICMP,ALLOW,-0.9856614168110784,403.1856487403034,5,0
2024-01-01 09:49:00,172.16.0.1,10.0.0.3,TCP,BLOCK,0.3575893780381476,788.9788695924836,6,0
2024-01-01 07:06:00,10.0.0.2,10.0.0.3,UDP,ALLOW,-0.024686124145758992,1356.6273000073104,3,1
2024-01-01 08:11:00,10.0.0.1,8.8.4.4,UDP,BLOCK,0.2743481704394972,360.83002913160243,2,0
2024-01-01 11:40:00,172.16.0.1,172.16.0.2,UDP,BLOCK,0.7068405228118597,605.1507756884292,2,1
2024-01-01 15:52:00,192.168.1.2,8.8.4.4,ICMP,BLOCK,-0.7174797159883857,766.2431976896103,2,0
2024-01-01 08:27:00,192.168.1.1,8.8.8.8,UDP,ALLOW,0.9730868649073956,869.3630554000383,9,0
2024-01-01 10:38:00,192.168.1.1,10.0.0.3,UDP,ALLOW,0.7285975449486475,793.9327758718233,7,1
2024-01-01 01:42:00,172.16.0.1,192.168.1.3,TCP,BLOCK,0.1626786094500534,177.5660456599016,3,0
2024-01-01 00:21:00,10.0.0.1,8.8.4.4,ICMP,ALLOW,0.09072834843644784,531.688731766486,1,1
2024-01-01 09:47:00,172.16.0.1,8.8.4.4,ICMP,ALLOW,-0.06701304775336436,826.8658917645297,10,0
2024-01-01 08:26:00,10.0.0.1,8.8.4.4,TCP,BLOCK,-0.3764232457853125,724.2445865255481,0,1
2024-01-01 01:06:00,10.0.0.2,8.8.8.8,TCP,ALLOW,-0.520805307755521,1347.3752880252778,0,1
2024-01-01 13:50:00,192.168.1.2,192.168.1.3,TCP,BLOCK,0.10644748264152937,904.173006563148,9,1
2024-01-01 04:31:00,172.16.0.1,192.168.1.3,UDP,ALLOW,-0.9077770323374947,317.97672074770026,3,0
2024-01-01 02:45:00,10.0.0.2,172.16.0.2,UDP,ALLOW,0.3998299592072547,487.76644716764264,2,1
2024-01-01 14:13:00,192.168.1.1,192.168.1.3,TCP,ALLOW,0.8355155997577555,1402.5046145256729,10,1
2024-01-01 11:19:00,10.0.0.1,8.8.8.8,UDP,BLOCK,-0.6001212131688676,1370.5747231823584,4,0
2024-01-01 03:59:00,10.0.0.2,8.8.4.4,ICMP,BLOCK,-0.15001842505051433,809.633754530599,6,0
2024-01-01 01:27:00,192.168.1.2,10.0.0.3,TCP,ALLOW,-0.5767591352745636,1311.0172992217651,2,0
2024-01-01 14:09:00,172.16.0.1,172.16.0.2,UDP,BLOCK,-0.5625478109417736,1472.1167212199077,9,1
2024-01-01 06:15:00,10.0.0.2,8.8.8.8,UDP,ALLOW,-0.7550321136500806,484.87778504476546,1,0
2024-01-01 14:46:00,10.0.0.2,172.16.0.2,UDP,ALLOW,-0.7158191172908217,745.0375852973931,9,0
2024-01-01 09:14:00,192.168.1.2,192.168.1.3,ICMP,ALLOW,-0.06465025074595632,1353.1253603905375,0,1
2024-01-01 04:53:00,10.0.0.2,192.168.1.3,UDP,BLOCK,-0.6171985322937548,818.4346399005169,1,1
2024-01-01 11:53:00,192.168.1.1,8.8.4.4,UDP,BLOCK,-0.9682539312207634,1286.258741689703,7,0
2024-01-01 12:38:00,172.16.0.1,8.8.4.4,TCP,BLOCK,0.35181511259558174,589.9349941553853,3,0
2024-01-01 07:30:00,172.16.0.1,10.0.0.3,UDP,BLOCK,-0.9196485188526917,850.2364784743933,8,0
2024-01-01 08:18:00,192.168.1.2,10.0.0.3,TCP,BLOCK,0.5409870344740721,1447.8005965026096,10,0
2024-01-01 00:56:00,10.0.0.1,8.8.4.4,TCP,BLOCK,0.3466682014241964,941.3593644008724,10,0
2024-01-01 05:45:00,10.0.0.1,8.8.4.4,TCP,BLOCK,0.09956386498468728,499.63258141609316,1,0
2024-01-01 11:00:00,192.168.1.1,8.8.4.4,ICMP,ALLOW,0.13806558952089154,1376.5036312018979,1,1
2024-01-01 13:29:00,192.168.1.2,10.0.0.3,TCP,ALLOW,-0.837506943351646,363.1099714040231,0,1
2024-01-01 04:47:00,192.168.1.2,8.8.4.4,TCP,BLOCK,-0.7486099577490535,418.6020440804151,0,1
2024-01-01 06:38:00,172.16.0.1,8.8.4.4,TCP,BLOCK,-0.5547954977997391,750.7509014774452,4,0
2024-01-01 00:55:00,172.16.0.1,8.8.4.4,ICMP,ALLOW,-0.4729017384689087,568.3364128579466,3,0
2024-01-01 09:15:00,10.0.0.2,8.8.4.4,TCP,ALLOW,0.22531333623652516,1217.8212001288737,1,0
2024-01-01 02:18:00,172.16.0.1,192.168.1.3,TCP,ALLOW,0.10522393872128077,167.39851901903097,2,1
2024-01-01 13:18:00,192.168.1.1,172.16.0.2,UDP,ALLOW,0.9723485608009632,1470.2916105655052,4,1
2024-01-01 13:11:00,172.16.0.1,8.8.8.8,TCP,BLOCK,-0.8359739387815939,937.6120479992717,8,0
2024-01-01 16:04:00,10.0.0.1,10.0.0.3,TCP,ALLOW,-0.5533454426087152,302.5804397542581,4,1
2024-01-01 16:11:00,172.16.0.1,172.16.0.2,ICMP,ALLOW,0.5732697805389471,128.40080507618447,4,1
2024-01-01 13:25:00,192.168.1.2,8.8.4.4,TCP,ALLOW,-0.7081875056620643,908.9478382229127,5,0
2024-01-01 04:57:00,10.0.0.1,8.8.4.4,ICMP,ALLOW,-0.5337834248227822,603.7438791373968,1,1
2024-01-01 12:00:00,10.0.0.1,8.8.4.4,ICMP,BLOCK,-0.1354439063898336,364.4527915260731,7,1
2024-01-01 06:20:00,172.16.0.1,192.168.1.3,ICMP,ALLOW,0.061280201176731275,329.29413106528204,9,1
2024-01-01 10:11:00,192.168.1.2,192.168.1.3,ICMP,ALLOW,0.040109925623757814,1285.93499491719,7,1
2024-01-01 02:59:00,10.0.0.1,8.8.4.4,ICMP,ALLOW,-0.09222844772053262,196.59722270642038,8,1
2024-01-01 12:09:00,10.0.0.1,10.0.0.3,TCP,BLOCK,-0.9154673992367748,266.18144990239864,2,0
2024-01-01 14:27:00,10.0.0.2,10.0.0.3,TCP,BLOCK,0.6431937587386789,414.36916285108396,9,1
2024-01-01 10:09:00,10.0.0.2,8.8.8.8,TCP,ALLOW,-0.3282718247105887,826.9283088894832,4,0
2024-01-01 04:12:00,192.168.1.2,8.8.8.8,TCP,BLOCK,-0.03248559545262886,241.34781039913557,6,1
2024-01-01 12:13:00,172.16.0.1,8.8.4.4,ICMP,ALLOW,0.9624579734413969,1007.6577592547582,10,0
2024-01-01 03:15:00,192.168.1.1,172.16.0.2,TCP,BLOCK,0.36015557078021065,772.8488083984793,9,0
2024-01-01 05:27:00,10.0.0.1,10.0.0.3,ICMP,ALLOW,0.5062651366164777,1216.1550890437675,10,0
2024-01-01 03:35:00,10.0.0.1,10.0.0.3,UDP,BLOCK,-0.04888119304644456,211.22276817115943,10,1
2024-01-01 00:57:00,172.16.0.1,8.8.8.8,UDP,ALLOW,-0.16093416405998462,1497.527405159544,9,0
2024-01-01 16:06:00,192.168.1.1,8.8.8.8,UDP,BLOCK,-0.9020431045102952,979.6645492111318,5,0
2024-01-01 10:01:00,10.0.0.1,172.16.0.2,UDP,BLOCK,0.5115276859760749,1028.5919152211227,10,0
2024-01-01 01:04:00,192.168.1.1,172.16.0.2,UDP,ALLOW,0.40918841796435945,443.404087804012,1,0
2024-01-01 01:22:00,172.16.0.1,10.0.0.3,UDP,ALLOW,-0.6768273209618516,598.5508251789188,5,0
2024-01-01 13:52:00,172.16.0.1,172.16.0.2,TCP,BLOCK,-0.8295955223249603,828.8207097420739,0,0
2024-01-01 09:23:00,192.168.1.2,8.8.8.8,ICMP,BLOCK,-0.3673082914553043,1135.1075571784559,6,1
2024-01-01 04:56:00,192.168.1.2,172.16.0.2,ICMP,BLOCK,0.9433706232314449,492.88838728782434,4,0
2024-01-01 16:13:00,10.0.0.1,172.16.0.2,TCP,ALLOW,0.6298828415905875,658.8194220106944,0,1
2024-01-01 04:14:00,10.0.0.2,10.0.0.3,UDP,BLOCK,-0.9849900863150334,500.79097779709696,5,0
2024-01-01 01:42:00,10.0.0.2,172.16.0.2,UDP,ALLOW,-0.4714064692131914,1464.273592187158,9,1
2024-01-01 02:10:00,10.0.0.1,8.8.8.8,UDP,ALLOW,-0.8615666812815559,351.2767591296908,10,1
2024-01-01 07:02:00,10.0.0.2,8.8.8.8,UDP,ALLOW,-0.06538120836085137,1090.8227884875896,1,0
2024-01-01 02:13:00,192.168.1.2,172.16.0.2,ICMP,ALLOW,0.9822847160007884,813.0606690046602,2,0
2024-01-01 05:05:00,10.0.0.2,10.0.0.3,TCP,BLOCK,-0.3493019175677079,711.270546261882,1,0
2024-01-01 12:56:00,192.168.1.2,10.0.0.3,TCP,ALLOW,-0.0826184841170019,986.2043184918606,4,0
2024-01-01 12:28:00,10.0.0.2,10.0.0.3,UDP,BLOCK,0.11326113198423271,1475.90833861658,5,1
2024-01-01 00:25:00,10.0.0.2,10.0.0.3,UDP,BLOCK,-0.6541103308786396,1221.2328258768355,4,0
2024-01-01 04:46:00,192.168.1.2,192.168.1.3,UDP,BLOCK,0.8841468084236423,395.2500173692892,7,0
2024-01-01 10:22:00,10.0.0.2,8.8.4.4,UDP,ALLOW,-0.03247648536146075,1478.666964477388,6,0
2024-01-01 05:48:00,192.168.1.2,192.168.1.3,ICMP,BLOCK,0.20867637745936718,943.4757558153111,3,0
2024-01-01 02:33:00,172.16.0.1,10.0.0.3,ICMP,BLOCK,-0.9711219280694909,744.8388167719432,2,0
2024-01-01 05:35:00,10.0.0.1,172.16.0.2,ICMP,BLOCK,-0.7217867958455959,214.92384524911296,9,0
2024-01-01 05:37:00,192.168.1.1,8.8.8.8,TCP,BLOCK,-0.7930820945824213,1237.9419294478573,8,1
2024-01-01 03:45:00,172.16.0.1,172.16.0.2,ICMP,ALLOW,-0.10383105851517827,526.3375756075473,8,0
2024-01-01 05:44:00,172.16.0.1,172.16.0.2,TCP,ALLOW,-0.07893345750233438,587.6229488445983,5,1
2024-01-01 02:57:00,172.16.0.1,10.0.0.3,TCP,BLOCK,0.08893669598866727,511.39946558186557,1,1
2024-01-01 10:33:00,10.0.0.1,8.8.4.4,TCP,BLOCK,-0.8507645903146339,726.0216703992518,10,0
2024-01-01 10:48:00,10.0.0.1,172.16.0.2,TCP,ALLOW,-0.7885416366205118,126.60019515913007,3,1
2024-01-01 06:04:00,10.0.0.1,10.0.0.3,TCP,BLOCK,0.38503593906870437,1028.7891616707066,8,0
2024-01-01 14:29:00,172.16.0.1,8.8.8.8,UDP,BLOCK,-0.2536695205339867,889.2513424381123,3,0
2024-01-01 15:08:00,10.0.0.2,10.0.0.3,ICMP,BLOCK,0.42752963969016067,653.7284987519231,0,1
2024-01-01 06:40:00,192.168.1.1,172.16.0.2,ICMP,BLOCK,0.788626112364327,966.3177423398711,8,1
2024-01-01 00:40:00,10.0.0.2,172.16.0.2,TCP,ALLOW,-0.8921568314315591,381.02808924123804,0,1
2024-01-01 14:12:00,172.16.0.1,8.8.8.8,ICMP,ALLOW,-0.9071381646626244,439.07403697340624,9,0
2024-01-01 06:40:00,10.0.0.2,172.16.0.2,ICMP,ALLOW,-0.04540027642076727,123.79092525465558,10,1
2024-01-01 04:00:00,10.0.0.1,10.0.0.3,ICMP,BLOCK,-0.08566582513568988,796.481138735774,8,1
2024-01-01 05:56:00,172.16.0.1,172.16.0.2,TCP,ALLOW,0.9475690229371534,1441.0059160812677,4,0
2024-01-01 10:05:00,10.0.0.1,192.168.1.3,UDP,BLOCK,0.802878760510374,373.11625384746264,6,1
2024-01-01 03:39:00,10.0.0.2,8.8.8.8,UDP,BLOCK,0.34880884976981474,848.3486711356786,2,0
2024-01-01 08:54:00,192.168.1.1,8.8.4.4,ICMP,BLOCK,-0.0026893616614944715,409.43862388353665,9,0
2024-01-01 07:28:00,172.16.0.1,172.16.0.2,TCP,ALLOW,0.07135248211495693,402.22962084693006,3,0
2024-01-01 01:10:00,192.168.1.2,172.16.0.2,ICMP,BLOCK,0.24818786954387329,709.0898640854048,10,1
2024-01-01 00:06:00,192.168.1.2,172.16.0.2,UDP,ALLOW,0.2673470764018653,1228.6941845409906,5,1
2024-01-01 13:54:00,10.0.0.2,192.168.1.3,UDP,BLOCK,-0.9844322465797795,1263.442962762065,4,0
2024-01-01 04:02:00,192.168.1.2,192.168.1.3,UDP,BLOCK,-0.07507834000599312,1057.7992754227039,8,1
2024-01-01 01:09:00,172.16.0.1,8.8.8.8,UDP,ALLOW,-0.8600185996458556,956.262832930682,7,0
2024-01-01 05:07:00,10.0.0.1,8.8.8.8,TCP,ALLOW,-0.6865310430576443,248.07173137479367,2,1
2024-01-01 04:53:00,192.168.1.2,8.8.4.4,TCP,ALLOW,-0.22928512059610684,627.0884119233164,6,0
2024-01-01 05:28:00,10.0.0.2,8.8.8.8,ICMP,BLOCK,0.468695555068948,567.8230598524002,8,0
2024-01-01 06:56:00,172.16.0.1,10.0.0.3,TCP,ALLOW,0.30092907690233095,844.5436878629392,10,1
2024-01-01 08:20:00,10.0.0.2,10.0.0.3,UDP,BLOCK,0.950180524246031,613.1247493402853,3,1
2024-01-01 12:15:00,192.168.1.2,8.8.8.8,UDP,ALLOW,-0.2950223467853885,397.24418284108543,2,0
2024-01-01 09:52:00,172.16.0.1,172.16.0.2,ICMP,BLOCK,-0.6751147056619979,1040.342394869886,3,0
2024-01-01 11:30:00,10.0.0.1,10.0.0.3,TCP,ALLOW,0.19639858295539403,1338.7133714478482,5,0
2024-01-01 03:45:00,172.16.0.1,10.0.0.3,ICMP,ALLOW,0.6851343059681596,207.98106181800432,1,0
2024-01-01 06:01:00,10.0.0.1,172.16.0.2,ICMP,ALLOW,0.1336591976003958,642.049665449185,2,1
2024-01-01 15:37:00,192.168.1.2,8.8.4.4,ICMP,ALLOW,-0.8299864549525666,302.8083737338698,2,1
2024-01-01 07:13:00,172.16.0.1,8.8.4.4,TCP,ALLOW,0.027086802219083328,1138.5942957115697,8,0
2024-01-01 06:10:00,172.16.0.1,8.8.8.8,UDP,BLOCK,-0.5747530247128525,727.7526192630241,1,0
2024-01-01 16:16:00,10.0.0.2,8.8.8.8,UDP,ALLOW,-0.9126784983308651,737.4302493510069,1,1
2024-01-01 04:20:00,10.0.0.2,172.16.0.2,TCP,ALLOW,0.8441947936541407,231.7204388313549,4,0
2024-01-01 04:51:00,192.168.1.1,8.8.4.4,TCP,ALLOW,-0.8457995239701988,482.5162414235104,3,1
2024-01-01 11:24:00,192.168.1.1,172.16.0.2,ICMP,BLOCK,-0.2518884411974247,203.39214217938706,3,0
2024-01-01 05:36:00,192.168.1.1,8.8.4.4,TCP,BLOCK,0.7344777304280927,142.92768632626542,5,1
2024-01-01 01:00:00,10.0.0.2,10.0.0.3,UDP,BLOCK,-0.49420833196981295,206.34361255669876,0,1
2024-01-01 01:11:00,10.0.0.2,172.16.0.2,TCP,ALLOW,0.37439142000198755,627.0485359018442,1,1
2024-01-01 09:34:00,172.16.0.1,8.8.4.4,ICMP,BLOCK,-0.35735716611893786,1409.12598097766,7,1
2024-01-01 06:44:00,192.168.1.2,192.168.1.3,TCP,ALLOW,0.38924569728784775,661.6449529875681,3,0
2024-01-01 11:46:00,10.0.0.1,172.16.0.2,UDP,ALLOW,0.23642557011415977,491.7942390804754,0,0
2024-01-01 00:10:00,172.16.0.1,172.16.0.2,UDP,ALLOW,-0.512829394054841,396.8501241058964,3,0
2024-01-01 00:23:00,10.0.0.2,192.168.1.3,TCP,ALLOW,0.13853204226584048,729.0366822274605,7,1
2024-01-01 00:09:00,192.168.1.1,8.8.4.4,TCP,ALLOW,0.8145801391969465,488.85927303679466,9,0
2024-01-01 08:56:00,10.0.0.1,8.8.8.8,ICMP,BLOCK,0.19898352407878517,1078.6530547184552,5,0
2024-01-01 10:03:00,192.168.1.1,8.8.8.8,UDP,ALLOW,-0.30433879661852625,672.2548304924088,8,0
2024-01-01 16:14:00,10.0.0.1,10.0.0.3,TCP,BLOCK,-0.6624749887168793,1336.119508504377,10,0
2024-01-01 03:26:00,172.16.0.1,8.8.8.8,UDP,BLOCK,0.41588976957363766,444.0416519917159,9,1
2024-01-01 16:05:00,192.168.1.1,192.168.1.3,UDP,BLOCK,-0.02085978404191935,326.89026223997087,9,1
2024-01-01 12:37:00,192.168.1.1,10.0.0.3,ICMP,BLOCK,-0.14024196659734867,923.3336358543258,7,1
2024-01-01 07:24:00,172.16.0.1,8.8.4.4,ICMP,BLOCK,-0.6253341662652872,1077.9204368551273,2,0
2024-01-01 15:32:00,172.16.0.1,8.8.4.4,UDP,ALLOW,-0.42411523230636927,1194.3260665411144,10,1
2024-01-01 15:19:00,192.168.1.2,192.168.1.3,TCP,ALLOW,-0.10132244867094031,172.17457033999784,0,1
2024-01-01 11:52:00,192.168.1.1,192.168.1.3,TCP,ALLOW,0.37655995527196473,1462.1268304495218,3,0
2024-01-01 07:26:00,192.168.1.1,10.0.0.3,UDP,ALLOW,0.3742018854734961,381.18853159096744,7,0
2024-01-01 05:54:00,10.0.0.2,172.16.0.2,TCP,BLOCK,0.9092531675914068,1488.9671188825275,6,0
2024-01-01 11:31:00,10.0.0.2,192.168.1.3,TCP,ALLOW,-0.5422433054160256,655.2372108815138,9,0
2024-01-01 01:25:00,10.0.0.1,172.16.0.2,ICMP,BLOCK,-0.7224582672753921,557.9980004082543,9,0
2024-01-01 10:40:00,172.16.0.1,192.168.1.3,UDP,ALLOW,-0.832049853838297,932.9926832499596,2,0
2024-01-01 05:07:00,192.168.1.1,192.168.1.3,UDP,ALLOW,0.26686049662535827,1175.1403430991218,5,1
2024-01-01 08:49:00,192.168.1.2,8.8.4.4,ICMP,BLOCK,-0.12710474458471643,822.7983002765046,5,1
2024-01-01 01:15:00,10.0.0.2,8.8.8.8,ICMP,BLOCK,-0.3171645743660405,1251.7945546165574,1,1
2024-01-01 15:28:00,10.0.0.2,172.16.0.2,UDP,ALLOW,0.6205607969245819,946.4633508541823,6,1
2024-01-01 09:16:00,192.168.1.1,10.0.0.3,UDP,ALLOW,-0.3758034624234652,742.5582285782639,10,1
2024-01-01 12:53:00,10.0.0.2,8.8.8.8,TCP,ALLOW,0.673997942021147,387.25057456491425,3,1
2024-01-01 00:29:00,10.0.0.2,8.8.8.8,ICMP,BLOCK,-0.7572805242662841,949.6438709837646,8,0
2024-01-01 16:29:00,10.0.0.2,172.16.0.2,TCP,BLOCK,-0.8343363063233107,1244.0404493155438,7,1
2024-01-01 01:55:00,192.168.1.2,172.16.0.2,ICMP,ALLOW,-0.10606263952175854,675.507079338833,3,0
2024-01-01 05:08:00,192.168.1.1,8.8.8.8,ICMP,ALLOW,-0.23713476795804644,917.6083586793856,3,0
2024-01-01 01:33:00,192.168.1.2,8.8.4.4,UDP,BLOCK,0.44370758742292504,1490.5831326676146,5,1
2024-01-01 13:17:00,192.168.1.1,192.168.1.3,ICMP,ALLOW,-0.5017302572949662,347.60189656480816,1,1
2024-01-01 02:53:00,10.0.0.1,10.0.0.3,UDP,ALLOW,0.13874096046585627,602.9142475626074,7,1
2024-01-01 07:20:00,10.0.0.2,8.8.8.8,ICMP,BLOCK,-0.10297458978666829,767.3403786480691,7,0
2024-01-01 04:40:00,10.0.0.1,172.16.0.2,ICMP,ALLOW,0.7062765519273737,385.91620389889414,4,1
2024-01-01 11:54:00,192.168.1.1,10.0.0.3,UDP,ALLOW,-0.8230162695562451,155.11600575873302,8,0
2024-01-01 00:14:00,192.168.1.2,10.0.0.3,TCP,BLOCK,0.26156594092575225,809.8161388174353,0,1
2024-01-01 00:41:00,172.16.0.1,172.16.0.2,TCP,ALLOW,0.9381034392640988,1148.6056052339156,10,0
2024-01-01 02:46:00,10.0.0.1,8.8.8.8,TCP,BLOCK,0.6957945053271393,767.8207688200054,2,1
2024-01-01 11:54:00,10.0.0.2,192.168.1.3,ICMP,ALLOW,0.25058333115162945,469.3599754032128,4,0
2024-01-01 00:58:00,172.16.0.1,8.8.4.4,ICMP,ALLOW,-0.25502260734251947,388.387914065963,3,0
2024-01-01 08:19:00,172.16.0.1,172.16.0.2,ICMP,BLOCK,0.12847688150350312,211.06443639683314,1,0
2024-01-01 16:29:00,172.16.0.1,192.168.1.3,TCP,ALLOW,0.7901965442900849,884.7956796256904,2,1
2024-01-01 12:30:00,192.168.1.2,10.0.0.3,UDP,BLOCK,0.38799677532505994,321.81680723434,9,0
2024-01-01 00:21:00,172.16.0.1,10.0.0.3,TCP,ALLOW,-0.6852116111550353,222.70666693789948,7,0
2024-01-01 16:07:00,192.168.1.1,172.16.0.2,UDP,BLOCK,0.9304737582547018,291.6855163406219,3,0
2024-01-01 06:30:00,10.0.0.1,8.8.8.8,ICMP,BLOCK,0.4662673858017561,173.2920216869038,10,0
2024-01-01 04:55:00,172.16.0.1,8.8.8.8,ICMP,ALLOW,0.005215758368336765,1498.7523519051922,9,0
2024-01-01 05:45:00,10.0.0.2,8.8.8.8,ICMP,BLOCK,0.16950977410995716,620.2789382080174,6,0
2024-01-01 03:42:00,192.168.1.2,172.16.0.2,ICMP,BLOCK,0.4818780645922651,478.7189921721799,8,1
2024-01-01 15:41:00,192.168.1.2,172.16.0.2,UDP,ALLOW,-0.45055357376611394,613.4810978057687,10,1
2024-01-01 06:29:00,192.168.1.2,10.0.0.3,ICMP,BLOCK,0.73250319781424,606.478315429413,10,1
2024-01-01 08:33:00,10.0.0.2,8.8.4.4,ICMP,BLOCK,-0.9557382889357582,1114.007425164995,3,0
2024-01-01 12:28:00,172.16.0.1,192.168.1.3,ICMP,BLOCK,0.5337920427078706,306.8284727679705,0,0
2024-01-01 06:43:00,172.16.0.1,8.8.8.8,UDP,ALLOW,0.3934842738091133,458.39968547767455,0,1
2024-01-01 08:02:00,10.0.0.1,172.16.0.2,UDP,ALLOW,-0.1065632470792377,547.0471700761746,7,0
2024-01-01 03:40:00,192.168.1.2,172.16.0.2,UDP,BLOCK,0.08005200862919248,273.76984139353897,4,0
2024-01-01 15:30:00,192.168.1.2,8.8.8.8,ICMP,ALLOW,-0.6538589909664658,278.4493845801161,5,0
2024-01-01 05:59:00,172.16.0.1,8.8.8.8,TCP,BLOCK,0.8889433908281368,361.12390576728006,0,1
2024-01-01 03:55:00,192.168.1.2,8.8.4.4,TCP,BLOCK,0.523564510172392,745.5992818516655,3,0
2024-01-01 05:30:00,10.0.0.1,8.8.4.4,ICMP,BLOCK,-0.9322391648252728,314.75449683813093,6,0
2024-01-01 11:39:00,192.168.1.1,172.16.0.2,ICMP,BLOCK,0.12579900719323267,312.42484179104827,6,0
2024-01-01 12:37:00,192.168.1.1,192.168.1.3,ICMP,BLOCK,-0.9015275886109781,630.1565712743816,7,0
2024-01-01 00:48:00,192.168.1.2,192.168.1.3,ICMP,ALLOW,-0.030847692644222713,1019.7355113343676,4,1
2024-01-01 12:48:00,10.0.0.1,8.8.4.4,TCP,ALLOW,-0.6790676436582967,159.89760335222877,2,0
2024-01-01 00:16:00,192.168.1.1,192.168.1.3,ICMP,BLOCK,-0.8693918382587389,414.88928244895067,1,0
2024-01-01 15:46:00,172.16.0.1,10.0.0.3,ICMP,BLOCK,0.2571268800224831,940.9274650327059,8,0
2024-01-01 08:36:00,192.168.1.1,8.8.4.4,ICMP,ALLOW,0.7786596442613516,670.3218310928403,4,0
2024-01-01 14:32:00,192.168.1.2,10.0.0.3,UDP,BLOCK,0.3425171430168892,1022.4034969417997,2,1
2024-01-01 05:01:00,192.168.1.1,10.0.0.3,TCP,ALLOW,0.06793107050833713,898.6172358610565,6,0
2024-01-01 13:07:00,10.0.0.2,8.8.8.8,UDP,ALLOW,-0.646141311120008,250.9303946413186,10,1
2024-01-01 00:58:00,192.168.1.1,172.16.0.2,TCP,BLOCK,-0.19960453916458154,606.2183482311809,9,1
2024-01-01 02:57:00,10.0.0.1,192.168.1.3,ICMP,ALLOW,0.25536369714194396,378.0164965293721,1,0
2024-01-01 05:20:00,10.0.0.2,10.0.0.3,TCP,BLOCK,0.5558356606477481,836.4409591805793,8,0
2024-01-01 04:04:00,192.168.1.2,192.168.1.3,ICMP,BLOCK,-0.18964125194243064,1098.7919566907235,6,0
2024-01-01 08:32:00,192.168.1.2,172.16.0.2,UDP,BLOCK,0.2846188166911112,828.7355695771089,4,0
2024-01-01 05:54:00,192.168.1.1,172.16.0.2,UDP,ALLOW,-0.9335516915641562,1036.9690754903936,8,0
2024-01-01 13:21:00,192.168.1.1,192.168.1.3,ICMP,BLOCK,-0.10281261006828957,952.6461342308501,3,0
2024-01-01 15:44:00,10.0.0.1,172.16.0.2,TCP,ALLOW,0.5356635555435811,1124.8612154063514,7,0
2024-01-01 12:34:00,172.16.0.1,8.8.8.8,ICMP,BLOCK,-0.35907982366521507,773.7618142650372,0,1
2024-01-01 13:40:00,192.168.1.1,172.16.0.2,ICMP,BLOCK,-0.210190217145092,667.2669649532559,3,1
2024-01-01 00:48:00,192.168.1.2,8.8.4.4,ICMP,ALLOW,0.43471326690554757,890.027154583874,6,1
2024-01-01 04:11:00,172.16.0.1,10.0.0.3,ICMP,ALLOW,-0.6920112358078001,878.1555057220621,10,1
2024-01-01 00:21:00,10.0.0.2,8.8.8.8,TCP,BLOCK,-0.9806594489504996,1168.8887372835109,6,1
2024-01-01 15:55:00,192.168.1.1,8.8.8.8,ICMP,ALLOW,0.16716998707941744,1416.4404646648663,6,0
2024-01-01 02:53:00,172.16.0.1,172.16.0.2,TCP,ALLOW,0.37944939677617273,775.1114818348973,1,0
2024-01-01 02:14:00,192.168.1.1,10.0.0.3,ICMP,ALLOW,-0.3434044851898874,518.0649264929516,8,0
2024-01-01 11:05:00,10.0.0.1,192.168.1.3,TCP,BLOCK,0.9846787861240045,1211.5873829869083,4,1
2024-01-01 15:41:00,10.0.0.2,8.8.8.8,UDP,ALLOW,0.6867351444422118,401.3271849245161,10,1
2024-01-01 15:00:00,10.0.0.1,172.16.0.2,UDP,BLOCK,-0.7158717649567403,758.6426229777356,5,0
2024-01-01 10:23:00,10.0.0.2,8.8.8.8,ICMP,BLOCK,0.10676079479436917,1089.5613262201994,5,1
2024-01-01 12:40:00,192.168.1.2,8.8.8.8,TCP,BLOCK,-0.348958509065765,518.2622700037687,4,1
2024-01-01 16:17:00,10.0.0.1,8.8.8.8,UDP,ALLOW,0.195003555573664,903.7601716955081,2,0
2024-01-01 02:17:00,192.168.1.1,10.0.0.3,ICMP,BLOCK,-0.3512394719875551,1115.5527918516486,8,0
2024-01-01 09:12:00,10.0.0.2,8.8.4.4,ICMP,ALLOW,-0.13221506183215803,231.458460996994,4,1
2024-01-01 02:54:00,10.0.0.1,172.16.0.2,UDP,ALLOW,-0.7569772722274011,1484.9831339717434,3,1
2024-01-01 16:03:00,172.16.0.1,172.16.0.2,UDP,BLOCK,-0.23468465147192297,1412.8264126849156,1,0
2024-01-01 00:19:00,10.0.0.2,8.8.8.8,ICMP,ALLOW,0.9118830533561919,520.4668003160676,5,1
2024-01-01 11:57:00,10.0.0.1,8.8.4.4,UDP,BLOCK,-0.54931840988603,489.9920046831327,9,0
2024-01-01 11:47:00,10.0.0.1,172.16.0.2,ICMP,BLOCK,-0.1040516179108677,244.59097183046165,2,1
2024-01-01 09:36:00,192.168.1.2,172.16.0.2,TCP,BLOCK,0.13424378935822268,1041.930677750414,3,1
2024-01-01 09:18:00,192.168.1.1,192.168.1.3,UDP,BLOCK,0.46808253576964143,362.2196711203899,5,0
2024-01-01 05:13:00,10.0.0.1,10.0.0.3,ICMP,BLOCK,0.3585952698113475,118.18790653197743,5,0
2024-01-01 05:03:00,192.168.1.2,172.16.0.2,TCP,BLOCK,0.3553652224184338,404.1504628698664,3,1
2024-01-01 08:54:00,192.168.1.2,192.168.1.3,ICMP,ALLOW,-0.9974529340995943,765.2828518172244,10,0
2024-01-01 05:05:00,10.0.0.2,192.168.1.3,ICMP,BLOCK,0.7228839959730851,1033.1940169555646,6,0
2024-01-01 00:26:00,10.0.0.2,10.0.0.3,UDP,ALLOW,-0.0585066925518416,257.9794743382804,3,0
2024-01-01 16:08:00,10.0.0.1,172.16.0.2,UDP,BLOCK,-0.41406269693683484,1031.9784417713531,7,0
2024-01-01 03:01:00,192.168.1.2,172.16.0.2,ICMP,BLOCK,0.2472910608373311,561.4726102964593,0,0
2024-01-01 03:56:00,192.168.1.2,8.8.4.4,TCP,BLOCK,0.6741113573170963,1193.3261028825323,3,1
2024-01-01 10:53:00,192.168.1.1,172.16.0.2,ICMP,BLOCK,-0.8315793991649654,1360.2888476617193,5,0
2024-01-01 07:04:00,10.0.0.1,8.8.4.4,TCP,BLOCK,-0.5312470039422381,602.9318741979321,6,1
2024-01-01 15:38:00,10.0.0.2,10.0.0.3,UDP,BLOCK,0.16766544051573962,211.56481670027972,2,1
2024-01-01 14:48:00,192.168.1.1,8.8.4.4,ICMP,BLOCK,0.6472161103170169,415.88021274094064,0,1
2024-01-01 16:01:00,172.16.0.1,10.0.0.3,UDP,BLOCK,0.7005634755331622,663.7705374473275,1,1
2024-01-01 14:07:00,10.0.0.2,192.168.1.3,ICMP,BLOCK,-0.7587444753206107,804.1461317520216,2,1
2024-01-01 03:24:00,172.16.0.1,10.0.0.3,TCP,BLOCK,0.6546906410243021,1077.6554544277815,9,0
2024-01-01 00:58:00,10.0.0.2,8.8.8.8,ICMP,BLOCK,0.9365864443530478,125.36104488839416,7,1
2024-01-01 12:12:00,172.16.0.1,192.168.1.3,TCP,BLOCK,-0.5592371129802491,1430.017876803321,2,1
2024-01-01 03:32:00,172.16.0.1,8.8.4.4,ICMP,BLOCK,0.864633660843461,1397.573714367093,7,1
2024-01-01 09:22:00,192.168.1.1,172.16.0.2,ICMP,ALLOW,-0.5159851764124539,1279.0118235704995,3,1
2024-01-01 10:24:00,192.168.1.1,10.0.0.3,UDP,ALLOW,0.4185596460899059,1022.4112147815413,9,0
2024-01-01 04:39:00,172.16.0.1,192.168.1.3,ICMP,BLOCK,-0.043453334909010044,1130.2651464894375,2,0
2024-01-01 12:26:00,10.0.0.1,8.8.8.8,UDP,ALLOW,-0.4694493813341738,598.2542434596313,8,0
2024-01-01 13:11:00,192.168.1.1,8.8.8.8,UDP,BLOCK,-0.04328612665304332,1237.7405322729296,7,1
2024-01-01 03:22:00,192.168.1.2,8.8.8.8,TCP,ALLOW,0.8316613358455172,1314.3636642624165,4,0
2024-01-01 11:36:00,10.0.0.1,8.8.8.8,ICMP,BLOCK,0.8153899330465795,448.8876346160175,10,1
2024-01-01 15:40:00,192.168.1.2,8.8.4.4,UDP,ALLOW,0.7331642744140077,446.02538402467826,0,1
2024-01-01 12:38:00,192.168.1.2,10.0.0.3,UDP,ALLOW,0.6588195963545798,1230.3653835402517,7,0
2024-01-01 14:42:00,192.168.1.1,172.16.0.2,UDP,BLOCK,0.7940531075377162,876.6022711387524,7,1
2024-01-01 11:49:00,172.16.0.1,8.8.8.8,TCP,ALLOW,0.48511297954142907,378.32361569440565,5,1
2024-01-01 16:27:00,10.0.0.2,8.8.8.8,UDP,BLOCK,-0.17545593597676867,442.10566781371733,3,1
2024-01-01 08:21:00,192.168.1.1,8.8.8.8,TCP,BLOCK,-0.7673349755589873,318.1026191868133,2,1
2024-01-01 12:09:00,10.0.0.2,8.8.4.4,ICMP,ALLOW,-0.20940004008183122,279.4024954661025,8,1
2024-01-01 00:40:00,192.168.1.1,8.8.8.8,UDP,BLOCK,0.9912770652195735,1190.902135589467,0,1
2024-01-01 03:27:00,10.0.0.1,8.8.8.8,ICMP,BLOCK,0.14958124701063746,277.22876974700773,7,0
2024-01-01 10:41:00,10.0.0.2,10.0.0.3,TCP,ALLOW,-0.08844651174088525,400.42043088485934,10,1
2024-01-01 16:17:00,172.16.0.1,8.8.8.8,UDP,ALLOW,-0.8349833877845709,1364.141340034257,9,1
2024-01-01 02:05:00,192.168.1.2,192.168.1.3,UDP,ALLOW,0.3156205988250871,268.6260801149283,3,0
2024-01-01 00:33:00,192.168.1.2,10.0.0.3,TCP,BLOCK,0.3232487059906983,1165.9465111944612,1,0
2024-01-01 12:20:00,172.16.0.1,8.8.8.8,UDP,ALLOW,-0.9565505365184999,213.35615436049235,6,1
2024-01-01 01:11:00,10.0.0.1,10.0.0.3,TCP,ALLOW,-0.9111692739248212,1084.0845430443142,5,1
2024-01-01 08:18:00,172.16.0.1,8.8.8.8,TCP,ALLOW,-0.46279573970468335,699.9968205082301,9,1
2024-01-01 13:05:00,172.16.0.1,8.8.8.8,UDP,ALLOW,-0.8023970848507305,309.92580885299714,3,1
2024-01-01 15:54:00,10.0.0.1,10.0.0.3,UDP,ALLOW,0.9303042037840421,1388.270192931019,8,0
2024-01-01 03:24:00,192.168.1.2,8.8.8.8,ICMP,BLOCK,0.22457045670006437,313.5081006260276,2,1
2024-01-01 07:09:00,192.168.1.2,172.16.0.2,UDP,BLOCK,-0.2286303665788696,341.76815926798184,3,1
2024-01-01 10:51:00,192.168.1.2,8.8.4.4,UDP,ALLOW,0.9707931001446712,1146.5021547247104,1,1
2024-01-01 05:03:00,192.168.1.2,8.8.4.4,UDP,ALLOW,-0.9887835748651648,249.57135368277835,8,1
2024-01-01 07:14:00,10.0.0.2,10.0.0.3,ICMP,BLOCK,-0.956418295660838,1420.1031610150737,0,1
2024-01-01 05:54:00,10.0.0.1,8.8.8.8,ICMP,ALLOW,0.14914041899655772,225.69314519391133,2,0
2024-01-01 15:06:00,192.168.1.1,8.8.4.4,TCP,ALLOW,-0.802446341986758,1289.4976645727086,3,0
2024-01-01 10:12:00,172.16.0.1,8.8.8.8,ICMP,ALLOW,-0.9004200542370597,313.4377385363531,7,1
2024-01-01 01:11:00,192.168.1.2,8.8.4.4,ICMP,ALLOW,0.0823631819926518,1434.0961353753491,8,0
2024-01-01 01:33:00,10.0.0.1,8.8.8.8,TCP,ALLOW,0.7422887160539888,1306.0054899756567,2,0
2024-01-01 07:16:00,10.0.0.2,10.0.0.3,TCP,ALLOW,-0.3189801247499793,133.3523113651962,7,0
2024-01-01 09:09:00,172.16.0.1,172.16.0.2,UDP,BLOCK,0.6494328248276013,1031.8231402268643,4,1
2024-01-01 12:55:00,10.0.0.1,192.168.1.3,ICMP,ALLOW,-0.6827954891931132,692.3566350395741,9,1
2024-01-01 01:01:00,172.16.0.1,192.168.1.3,TCP,BLOCK,0.671958640440931,185.5784551010421,10,1
2024-01-01 04:07:00,192.168.1.2,8.8.8.8,UDP,ALLOW,-0.5865149069771101,1300.3318198343093,1,1
2024-01-01 12:27:00,172.16.0.1,8.8.8.8,TCP,BLOCK,-0.4197006211657932,771.525940238663,0,1
2024-01-01 10:39:00,192.168.1.1,8.8.4.4,ICMP,BLOCK,-0.13704621215598922,699.1745222869921,9,0
2024-01-01 00:17:00,192.168.1.1,8.8.8.8,UDP,ALLOW,-0.15145165279676953,1417.032713654013,8,1
2024-01-01 12:25:00,172.16.0.1,10.0.0.3,TCP,BLOCK,0.7170403568932893,451.2648862969097,3,0
2024-01-01 11:25:00,10.0.0.2,192.168.1.3,TCP,BLOCK,-0.29804479314199983,1364.4502902760455,3,0
2024-01-01 09:23:00,10.0.0.2,8.8.4.4,TCP,ALLOW,-0.01449703217089815,916.7420504734984,0,1
2024-01-01 05:35:00,10.0.0.1,192.168.1.3,ICMP,BLOCK,0.8670135375023138,1347.9562309392595,1,1
2024-01-01 10:59:00,192.168.1.1,10.0.0.3,ICMP,ALLOW,-0.7840537313503562,445.48561182284146,10,0
2024-01-01 06:39:00,192.168.1.1,8.8.8.8,UDP,BLOCK,-0.45325401693243883,1043.1051874100845,7,0
2024-01-01 05:42:00,10.0.0.2,192.168.1.3,ICMP,BLOCK,0.883361602068198,524.9239140082914,4,0
2024-01-01 12:05:00,10.0.0.2,8.8.4.4,UDP,BLOCK,0.620531040937568,1184.5951102415256,2,0
2024-01-01 14:37:00,192.168.1.1,192.168.1.3,UDP,BLOCK,0.34132269600470866,997.4197496280095,5,1
2024-01-01 05:44:00,10.0.0.1,10.0.0.3,TCP,BLOCK,-0.4894035139665154,1370.0396956827028,9,1
2024-01-01 16:25:00,172.16.0.1,8.8.8.8,ICMP,BLOCK,0.9926565336273288,1387.795857628176,3,0
2024-01-01 02:28:00,172.16.0.1,192.168.1.3,UDP,ALLOW,-0.3550841115527492,776.2778664525529,0,0
2024-01-01 03:07:00,192.168.1.2,8.8.8.8,ICMP,ALLOW,-0.911169051062211,866.8570417265248,6,1
2024-01-01 07:24:00,10.0.0.2,8.8.8.8,TCP,ALLOW,-0.35331094466317614,612.3617639487385,3,1
2024-01-01 05:23:00,172.16.0.1,192.168.1.3,TCP,ALLOW,-0.9450597286080822,419.1531188300783,6,0
2024-01-01 02:20:00,10.0.0.1,172.16.0.2,ICMP,BLOCK,-0.7024862688511151,1158.5050247307647,4,0
2024-01-01 05:01:00,10.0.0.1,8.8.8.8,TCP,BLOCK,-0.28285021671692245,693.7570088668989,1,0
2024-01-01 03:14:00,192.168.1.1,8.8.4.4,TCP,ALLOW,-0.12962148008993934,1481.328037897757,4,0
2024-01-01 05:29:00,10.0.0.1,192.168.1.3,ICMP,BLOCK,0.9492485692803876,582.9390987865861,2,0
2024-01-01 08:22:00,10.0.0.2,172.16.0.2,TCP,ALLOW,0.17152940667941263,1429.803185146681,5,0
2024-01-01 12:29:00,10.0.0.1,8.8.8.8,TCP,BLOCK,0.8810062882754925,124.08027453937828,9,1
2024-01-01 16:04:00,192.168.1.1,8.8.8.8,UDP,BLOCK,-0.7532808475307593,496.5328396896856,8,0
2024-01-01 00:11:00,192.168.1.2,192.168.1.3,UDP,ALLOW,0.9990902811390909,401.9098014502328,5,0
2024-01-01 11:34:00,10.0.0.2,192.168.1.3,UDP,ALLOW,0.9058141698843309,1110.9297827512019,5,1
2024-01-01 04:58:00,10.0.0.2,192.168.1.3,ICMP,ALLOW,-0.5537397631826524,558.6458674970154,0,0
2024-01-01 02:04:00,172.16.0.1,192.168.1.3,TCP,BLOCK,-0.25818743911481246,1323.3755730646205,8,0
2024-01-01 12:25:00,10.0.0.2,8.8.8.8,UDP,ALLOW,-0.7632828208150497,1144.211062783285,8,1
2024-01-01 15:05:00,172.16.0.1,8.8.8.8,UDP,BLOCK,-0.0661019203504416,697.977760107121,10,0
2024-01-01 09:11:00,10.0.0.1,192.168.1.3,TCP,BLOCK,-0.5747882993515596,1276.1321921786136,3,1
2024-01-01 06:09:00,10.0.0.2,172.16.0.2,TCP,BLOCK,-0.8418528793787838,1088.8792207870804,9,0
2024-01-01 01:26:00,10.0.0.2,8.8.4.4,UDP,BLOCK,-0.9759882351307163,574.2926876737292,9,0
2024-01-01 15:07:00,10.0.0.2,192.168.1.3,ICMP,ALLOW,-0.9348453468594689,1341.4987382869722,3,1
2024-01-01 00:11:00,192.168.1.1,10.0.0.3,TCP,ALLOW,0.6183492506651262,1199.439219688592,2,0
2024-01-01 12:10:00,10.0.0.2,8.8.8.8,UDP,ALLOW,0.8356466493909251,1137.3046711954005,2,0
2024-01-01 07:36:00,10.0.0.1,192.168.1.3,UDP,BLOCK,-0.36225875480072656,593.9292822832513,6,1
2024-01-01 04:28:00,172.16.0.1,192.168.1.3,UDP,ALLOW,0.7593805422615829,631.497882638724,5,1
2024-01-01 03:05:00,192.168.1.2,10.0.0.3,UDP,ALLOW,-0.972129865436532,1394.7554307694886,10,0
2024-01-01 04:51:00,10.0.0.2,172.16.0.2,TCP,ALLOW,-0.6123583747793155,918.7274973580309,8,0
2024-01-01 08:47:00,192.168.1.1,8.8.8.8,ICMP,BLOCK,-0.13461859842931778,1474.7475239404007,9,0
2024-01-01 03:33:00,10.0.0.1,172.16.0.2,TCP,BLOCK,0.9918187667325498,996.6773721517303,3,0
2024-01-01 10:36:00,10.0.0.1,10.0.0.3,ICMP,BLOCK,0.5038989393513871,1472.3187193793826,0,1
2024-01-01 10:54:00,192.168.1.1,192.168.1.3,UDP,BLOCK,-0.07516243060398686,898.4417517674711,7,1
2024-01-01 09:24:00,172.16.0.1,8.8.8.8,ICMP,ALLOW,0.32278550284410645,1465.0384770731564,3,1
2024-01-01 00:27:00,10.0.0.2,8.8.8.8,ICMP,BLOCK,0.7971261198678941,463.3835815234067,0,0
2024-01-01 15:03:00,172.16.0.1,8.8.8.8,UDP,BLOCK,-0.11523480115688711,1139.0414931241562,9,1
2024-01-01 11:02:00,10.0.0.1,172.16.0.2,TCP,ALLOW,-0.5894039948500025,1367.4332031802792,0,0
2024-01-01 06:20:00,192.168.1.2,192.168.1.3,ICMP,ALLOW,0.49534834917504345,149.10877977367502,10,0
2024-01-01 10:15:00,172.16.0.1,8.8.8.8,TCP,BLOCK,0.9878601323388869,623.4691901724283,6,0
2024-01-01 05:01:00,10.0.0.2,10.0.0.3,UDP,ALLOW,-0.010085350588434627,754.1854508846263,8,1
2024-01-01 02:42:00,10.0.0.1,8.8.8.8,UDP,ALLOW,0.37782604891878946,616.9591590653729,7,0
2024-01-01 08:43:00,10.0.0.1,8.8.4.4,TCP,BLOCK,0.3678848806544428,1320.7267322603295,4,1
2024-01-01 02:39:00,192.168.1.2,8.8.8.8,ICMP,BLOCK,0.24758402975677551,298.907917140943,10,0
2024-01-01 15:14:00,192.168.1.2,10.0.0.3,ICMP,ALLOW,-0.8167336609634883,962.0468898370034,9,0
2024-01-01 00:52:00,10.0.0.2,8.8.8.8,TCP,ALLOW,0.1796611738556364,908.2455058735745,9,1
2024-01-01 10:21:00,172.16.0.1,10.0.0.3,ICMP,BLOCK,0.03843385986062997,247.49888132053596,7,0
2024-01-01 09:07:00,172.16.0.1,10.0.0.3,ICMP,ALLOW,0.5282965473496999,394.23387298891527,0,0
2024-01-01 07:31:00,10.0.0.2,10.0.0.3,ICMP,ALLOW,0.3425196548619527,1266.919114696356,6,0
2024-01-01 02:59:00,192.168.1.1,192.168.1.3,ICMP,BLOCK,0.6494199665136964,1331.5188585564576,1,1
2024-01-01 07:59:00,192.168.1.2,192.168.1.3,TCP,BLOCK,-0.20155764811878996,1280.579077186536,2,1
2024-01-01 11:42:00,172.16.0.1,192.168.1.3,TCP,ALLOW,-0.5639366177877734,138.95173742341302,3,1
2024-01-01 05:09:00,172.16.0.1,10.0.0.3,UDP,BLOCK,0.4567352487926408,450.37692506520324,4,0
2024-01-01 14:33:00,10.0.0.2,172.16.0.2,UDP,BLOCK,0.35106464303824847,105.71570710444153,0,0
2024-01-01 04:58:00,10.0.0.2,10.0.0.3,ICMP,ALLOW,-0.42517785823851084,1394.4476973041274,6,0
2024-01-01 03:17:00,10.0.0.2,8.8.8.8,ICMP,ALLOW,0.3310206859657643,1478.2494472834746,8,0
2024-01-01 05:21:00,10.0.0.1,172.16.0.2,TCP,BLOCK,-0.5241144546665863,1237.9662539427825,5,1
2024-01-01 14:22:00,10.0.0.2,172.16.0.2,TCP,ALLOW,0.5639754291151791,802.5995994906996,8,1
2024-01-01 05:36:00,10.0.0.2,8.8.4.4,TCP,ALLOW,-0.6934780281521209,1305.3870662877002,6,0
2024-01-01 09:46:00,172.16.0.1,192.168.1.3,UDP,ALLOW,0.6510841722120537,779.5453157057092,6,1
2024-01-01 12:38:00,10.0.0.2,192.168.1.3,ICMP,ALLOW,-0.6844818118715028,1369.4821890221897,7,1
2024-01-01 04:45:00,192.168.1.1,192.168.1.3,ICMP,BLOCK,-0.8545926398022594,345.8894040691514,7,0
2024-01-01 07:06:00,192.168.1.2,8.8.8.8,UDP,ALLOW,-0.18676809242000458,405.8633842265922,7,0
2024-01-01 11:13:00,10.0.0.1,10.0.0.3,ICMP,BLOCK,0.33994838301865893,1082.2896259253882,0,0
2024-01-01 10:22:00,10.0.0.2,8.8.8.8,ICMP,ALLOW,0.37990691179268965,893.7392530505177,2,1
2024-01-01 12:45:00,192.168.1.1,10.0.0.3,UDP,BLOCK,-0.3596091958679608,340.87843362105593,8,1
2024-01-01 02:15:00,172.16.0.1,10.0.0.3,TCP,BLOCK,-0.37800796210046106,209.30382804067776,10,0
2024-01-01 08:50:00,172.16.0.1,8.8.4.4,TCP,ALLOW,0.28333822981844303,386.88543770610335,2,0
2024-01-01 08:36:00,10.0.0.2,8.8.4.4,ICMP,BLOCK,0.5715690297013989,745.7888364185198,4,0
2024-01-01 15:18:00,172.16.0.1,172.16.0.2,TCP,BLOCK,-0.7652316363281702,1119.3374164028128,0,0
2024-01-01 07:12:00,192.168.1.1,8.8.4.4,UDP,BLOCK,-0.570829689645016,622.6912450900653,9,0
2024-01-01 08:12:00,10.0.0.2,8.8.4.4,ICMP,BLOCK,0.9817778597267797,1054.0047959618973,6,1
2024-01-01 13:17:00,10.0.0.2,8.8.4.4,UDP,BLOCK,-0.7717975593310711,1230.1174014781284,9,0
2024-01-01 01:22:00,172.16.0.1,8.8.8.8,TCP,BLOCK,-0.641707474161088,255.4644934592826,4,1
2024-01-01 07:25:00,10.0.0.2,8.8.8.8,UDP,BLOCK,-0.5317355509272186,377.4384941655217,1,1
2024-01-01 03:31:00,10.0.0.1,172.16.0.2,ICMP,ALLOW,0.52893502349905,1344.2808763779635,8,0
2024-01-01 13:06:00,192.168.1.1,192.168.1.3,TCP,ALLOW,0.7547227456577905,169.79463271928657,4,1
2024-01-01 13:06:00,10.0.0.1,172.16.0.2,UDP,ALLOW,-0.507414173297269,1036.0727686440546,0,1
2024-01-01 06:01:00,172.16.0.1,8.8.4.4,UDP,BLOCK,0.07651956535047488,379.7233442455567,1,0
2024-01-01 04:14:00,192.168.1.2,192.168.1.3,TCP,BLOCK,-0.6070680963188371,159.24457404513137,7,0
2024-01-01 04:49:00,192.168.1.2,172.16.0.2,TCP,BLOCK,-0.7522324093589936,1214.6000395592325,4,1
2024-01-01 04:58:00,172.16.0.1,192.168.1.3,TCP,BLOCK,0.9515838412280928,131.9084421762974,8,1
2024-01-01 14:14:00,192.168.1.1,172.16.0.2,TCP,BLOCK,-0.3558370791043275,323.6606190089114,10,1
2024-01-01 15:13:00,172.16.0.1,192.168.1.3,UDP,BLOCK,-0.7259988582989303,1006.9766933751301,4,0
2024-01-01 10:50:00,172.16.0.1,10.0.0.3,TCP,BLOCK,0.08439823855029371,140.06317891912755,3,1
2024-01-01 07:30:00,192.168.1.1,8.8.4.4,UDP,BLOCK,-0.432014146288358,1358.6577074692898,8,1
2024-01-01 10:45:00,172.16.0.1,8.8.8.8,ICMP,BLOCK,-0.9770310589923059,1350.2103539678744,1,0
2024-01-01 05:02:00,192.168.1.2,10.0.0.3,UDP,BLOCK,-0.5047397994133291,1422.7970077014745,2,0
2024-01-01 12:41:00,192.168.1.2,8.8.4.4,UDP,BLOCK,0.4616510900775066,737.6197801007285,9,1
2024-01-01 10:07:00,172.16.0.1,172.16.0.2,UDP,ALLOW,0.09390163839921928,728.6137481734011,9,0
2024-01-01 14:00:00,192.168.1.2,8.8.8.8,UDP,ALLOW,0.8525494086044645,1433.4152934124534,8,0
2024-01-01 14:19:00,192.168.1.2,10.0.0.3,ICMP,BLOCK,-0.07326137956997214,434.7213800742291,5,0
2024-01-01 03:01:00,10.0.0.1,8.8.4.4,ICMP,BLOCK,0.1823560607169763,1115.8585015005044,9,1
2024-01-01 09:47:00,10.0.0.2,8.8.8.8,ICMP,BLOCK,0.5632201327410498,839.4265166658748,0,0
2024-01-01 06:33:00,192.168.1.2,8.8.8.8,UDP,ALLOW,0.5268042507029032,1411.4697595205894,8,0
2024-01-01 05:46:00,172.16.0.1,192.168.1.3,ICMP,BLOCK,-0.44389115954697944,316.380029291936,0,1
2024-01-01 04:27:00,192.168.1.1,10.0.0.3,UDP,ALLOW,-0.9692594970278856,253.10353391799748,8,0
2024-01-01 14:25:00,10.0.0.2,8.8.8.8,UDP,BLOCK,0.045727611795458145,866.9113614937347,2,1
2024-01-01 01:32:00,10.0.0.1,192.168.1.3,TCP,ALLOW,-0.9343585465278355,279.82211701292374,9,0
2024-01-01 12:01:00,192.168.1.1,192.168.1.3,TCP,BLOCK,-0.5393039159839066,1030.3197277351824,3,0
2024-01-01 05:22:00,10.0.0.1,8.8.4.4,UDP,BLOCK,-0.3757246421633451,202.04750915454514,9,0
2024-01-01 08:56:00,10.0.0.2,10.0.0.3,ICMP,BLOCK,-0.44887620014130314,476.5469602954542,7,0
2024-01-01 13:48:00,10.0.0.1,8.8.8.8,ICMP,BLOCK,0.42439787910334026,138.44822902748464,10,0
2024-01-01 11:31:00,192.168.1.1,10.0.0.3,ICMP,ALLOW,-0.7243205301216109,1416.8404726385718,3,0
2024-01-01 10:16:00,172.16.0.1,8.8.8.8,TCP,ALLOW,0.10605027509270082,202.876107457158,2,1
2024-01-01 09:47:00,192.168.1.1,8.8.4.4,ICMP,BLOCK,0.3999710038829942,587.3250101752582,7,0
2024-01-01 02:06:00,192.168.1.2,192.168.1.3,UDP,BLOCK,0.6916101278209861,387.0023156513971,2,1
2024-01-01 16:32:00,172.16.0.1,8.8.8.8,ICMP,BLOCK,-0.6358781919868195,483.1166094394077,3,0
2024-01-01 11:10:00,192.168.1.1,192.168.1.3,TCP,BLOCK,-0.17856097182275943,1254.8738409469597,7,1
2024-01-01 15:43:00,192.168.1.1,172.16.0.2,ICMP,BLOCK,-0.1544387014179336,182.27484181000324,6,1
2024-01-01 05:57:00,172.16.0.1,10.0.0.3,UDP,ALLOW,-0.09636588707247329,903.0924900548889,10,1
2024-01-01 15:18:00,10.0.0.1,192.168.1.3,UDP,ALLOW,0.9965700106279824,350.3176722448966,1,0
2024-01-01 04:04:00,10.0.0.2,8.8.4.4,ICMP,BLOCK,0.19167334013347137,676.0656398845388,5,0
2024-01-01 14:36:00,172.16.0.1,8.8.8.8,UDP,BLOCK,-0.9815688048148496,1451.4508388808365,1,1
2024-01-01 09:13:00,192.168.1.1,8.8.4.4,UDP,BLOCK,0.822037558747766,1232.0610858130317,2,0
2024-01-01 01:08:00,172.16.0.1,192.168.1.3,UDP,BLOCK,0.4659925261535338,792.3480912728832,5,1
2024-01-01 00:16:00,172.16.0.1,192.168.1.3,ICMP,BLOCK,-0.5622646964291205,336.41192999978,10,0
2024-01-01 02:20:00,10.0.0.2,8.8.8.8,ICMP,BLOCK,0.18737593892664184,1210.6131191349932,10,0
2024-01-01 10:20:00,192.168.1.1,10.0.0.3,TCP,BLOCK,0.8751944417613895,1009.3253274863272,5,1
2024-01-01 09:13:00,192.168.1.1,8.8.8.8,UDP,ALLOW,0.4771610199494025,382.4387576368482,9,1
2024-01-01 06:24:00,10.0.0.2,8.8.8.8,ICMP,BLOCK,-0.17856953576366696,856.6765300079617,10,0
2024-01-01 10:10:00,192.168.1.2,172.16.0.2,ICMP,ALLOW,-0.7775013498840209,1213.9056091292193,2,0
2024-01-01 10:10:00,172.16.0.1,172.16.0.2,ICMP,BLOCK,-0.0644439484179753,1108.2150886605928,2,0
2024-01-01 14:23:00,10.0.0.1,8.8.8.8,UDP,BLOCK,0.4239668326380712,573.0755022188664,0,0
2024-01-01 00:04:00,10.0.0.1,8.8.8.8,ICMP,ALLOW,-0.6058154028351759,1245.4387476251286,9,0
2024-01-01 09:12:00,192.168.1.1,192.168.1.3,ICMP,ALLOW,-0.7208163503443574,583.4871347295386,6,1
2024-01-01 13:25:00,10.0.0.2,172.16.0.2,ICMP,BLOCK,0.5295712985973011,1265.3797433792176,7,0
2024-01-01 14:57:00,192.168.1.2,8.8.4.4,TCP,ALLOW,-0.47345662285378,1035.5874209496897,9,1
2024-01-01 10:00:00,192.168.1.1,172.16.0.2,ICMP,BLOCK,-0.6010968260148519,927.2743087491459,6,1
2024-01-01 06:18:00,10.0.0.2,8.8.8.8,TCP,BLOCK,-0.8600965787324586,978.1310912909897,4,0
2024-01-01 12:08:00,192.168.1.2,8.8.8.8,ICMP,BLOCK,-0.21545765467808287,1234.1992665692965,1,0
2024-01-01 02:39:00,10.0.0.1,8.8.8.8,UDP,ALLOW,0.1377183125642254,1202.2789784632748,1,1
2024-01-01 10:51:00,192.168.1.1,10.0.0.3,UDP,ALLOW,-0.9777738858646821,628.2922419988619,1,1
2024-01-01 08:45:00,172.16.0.1,8.8.8.8,TCP,ALLOW,-0.16486902087826616,749.5890609481963,5,0
2024-01-01 01:59:00,10.0.0.1,8.8.8.8,ICMP,ALLOW,0.735513333549515,1241.2232985789308,8,1
2024-01-01 07:36:00,10.0.0.2,8.8.8.8,ICMP,BLOCK,0.9781148108569904,1274.260970595317,8,1
2024-01-01 07:46:00,192.168.1.2,8.8.4.4,UDP,ALLOW,-0.7990232477107668,747.3692843488349,4,0
2024-01-01 06:36:00,10.0.0.1,172.16.0.2,UDP,ALLOW,-0.44379460477741484,1165.8212497896084,3,0
2024-01-01 12:21:00,192.168.1.1,8.8.4.4,UDP,BLOCK,0.1461216920934132,1067.8164794450859,1,0
2024-01-01 16:36:00,10.0.0.1,8.8.4.4,TCP,ALLOW,-0.12431021191611769,801.8424847524074,10,0
2024-01-01 12:38:00,192.168.1.2,8.8.8.8,TCP,BLOCK,-0.7684985108313385,1073.8807247046896,7,0
2024-01-01 11:32:00,192.168.1.2,192.168.1.3,ICMP,ALLOW,-0.6644566845038018,838.6652997958059,1,1
2024-01-01 01:57:00,192.168.1.1,192.168.1.3,UDP,BLOCK,0.5689924522239698,1112.6452124579305,5,1
2024-01-01 14:28:00,172.16.0.1,192.168.1.3,ICMP,BLOCK,-0.6792300887478475,306.04374187454493,2,0
2024-01-01 13:12:00,10.0.0.1,172.16.0.2,TCP,ALLOW,0.716839746107854,486.00773852890046,5,1
2024-01-01 06:50:00,10.0.0.1,8.8.4.4,TCP,BLOCK,-0.585981839773202,682.1064773331565,8,0
2024-01-01 05:14:00,192.168.1.2,8.8.8.8,ICMP,BLOCK,0.14148041125346889,1115.7489420327774,10,1
2024-01-01 03:10:00,172.16.0.1,192.168.1.3,ICMP,ALLOW,0.6162652523454051,633.9962470724284,9,0
2024-01-01 00:21:00,192.168.1.2,172.16.0.2,ICMP,BLOCK,0.6313082388772442,1069.5082479488847,3,1
2024-01-01 13:32:00,10.0.0.1,8.8.8.8,TCP,ALLOW,-0.19993993228040718,825.2084386956013,10,1
2024-01-01 12:33:00,192.168.1.2,172.16.0.2,UDP,BLOCK,0.5083277012338518,412.9952443401303,2,1
2024-01-01 12:07:00,10.0.0.1,10.0.0.3,ICMP,BLOCK,0.8830378706061925,757.4676123570141,6,1
2024-01-01 00:46:00,192.168.1.2,10.0.0.3,ICMP,ALLOW,0.8938681803065536,1190.8889191264855,7,0
2024-01-01 02:36:00,10.0.0.2,8.8.4.4,ICMP,ALLOW,-0.053513016578526695,213.81314221531454,4,1
2024-01-01 13:46:00,10.0.0.1,172.16.0.2,UDP,BLOCK,0.04894847952079706,747.6803683546331,3,0
2024-01-01 14:09:00,10.0.0.2,172.16.0.2,UDP,ALLOW,-0.535897600129523,218.74760806940398,6,1
2024-01-01 15:41:00,10.0.0.1,192.168.1.3,ICMP,BLOCK,-0.9668510079031085,1386.5491265944327,5,1
2024-01-01 15:59:00,10.0.0.2,192.168.1.3,UDP,ALLOW,-0.7749203048465481,536.2220696537042,5,0
2024-01-01 03:23:00,192.168.1.2,172.16.0.2,UDP,ALLOW,-0.3639680240493959,635.2198306095543,4,0
2024-01-01 13:25:00,192.168.1.1,192.168.1.3,TCP,BLOCK,-0.21994798510036406,781.6896907962288,9,0
2024-01-01 02:35:00,192.168.1.2,172.16.0.2,UDP,BLOCK,0.7174936992064735,466.8108069182861,7,1
2024-01-01 02:57:00,10.0.0.2,192.168.1.3,ICMP,ALLOW,-0.9180653595452728,1113.906270050671,2,0
2024-01-01 13:39:00,10.0.0.1,8.8.4.4,TCP,ALLOW,-0.4903560682844359,149.22834231826772,8,1
2024-01-01 08:34:00,10.0.0.1,172.16.0.2,ICMP,BLOCK,0.10615114057439956,1194.9111079275394,8,1
2024-01-01 15:45:00,192.168.1.1,192.168.1.3,TCP,BLOCK,-0.9472032480447148,1227.4444219681532,5,0
2024-01-01 13:49:00,192.168.1.1,172.16.0.2,ICMP,BLOCK,-0.9355567293748666,109.63756511286317,2,1
2024-01-01 08:53:00,172.16.0.1,8.8.8.8,TCP,ALLOW,-0.25868938744650793,984.0569982047056,9,1
2024-01-01 09:37:00,192.168.1.2,8.8.8.8,UDP,ALLOW,0.32012419114399715,1264.2283327189587,0,1
2024-01-01 01:23:00,192.168.1.2,10.0.0.3,UDP,BLOCK,-0.07410645211454048,576.6884798538762,5,1
2024-01-01 08:13:00,192.168.1.1,172.16.0.2,TCP,BLOCK,0.23496510570466933,1203.633787846556,8,0
2024-01-01 07:42:00,172.16.0.1,192.168.1.3,ICMP,ALLOW,-0.976924966201687,532.5521935086819,0,0
2024-01-01 10:36:00,192.168.1.1,172.16.0.2,UDP,ALLOW,-0.887433708626598,1415.8947697961146,7,0
2024-01-01 11:12:00,192.168.1.2,8.8.8.8,UDP,BLOCK,-0.66808920107271,1327.9438818909243,4,0
2024-01-01 14:01:00,10.0.0.2,192.168.1.3,UDP,ALLOW,0.2637147500768151,680.7302139954504,4,1
2024-01-01 02:35:00,10.0.0.1,8.8.8.8,UDP,ALLOW,0.7711948458635061,1242.4545308054244,3,1
2024-01-01 01:36:00,172.16.0.1,172.16.0.2,TCP,BLOCK,-0.8090416094215704,1196.6029524533003,7,1
2024-01-01 06:46:00,10.0.0.1,10.0.0.3,ICMP,BLOCK,-0.7220093934845808,578.4473541655944,4,0
2024-01-01 04:21:00,192.168.1.2,192.168.1.3,ICMP,BLOCK,0.6359314458543301,229.26498303259189,3,1
2024-01-01 09:48:00,192.168.1.1,8.8.4.4,UDP,ALLOW,0.45206727837580085,172.59644253920587,2,1
2024-01-01 12:02:00,192.168.1.1,172.16.0.2,TCP,ALLOW,0.30219792212991226,887.2153258178765,9,0
2024-01-01 15:46:00,192.168.1.2,172.16.0.2,ICMP,BLOCK,-0.7989909301905025,216.3109386580368,3,1
2024-01-01 07:08:00,10.0.0.2,8.8.4.4,TCP,ALLOW,-0.7344175203370866,1228.5340329255293,1,1
2024-01-01 11:48:00,192.168.1.2,10.0.0.3,TCP,BLOCK,0.5394875832784538,381.0647613595505,3,1
2024-01-01 05:01:00,172.16.0.1,10.0.0.3,UDP,ALLOW,-0.5282998183551708,849.6854317414767,3,0
2024-01-01 15:15:00,10.0.0.2,8.8.4.4,TCP,ALLOW,0.03736847127850451,355.89445930198485,2,0
2024-01-01 03:15:00,172.16.0.1,172.16.0.2,ICMP,ALLOW,0.01084240201943687,1444.3910177380626,6,1
2024-01-01 04:12:00,192.168.1.1,8.8.4.4,TCP,ALLOW,-0.5784125268332927,640.9607220017172,8,1
2024-01-01 03:44:00,192.168.1.2,10.0.0.3,ICMP,BLOCK,-0.6479477019362225,207.47483171874825,2,0
2024-01-01 03:21:00,10.0.0.2,10.0.0.3,ICMP,ALLOW,-0.3325003411368497,1430.528971979005,8,1
2024-01-01 10:34:00,192.168.1.2,10.0.0.3,TCP,ALLOW,0.396790300714593,1225.031761238194,9,0
2024-01-01 10:27:00,192.168.1.2,172.16.0.2,ICMP,BLOCK,0.3190833108768838,1226.6658017289055,9,1
2024-01-01 00:34:00,10.0.0.1,172.16.0.2,UDP,ALLOW,-0.04090918805549415,886.6048328601157,1,0
2024-01-01 03:24:00,192.168.1.1,8.8.8.8,TCP,ALLOW,-0.13919563521158573,526.0977933948027,5,0
2024-01-01 13:53:00,10.0.0.1,10.0.0.3,TCP,BLOCK,-0.2643286893283179,548.055445065138,8,0
2024-01-01 10:10:00,192.168.1.2,172.16.0.2,TCP,BLOCK,-0.8610590128269202,215.2041911265023,5,0
2024-01-01 12:17:00,172.16.0.1,8.8.4.4,TCP,ALLOW,-0.573593500502243,447.12263674743485,4,0
2024-01-01 07:25:00,192.168.1.2,8.8.8.8,ICMP,ALLOW,-0.42943087860311446,764.826964038735,0,1
2024-01-01 14:18:00,192.168.1.2,192.168.1.3,UDP,ALLOW,0.13487489363919303,1497.2741834951237,4,0
2024-01-01 09:51:00,192.168.1.1,8.8.8.8,TCP,BLOCK,0.37310205114973827,962.8215028714948,10,0
2024-01-01 04:33:00,10.0.0.2,8.8.4.4,ICMP,ALLOW,0.4953816434721905,573.49340363309,7,1
2024-01-01 09:36:00,192.168.1.2,8.8.4.4,TCP,ALLOW,0.23112108150511013,666.7779719266323,9,0
2024-01-01 01:49:00,192.168.1.1,192.168.1.3,TCP,ALLOW,-0.9491279778195052,656.1329489735539,5,1
2024-01-01 07:30:00,172.16.0.1,10.0.0.3,TCP,ALLOW,-0.3426235193362144,1081.1449980722166,4,0
2024-01-01 10:19:00,192.168.1.2,10.0.0.3,TCP,ALLOW,0.17523448697585486,1284.2493892199993,3,0
2024-01-01 09:34:00,10.0.0.1,8.8.8.8,ICMP,ALLOW,-0.7821983292297146,1139.9863119369957,5,1
2024-01-01 01:06:00,192.168.1.2,172.16.0.2,ICMP,BLOCK,-0.284744704164805,886.2751808295951,5,1
2024-01-01 05:49:00,10.0.0.1,8.8.8.8,UDP,BLOCK,-0.4130734601353063,761.8255656796186,6,0
2024-01-01 14:18:00,192.168.1.1,8.8.8.8,ICMP,ALLOW,0.023265269467670935,943.9611500476195,1,0
2024-01-01 10:14:00,172.16.0.1,172.16.0.2,ICMP,ALLOW,-0.7276665633507351,277.3857545394642,9,1
2024-01-01 00:36:00,192.168.1.1,8.8.4.4,ICMP,ALLOW,0.24535407409778087,634.1569689467134,0,0
2024-01-01 10:20:00,192.168.1.1,192.168.1.3,UDP,BLOCK,0.699656019106702,151.0333512874379,6,0
2024-01-01 12:24:00,192.168.1.2,172.16.0.2,ICMP,BLOCK,-0.6628429321943641,956.1525770056461,8,1
2024-01-01 00:48:00,172.16.0.1,172.16.0.2,UDP,ALLOW,-0.7545321094138304,460.3243253134805,7,1
2024-01-01 03:26:00,10.0.0.2,8.8.4.4,TCP,ALLOW,-0.42528566283492375,1100.6199996566465,5,1
2024-01-01 00:26:00,192.168.1.2,10.0.0.3,UDP,BLOCK,0.392490102280322,908.8640480664445,4,1
2024-01-01 15:24:00,192.168.1.1,10.0.0.3,UDP,BLOCK,0.3150730139517157,533.4946447573527,6,0
2024-01-01 02:22:00,10.0.0.2,10.0.0.3,UDP,BLOCK,-0.8087669852425718,1416.28239020681,10,1
2024-01-01 15:04:00,192.168.1.2,8.8.8.8,ICMP,ALLOW,0.4985264520087016,1220.8466695171571,0,1
2024-01-01 12:07:00,192.168.1.1,192.168.1.3,UDP,BLOCK,0.5612957397057747,120.26116036170433,6,1
2024-01-01 04:09:00,192.168.1.1,192.168.1.3,TCP,BLOCK,0.9406826545224489,1495.528012109841,5,0
2024-01-01 04:15:00,10.0.0.2,192.168.1.3,UDP,BLOCK,-0.09256562551851877,874.8584886733213,0,0
2024-01-01 06:27:00,192.168.1.2,8.8.8.8,TCP,ALLOW,0.49475414951998675,690.1188423473794,10,1
2024-01-01 02:35:00,192.168.1.2,192.168.1.3,ICMP,BLOCK,0.6021992898862223,1008.6405406725258,2,0
2024-01-01 06:14:00,10.0.0.1,8.8.4.4,ICMP,BLOCK,-0.43455523896493276,232.84079974388086,5,1
2024-01-01 10:02:00,192.168.1.2,192.168.1.3,UDP,ALLOW,0.7154613022615852,1261.956572314032,10,1
2024-01-01 07:34:00,192.168.1.1,172.16.0.2,TCP,BLOCK,-0.21233766357540995,938.417763548533,8,0
2024-01-01 14:10:00,172.16.0.1,10.0.0.3,TCP,BLOCK,0.2944312643534961,1075.1983149796529,3,1
2024-01-01 03:53:00,172.16.0.1,10.0.0.3,ICMP,BLOCK,0.2165542021825717,1326.6103196399235,1,0
2024-01-01 06:58:00,192.168.1.1,10.0.0.3,TCP,ALLOW,0.2907691286041343,799.1668735035528,1,0
2024-01-01 00:31:00,172.16.0.1,10.0.0.3,ICMP,ALLOW,0.790932111410517,364.42468766350026,9,1
2024-01-01 03:10:00,192.168.1.1,10.0.0.3,UDP,BLOCK,-0.38778022054190053,450.8172694029182,5,0
2024-01-01 13:29:00,10.0.0.1,172.16.0.2,ICMP,ALLOW,-0.3123782053356903,942.304813863801,4,0
2024-01-01 02:58:00,10.0.0.1,10.0.0.3,TCP,BLOCK,0.0017901625721243875,879.8300504077357,3,1
2024-01-01 06:30:00,172.16.0.1,192.168.1.3,TCP,ALLOW,0.7293654290846519,873.4638518655663,7,1
2024-01-01 02:44:00,192.168.1.1,192.168.1.3,UDP,BLOCK,-0.6893956865515001,341.9519237094379,1,0
2024-01-01 02:04:00,172.16.0.1,8.8.4.4,UDP,BLOCK,0.5006781496864809,1008.4607902669376,10,1
2024-01-01 09:17:00,10.0.0.1,10.0.0.3,TCP,BLOCK,0.08017453962371923,609.5697142254951,4,0
2024-01-01 00:26:00,192.168.1.2,8.8.8.8,UDP,ALLOW,-0.7421636887245302,1074.549675907676,2,1
2024-01-01 15:09:00,192.168.1.2,10.0.0.3,TCP,ALLOW,0.5014889193883489,994.5735605719136,1,0
2024-01-01 11:41:00,192.168.1.1,192.168.1.3,ICMP,ALLOW,0.6719543566031352,1323.2724692252505,7,0
2024-01-01 10:43:00,172.16.0.1,10.0.0.3,UDP,BLOCK,0.44334226480772965,365.7477921433753,10,1
2024-01-01 13:29:00,192.168.1.2,8.8.4.4,TCP,BLOCK,-0.2740860167126471,1026.9218391232075,9,1
2024-01-01 01:49:00,172.16.0.1,172.16.0.2,ICMP,BLOCK,-0.03447535920410383,534.8674210136392,9,1
2024-01-01 10:13:00,192.168.1.2,192.168.1.3,UDP,ALLOW,-0.6889733368135735,586.8625847697099,5,0
2024-01-01 15:00:00,172.16.0.1,10.0.0.3,TCP,BLOCK,0.12852781005505642,1346.912008969972,10,1
2024-01-01 06:20:00,10.0.0.1,192.168.1.3,UDP,BLOCK,0.23521023710862687,1324.328886533652,9,1
2024-01-01 11:48:00,192.168.1.2,8.8.8.8,UDP,ALLOW,-0.9944633128421274,128.86561520246215,2,0
2024-01-01 05:04:00,172.16.0.1,8.8.4.4,UDP,BLOCK,0.514537072379549,1467.2705759098017,2,0
2024-01-01 07:49:00,10.0.0.1,8.8.4.4,TCP,BLOCK,-0.24375533999643761,506.1290263896303,4,1
2024-01-01 14:39:00,172.16.0.1,10.0.0.3,TCP,ALLOW,-0.8412548408916829,992.5904080246637,6,1
2024-01-01 02:04:00,192.168.1.2,192.168.1.3,TCP,ALLOW,-0.023357696942704287,1319.5494206374326,4,0
2024-01-01 06:19:00,10.0.0.1,10.0.0.3,ICMP,ALLOW,-0.46211377073062776,1399.693084341206,2,1
2024-01-01 06:17:00,10.0.0.1,8.8.4.4,ICMP,ALLOW,0.8674161882091713,139.33329947475636,10,1
2024-01-01 14:40:00,172.16.0.1,192.168.1.3,ICMP,ALLOW,-0.5727085079815601,667.1146013708475,7,1
2024-01-01 04:26:00,192.168.1.1,8.8.4.4,TCP,BLOCK,0.04272887909000511,1296.7011342606288,1,0
2024-01-01 10:59:00,192.168.1.1,192.168.1.3,TCP,ALLOW,0.42375219942402187,202.13190777510985,2,0
2024-01-01 14:37:00,192.168.1.1,192.168.1.3,TCP,BLOCK,-0.222362287363022,536.509622631741,7,1
2024-01-01 09:41:00,10.0.0.2,172.16.0.2,UDP,BLOCK,-0.3929563152637183,1342.3859423767074,2,0
2024-01-01 11:51:00,192.168.1.1,192.168.1.3,TCP,BLOCK,0.3357177379911236,427.4944123306475,3,1
2024-01-01 09:15:00,192.168.1.2,172.16.0.2,TCP,ALLOW,0.8829831156775465,245.45172643281944,4,1
2024-01-01 06:13:00,192.168.1.2,8.8.4.4,UDP,BLOCK,-0.36127813480869886,611.7683211952238,8,1
2024-01-01 02:27:00,172.16.0.1,192.168.1.3,TCP,ALLOW,-0.8054203704245309,123.66055267155869,6,0
2024-01-01 02:46:00,192.168.1.1,192.168.1.3,TCP,ALLOW,0.14247648801750956,848.7440024368768,5,0
2024-01-01 15:22:00,192.168.1.1,172.16.0.2,UDP,BLOCK,0.4396761365262922,193.49974026487428,3,1
2024-01-01 06:44:00,10.0.0.1,172.16.0.2,TCP,ALLOW,-0.7413712888514961,378.66242733078343,6,0
2024-01-01 05:12:00,192.168.1.2,8.8.8.8,ICMP,BLOCK,0.9396127269954677,809.4713470167733,10,0
2024-01-01 12:03:00,172.16.0.1,8.8.4.4,ICMP,ALLOW,-0.18944309949823301,934.5427592299259,0,1
2024-01-01 02:06:00,10.0.0.2,8.8.4.4,ICMP,ALLOW,0.3906979521586822,260.46115172646836,5,1
2024-01-01 05:31:00,192.168.1.2,8.8.8.8,TCP,ALLOW,-0.9692626716226966,775.6216455688477,5,1
2024-01-01 09:26:00,172.16.0.1,192.168.1.3,TCP,ALLOW,-0.6686801933093185,1478.426245191388,5,0
2024-01-01 02:43:00,10.0.0.1,172.16.0.2,TCP,ALLOW,-0.1754533331545296,444.6536830018508,5,1
2024-01-01 05:08:00,192.168.1.1,10.0.0.3,UDP,ALLOW,0.05523342990730029,1464.1124036184563,0,1
2024-01-01 07:03:00,10.0.0.1,192.168.1.3,TCP,BLOCK,0.1550358902746798,187.40678043494532,6,1
2024-01-01 09:10:00,172.16.0.1,172.16.0.2,ICMP,BLOCK,0.8005403694283215,391.904390537349,1,1
2024-01-01 14:48:00,192.168.1.1,8.8.8.8,ICMP,BLOCK,-0.40662501047465005,1358.1889450179865,8,0
2024-01-01 10:44:00,10.0.0.2,10.0.0.3,UDP,BLOCK,0.7051646865758334,1071.1187457398328,8,0
2024-01-01 02:03:00,192.168.1.2,10.0.0.3,ICMP,BLOCK,-0.9027384090970751,305.54717211534916,7,0
2024-01-01 00:41:00,10.0.0.2,172.16.0.2,UDP,BLOCK,0.64734740950954,1352.887897069446,8,0
2024-01-01 03:50:00,10.0.0.2,10.0.0.3,ICMP,BLOCK,-0.8651503767420774,1070.486362823332,3,0
2024-01-01 16:06:00,192.168.1.1,172.16.0.2,ICMP,ALLOW,0.300295281861219,1407.5501518094352,5,1
2024-01-01 10:31:00,172.16.0.1,192.168.1.3,UDP,ALLOW,0.9490928313101925,904.6799184216178,0,1
2024-01-01 05:09:00,10.0.0.1,8.8.4.4,TCP,ALLOW,-0.27058512480587327,1012.2317334727801,9,0
2024-01-01 05:44:00,10.0.0.1,8.8.8.8,ICMP,BLOCK,-0.7280509129573085,488.59559083157563,5,1
2024-01-01 08:07:00,10.0.0.2,8.8.8.8,UDP,ALLOW,-0.4816098210239601,170.82638014764862,0,0
2024-01-01 07:36:00,192.168.1.2,10.0.0.3,TCP,ALLOW,-0.20202444670745723,738.0571247444467,8,0
2024-01-01 14:50:00,192.168.1.1,10.0.0.3,ICMP,BLOCK,-0.8514898710719603,1217.8546632584164,10,0
2024-01-01 10:52:00,192.168.1.2,172.16.0.2,UDP,ALLOW,0.030545940473742927,785.8052262573259,8,0
2024-01-01 14:22:00,192.168.1.1,8.8.4.4,ICMP,ALLOW,-0.8286180885460084,316.9453978844689,2,0
2024-01-01 05:21:00,192.168.1.2,172.16.0.2,ICMP,ALLOW,0.33961771081629255,1283.469919619191,8,1
2024-01-01 06:53:00,172.16.0.1,192.168.1.3,UDP,ALLOW,-0.7372964127023653,961.6466572572122,7,1
2024-01-01 08:39:00,192.168.1.1,8.8.8.8,UDP,ALLOW,-0.27202762092990995,513.9416062226171,1,1
2024-01-01 13:12:00,192.168.1.1,10.0.0.3,ICMP,ALLOW,0.6991593794793598,1303.1523192821255,1,0
2024-01-01 15:58:00,172.16.0.1,192.168.1.3,UDP,ALLOW,0.7711019425878429,1118.8330896371235,8,0
2024-01-01 11:40:00,192.168.1.2,10.0.0.3,TCP,ALLOW,-0.03750893196294114,200.51876755869003,3,1
2024-01-01 15:50:00,10.0.0.2,172.16.0.2,TCP,BLOCK,0.23567080445672883,223.9411923234357,9,0
2024-01-01 05:10:00,172.16.0.1,172.16.0.2,TCP,BLOCK,0.17006429320537353,172.96453227222804,10,1
2024-01-01 12:40:00,192.168.1.2,8.8.8.8,ICMP,ALLOW,-0.549187222995559,220.19087479777335,1,0
2024-01-01 06:44:00,192.168.1.1,10.0.0.3,TCP,ALLOW,0.563205989590571,841.4487594789584,2,1
2024-01-01 10:54:00,192.168.1.2,8.8.8.8,UDP,ALLOW,-0.6498049301253828,486.80487379304157,9,0
2024-01-01 00:20:00,10.0.0.1,8.8.4.4,ICMP,BLOCK,-0.883631053350775,1477.729261102289,0,1
2024-01-01 03:04:00,10.0.0.2,192.168.1.3,UDP,BLOCK,-0.6992664202661503,1214.4610989192488,9,1
2024-01-01 15:34:00,192.168.1.1,10.0.0.3,TCP,BLOCK,0.8133885047263449,1229.0339089151803,10,1
2024-01-01 14:19:00,192.168.1.2,10.0.0.3,TCP,ALLOW,-0.22750489419413622,417.13997451391197,8,0
2024-01-01 04:42:00,10.0.0.1,8.8.4.4,ICMP,BLOCK,-0.2081950517805775,1094.7960143246187,1,1
2024-01-01 10:36:00,172.16.0.1,10.0.0.3,UDP,ALLOW,0.6799894478765487,151.85603590302236,6,1
2024-01-01 16:30:00,10.0.0.1,8.8.8.8,UDP,BLOCK,0.9884836669350316,1034.2765383506057,2,1
2024-01-01 07:22:00,192.168.1.1,172.16.0.2,TCP,BLOCK,0.9569729384281833,922.9644134399443,5,0
2024-01-01 04:51:00,172.16.0.1,192.168.1.3,TCP,BLOCK,-0.6245512126406574,871.2207363000392,5,1
2024-01-01 06:52:00,10.0.0.2,10.0.0.3,UDP,BLOCK,0.9482200959699321,1300.827765572943,7,0
2024-01-01 02:44:00,10.0.0.2,172.16.0.2,UDP,BLOCK,-0.824315604757309,1326.0381909610046,2,1
2024-01-01 06:05:00,10.0.0.1,172.16.0.2,ICMP,ALLOW,0.4824668971046857,494.5799134454186,7,1
2024-01-01 15:34:00,10.0.0.1,192.168.1.3,UDP,ALLOW,0.4137847313377303,1416.3758146616467,3,0
2024-01-01 04:25:00,172.16.0.1,8.8.4.4,TCP,BLOCK,0.77450210177161,324.2319432202413,9,1
2024-01-01 14:39:00,10.0.0.1,8.8.8.8,UDP,ALLOW,-0.0036224883496231985,1474.2197207911456,1,0
2024-01-01 16:34:00,192.168.1.2,192.168.1.3,TCP,BLOCK,-0.8113522318920927,782.2769766931522,9,1
2024-01-01 09:07:00,10.0.0.2,10.0.0.3,UDP,BLOCK,-0.6749209644452581,712.775974648015,7,1
2024-01-01 05:17:00,10.0.0.2,10.0.0.3,ICMP,ALLOW,0.026209020434071473,782.5684467082609,6,0
2024-01-01 03:04:00,192.168.1.1,8.8.4.4,ICMP,ALLOW,-0.018968492977683438,1263.5046767248364,10,0
2024-01-01 00:18:00,192.168.1.1,8.8.4.4,UDP,ALLOW,0.8340094256622403,772.5122566783766,1,1
2024-01-01 12:01:00,192.168.1.1,192.168.1.3,TCP,BLOCK,-0.5185481853071727,1304.346699007115,7,1
2024-01-01 03:53:00,192.168.1.2,192.168.1.3,ICMP,BLOCK,0.3714267930951385,1498.3541886488042,8,0
2024-01-01 06:40:00,192.168.1.2,192.168.1.3,TCP,BLOCK,-0.055363338182647714,1193.4030277508296,3,1
2024-01-01 00:37:00,10.0.0.2,8.8.8.8,TCP,BLOCK,-0.30321058336564577,814.036643387444,1,1
2024-01-01 08:07:00,192.168.1.1,8.8.8.8,TCP,ALLOW,-0.026952678782235173,625.7336993782096,1,0
2024-01-01 02:51:00,192.168.1.1,172.16.0.2,UDP,ALLOW,-0.5028585375540342,819.8305481636683,5,1
2024-01-01 09:42:00,172.16.0.1,8.8.8.8,ICMP,ALLOW,0.7335283518695535,386.632579754142,6,0
2024-01-01 07:15:00,10.0.0.2,8.8.8.8,UDP,ALLOW,0.33622355715496965,1376.1115662400955,5,1
2024-01-01 10:18:00,10.0.0.2,172.16.0.2,ICMP,ALLOW,-0.5543380361667989,927.0237622356337,7,0
2024-01-01 11:07:00,172.16.0.1,8.8.8.8,TCP,ALLOW,-0.5141566835759186,548.5781010124317,3,0
2024-01-01 14:41:00,192.168.1.1,172.16.0.2,ICMP,ALLOW,-0.23685218067886282,1411.2385744744797,5,1
2024-01-01 02:10:00,172.16.0.1,8.8.4.4,UDP,ALLOW,-0.8703560609005301,1337.9685603667772,3,0
2024-01-01 02:44:00,192.168.1.2,172.16.0.2,TCP,ALLOW,0.6243430994709982,127.08691927600202,7,1
2024-01-01 07:17:00,192.168.1.1,8.8.8.8,UDP,ALLOW,0.3577901888011301,1314.5322970515163,2,0
2024-01-01 04:44:00,10.0.0.1,172.16.0.2,UDP,ALLOW,0.09920081757832588,986.7573156376465,5,1
2024-01-01 05:47:00,172.16.0.1,10.0.0.3,TCP,ALLOW,-0.5802349123450057,1424.8935493788629,6,0
2024-01-01 05:26:00,10.0.0.2,8.8.4.4,ICMP,BLOCK,-0.7266655070925327,287.9050571558531,9,0
2024-01-01 05:05:00,10.0.0.2,172.16.0.2,TCP,BLOCK,-0.20007661846660763,1492.56470513272,6,1
2024-01-01 05:39:00,192.168.1.1,172.16.0.2,TCP,ALLOW,-0.895539759286168,104.08949528645633,2,0
2024-01-01 00:07:00,172.16.0.1,8.8.4.4,UDP,BLOCK,-0.4192897712839363,792.5127760831236,10,1
2024-01-01 13:45:00,10.0.0.2,8.8.8.8,ICMP,ALLOW,-0.2633841781971147,369.7489490122006,4,0
2024-01-01 12:19:00,172.16.0.1,172.16.0.2,ICMP,BLOCK,0.6819242565460204,670.4738964477056,7,0
2024-01-01 00:25:00,10.0.0.2,8.8.4.4,UDP,ALLOW,-0.16603333793962416,1383.8205091879463,3,0
2024-01-01 00:49:00,10.0.0.1,192.168.1.3,UDP,ALLOW,0.948571346052846,337.49311043324155,3,0
2024-01-01 02:31:00,172.16.0.1,192.168.1.3,ICMP,ALLOW,-0.010015129452538352,1338.8754991328108,6,1
2024-01-01 15:41:00,192.168.1.1,8.8.8.8,UDP,BLOCK,0.14877841644799417,146.61284237979382,6,0
2024-01-01 12:21:00,192.168.1.2,8.8.4.4,ICMP,ALLOW,0.9186868910770174,1120.1377172113077,3,0
2024-01-01 03:47:00,192.168.1.1,8.8.4.4,TCP,ALLOW,-0.6372933491302948,1321.4338905961615,8,0
2024-01-01 12:51:00,172.16.0.1,8.8.8.8,UDP,ALLOW,-0.08073184289223834,732.5476645069931,8,0
2024-01-01 10:03:00,192.168.1.1,8.8.8.8,ICMP,BLOCK,0.4672085307765119,1384.8923651017576,9,1
2024-01-01 15:03:00,192.168.1.2,10.0.0.3,ICMP,ALLOW,0.508115024318333,720.3126439008943,8,0
2024-01-01 14:53:00,192.168.1.2,172.16.0.2,TCP,BLOCK,0.8094873231223207,1037.5044310960875,0,1
2024-01-01 15:02:00,10.0.0.1,8.8.8.8,UDP,BLOCK,0.6167279975249789,474.9258336236449,5,1
2024-01-01 09:49:00,172.16.0.1,8.8.8.8,TCP,ALLOW,-0.9170229470915043,1278.2636885929073,8,0
2024-01-01 11:42:00,192.168.1.2,172.16.0.2,UDP,BLOCK,-0.7379736164478505,1388.7037432397447,3,1
2024-01-01 07:31:00,10.0.0.2,192.168.1.3,UDP,ALLOW,0.8478906097832339,924.4805329838521,2,0
2024-01-01 05:04:00,172.16.0.1,8.8.8.8,ICMP,BLOCK,0.11781646839864202,1127.3508091804838,9,0
2024-01-01 02:25:00,192.168.1.1,192.168.1.3,TCP,ALLOW,-0.6513728587276431,1362.9035598668545,3,1
2024-01-01 05:23:00,172.16.0.1,192.168.1.3,UDP,BLOCK,0.5269292906972411,1415.8301037044669,7,0
2024-01-01 12:03:00,10.0.0.2,8.8.4.4,TCP,BLOCK,0.5344997352515812,1019.68602996011,4,0
2024-01-01 15:15:00,10.0.0.2,10.0.0.3,UDP,BLOCK,0.8165198263338682,504.68637840322566,9,1
2024-01-01 08:39:00,10.0.0.1,192.168.1.3,UDP,BLOCK,0.2564175873292105,863.0055833082249,8,0
2024-01-01 13:06:00,192.168.1.2,192.168.1.3,TCP,BLOCK,0.1209911735240865,816.3322305185104,3,0
2024-01-01 12:23:00,10.0.0.2,172.16.0.2,UDP,ALLOW,0.573252616397238,1167.3974366509317,6,0
2024-01-01 07:37:00,10.0.0.1,8.8.8.8,UDP,BLOCK,0.5986175664844033,930.8845182440479,1,0
2024-01-01 10:49:00,10.0.0.2,8.8.4.4,TCP,ALLOW,-0.7886127877287974,712.5652078635545,4,1
2024-01-01 08:57:00,192.168.1.1,10.0.0.3,TCP,BLOCK,-0.21207883787769388,988.3531691855358,3,1
2024-01-01 05:57:00,10.0.0.1,192.168.1.3,UDP,BLOCK,0.6556562567656818,1049.3550614633718,2,1
2024-01-01 09:43:00,192.168.1.1,8.8.8.8,TCP,ALLOW,0.9482664564705334,890.166610944802,0,0
2024-01-01 10:23:00,10.0.0.2,8.8.8.8,ICMP,BLOCK,0.6767532909897329,1332.5712039709406,4,1
2024-01-01 09:15:00,192.168.1.2,192.168.1.3,ICMP,ALLOW,-0.8561558257313004,1180.7464194530803,10,1
2024-01-01 08:48:00,172.16.0.1,10.0.0.3,UDP,BLOCK,-0.6732417557662675,1147.2396094898281,5,1
2024-01-01 03:14:00,10.0.0.1,8.8.8.8,UDP,ALLOW,-0.3067253903576397,169.93385524443536,5,1
2024-01-01 16:17:00,192.168.1.2,172.16.0.2,ICMP,ALLOW,0.5650351114166552,741.1228986148685,5,1
2024-01-01 08:14:00,192.168.1.1,8.8.8.8,TCP,BLOCK,-0.6499564120844841,1190.9682281453227,3,0
2024-01-01 03:13:00,10.0.0.1,8.8.4.4,UDP,ALLOW,-0.5106281420614585,706.7844619169252,8,0
2024-01-01 14:08:00,10.0.0.1,8.8.4.4,UDP,BLOCK,-0.8969832684766095,118.56970669128233,6,0
2024-01-01 02:14:00,10.0.0.1,8.8.8.8,ICMP,BLOCK,-0.16514664084003483,773.5989275746762,6,0
2024-01-01 16:20:00,10.0.0.2,172.16.0.2,TCP,ALLOW,-0.5676542155422868,596.4233501096912,8,0
2024-01-01 05:30:00,192.168.1.1,8.8.8.8,ICMP,BLOCK,0.08297512463057943,910.8314403759931,3,1
2024-01-01 11:40:00,10.0.0.1,172.16.0.2,UDP,BLOCK,-0.5428981016354875,279.0070049052056,8,0
2024-01-01 09:43:00,10.0.0.2,192.168.1.3,ICMP,BLOCK,0.8719242317156444,797.4519190998121,5,0
2024-01-01 09:42:00,192.168.1.2,172.16.0.2,TCP,BLOCK,-0.4584002595855525,141.6781395003673,8,0
2024-01-01 07:04:00,192.168.1.2,8.8.4.4,TCP,ALLOW,0.41381915115653944,626.775273063889,8,1
2024-01-01 16:26:00,10.0.0.2,172.16.0.2,UDP,ALLOW,0.4966229661954733,650.8182217268931,8,0
2024-01-01 00:57:00,10.0.0.1,192.168.1.3,ICMP,BLOCK,-0.8531859162323023,399.60906381983267,2,0
2024-01-01 10:02:00,192.168.1.1,8.8.4.4,ICMP,ALLOW,0.5030126964933876,1467.6527251918237,7,0
2024-01-01 14:20:00,10.0.0.2,8.8.8.8,ICMP,ALLOW,0.1906273281451487,378.40849413067065,0,0
2024-01-01 08:46:00,192.168.1.1,192.168.1.3,ICMP,ALLOW,0.4992235311841908,1372.6504661905535,2,1
2024-01-01 09:30:00,172.16.0.1,10.0.0.3,UDP,ALLOW,-0.6058522563761302,318.91357106738826,6,1
2024-01-01 10:10:00,10.0.0.2,192.168.1.3,ICMP,BLOCK,-0.7978369305516724,1496.6589279672548,0,1
2024-01-01 10:39:00,172.16.0.1,8.8.8.8,UDP,ALLOW,0.1595166919932549,1126.08984302771,5,1
2024-01-01 04:00:00,192.168.1.2,8.8.8.8,UDP,ALLOW,0.2556451494501173,942.9243321962417,9,1
2024-01-01 00:29:00,10.0.0.2,172.16.0.2,ICMP,BLOCK,-0.18113786448001323,327.70046019801157,6,1
2024-01-01 00:25:00,192.168.1.2,192.168.1.3,ICMP,BLOCK,-0.3982553063769638,630.7603934821914,6,0
2024-01-01 05:44:00,172.16.0.1,8.8.4.4,ICMP,BLOCK,0.17713813395847655,471.83652166419375,5,0
2024-01-01 04:31:00,10.0.0.1,8.8.4.4,TCP,BLOCK,-0.6800857610475424,279.5683941345049,1,0
2024-01-01 09:46:00,10.0.0.2,10.0.0.3,UDP,ALLOW,0.5961893559339095,675.3643133112581,2,0
2024-01-01 00:30:00,172.16.0.1,8.8.8.8,TCP,BLOCK,-0.7621244233150857,1126.6368838743256,2,0
2024-01-01 09:34:00,10.0.0.2,172.16.0.2,ICMP,BLOCK,-0.1278438364667811,133.03247055185074,10,1
2024-01-01 07:10:00,10.0.0.1,8.8.8.8,ICMP,ALLOW,0.5173342851366272,1413.066607911651,7,0
2024-01-01 16:11:00,10.0.0.1,8.8.8.8,ICMP,BLOCK,-0.23912707948938428,391.20745784036745,1,0
2024-01-01 16:17:00,192.168.1.1,8.8.4.4,TCP,BLOCK,-0.5264984154030192,1235.161341400733,10,1
2024-01-01 04:50:00,172.16.0.1,192.168.1.3,UDP,BLOCK,0.023257283704009923,972.8930320635418,9,1
2024-01-01 13:29:00,192.168.1.1,10.0.0.3,UDP,BLOCK,0.34167162842948895,375.6282092021964,4,0
2024-01-01 10:40:00,172.16.0.1,192.168.1.3,ICMP,ALLOW,-0.22512126614309924,796.4443290951161,2,0
2024-01-01 15:28:00,192.168.1.1,192.168.1.3,UDP,ALLOW,0.38807892577742886,529.9085276918512,5,1
2024-01-01 08:14:00,192.168.1.2,10.0.0.3,UDP,ALLOW,-0.17532733496534902,1252.1449195843488,10,0
2024-01-01 04:44:00,172.16.0.1,10.0.0.3,ICMP,ALLOW,0.6494224889268081,882.5539413272293,7,1
2024-01-01 05:27:00,172.16.0.1,192.168.1.3,TCP,ALLOW,-0.8427213482693103,1127.8590532563505,9,1
2024-01-01 05:40:00,172.16.0.1,8.8.8.8,UDP,BLOCK,0.7947999429690216,408.72296290212876,6,0
2024-01-01 12:39:00,10.0.0.1,8.8.8.8,ICMP,BLOCK,-0.16477979038974655,356.7581193522204,4,1
2024-01-01 09:15:00,10.0.0.1,172.16.0.2,TCP,BLOCK,0.24783909105713908,462.3291781777309,5,1
2024-01-01 02:14:00,172.16.0.1,172.16.0.2,ICMP,BLOCK,-0.024660842728435606,891.5112608837136,6,1
2024-01-01 00:00:00,10.0.0.2,8.8.8.8,ICMP,ALLOW,0.026536091260647376,685.3280112645747,7,1
2024-01-01 00:13:00,192.168.1.2,8.8.8.8,ICMP,ALLOW,-0.9637681401652525,735.8216335027428,4,1
2024-01-01 00:27:00,10.0.0.2,8.8.8.8,ICMP,BLOCK,-0.21657178540868793,464.3114295668713,5,0
2024-01-01 12:36:00,172.16.0.1,172.16.0.2,UDP,BLOCK,-0.9887598771285191,1244.4746059875858,6,1
2024-01-01 14:01:00,10.0.0.1,192.168.1.3,TCP,ALLOW,0.5779351711078988,824.1844773228139,9,0
2024-01-01 13:12:00,10.0.0.1,192.168.1.3,ICMP,BLOCK,0.9854709538636486,493.89034950660084,1,1
2024-01-01 02:24:00,10.0.0.1,10.0.0.3,TCP,BLOCK,-0.3259177712706325,106.62842249000593,5,0
2024-01-01 08:47:00,10.0.0.1,10.0.0.3,TCP,ALLOW,0.16914305089618442,211.37265774039793,7,0
2024-01-01 14:19:00,192.168.1.2,8.8.8.8,TCP,BLOCK,-0.4415760302243532,1233.7613747467728,6,0
2024-01-01 10:39:00,10.0.0.2,10.0.0.3,TCP,ALLOW,0.8867989811965626,433.5977872401061,5,0
2024-01-01 09:28:00,192.168.1.2,8.8.8.8,ICMP,ALLOW,-0.5450344642104483,1032.7768000194205,8,1
2024-01-01 00:19:00,10.0.0.1,10.0.0.3,UDP,BLOCK,-0.4207827323196349,622.2626854160557,9,1
2024-01-01 09:18:00,192.168.1.1,192.168.1.3,TCP,BLOCK,-0.43025574031875435,937.100215942546,1,1
2024-01-01 16:19:00,10.0.0.2,8.8.8.8,ICMP,BLOCK,-0.5027329484360932,130.27868511324715,2,0
2024-01-01 13:17:00,192.168.1.1,8.8.8.8,UDP,BLOCK,0.9834132450623891,375.62794277223696,0,0
2024-01-01 02:41:00,192.168.1.1,172.16.0.2,ICMP,ALLOW,0.9560266553417205,293.30517454057184,8,0
2024-01-01 09:27:00,192.168.1.1,172.16.0.2,ICMP,ALLOW,-0.9700362528943733,167.8958870742115,1,0
2024-01-01 13:38:00,192.168.1.1,8.8.8.8,UDP,ALLOW,0.36771341138933145,777.0603914142192,7,1
2024-01-01 09:12:00,192.168.1.1,8.8.4.4,ICMP,ALLOW,-0.05286284311061196,415.33067663319554,5,1
2024-01-01 07:10:00,10.0.0.2,10.0.0.3,TCP,ALLOW,-0.4538799387479828,638.0874941769201,10,1
2024-01-01 05:59:00,172.16.0.1,10.0.0.3,TCP,BLOCK,-0.4459171770210375,1165.650824252037,0,1
2024-01-01 04:59:00,192.168.1.2,10.0.0.3,TCP,BLOCK,0.8240253739924008,1203.2730495846592,9,1
2024-01-01 00:59:00,192.168.1.1,8.8.4.4,UDP,ALLOW,0.95188955655705,993.0244575524384,2,0
2024-01-01 11:07:00,192.168.1.2,172.16.0.2,UDP,BLOCK,0.4457310713851792,1202.7938035922293,0,1
2024-01-01 10:30:00,10.0.0.2,10.0.0.3,ICMP,BLOCK,-0.9907888921661836,156.37228305092617,0,0
2024-01-01 09:51:00,192.168.1.2,10.0.0.3,UDP,BLOCK,-0.622257383585116,841.8509491243478,9,1
2024-01-01 00:19:00,192.168.1.2,172.16.0.2,TCP,BLOCK,-0.1356506691559225,285.3480583417777,1,0
2024-01-01 09:49:00,192.168.1.2,10.0.0.3,ICMP,BLOCK,-0.14160544957750232,208.911379441311,2,0
2024-01-01 15:41:00,192.168.1.1,10.0.0.3,UDP,ALLOW,-0.6452724166623127,946.5280080636132,9,0
2024-01-01 12:56:00,192.168.1.1,172.16.0.2,UDP,BLOCK,0.32011143689363086,766.8938386562513,3,1
2024-01-01 10:12:00,10.0.0.2,10.0.0.3,ICMP,ALLOW,0.4681371864024291,821.4135018496323,1,1
2024-01-01 12:44:00,192.168.1.1,192.168.1.3,UDP,BLOCK,-0.8567012332726993,284.28346192634456,6,0
2024-01-01 07:27:00,192.168.1.2,8.8.8.8,ICMP,ALLOW,-0.1072049244119877,947.3098978518905,2,1
2024-01-01 07:46:00,10.0.0.2,192.168.1.3,ICMP,ALLOW,-0.05254172960306458,1458.4019894067233,3,0
2024-01-01 10:15:00,10.0.0.2,172.16.0.2,TCP,ALLOW,0.15931347627327286,236.50502535109513,1,1
2024-01-01 16:23:00,192.168.1.2,10.0.0.3,ICMP,ALLOW,0.6505381637808894,651.440313719739,3,1
2024-01-01 02:41:00,10.0.0.1,192.168.1.3,UDP,ALLOW,-0.23603564125946686,723.5441103013588,6,0
2024-01-01 02:12:00,172.16.0.1,192.168.1.3,TCP,BLOCK,-0.6196976304671307,705.5744054143642,3,0
2024-01-01 08:52:00,10.0.0.2,172.16.0.2,TCP,BLOCK,0.02371701776891233,149.15308416832934,9,0
2024-01-01 02:06:00,172.16.0.1,10.0.0.3,TCP,BLOCK,-0.26400178134706276,1177.682160439539,3,0
2024-01-01 13:42:00,192.168.1.2,8.8.4.4,UDP,ALLOW,-0.48098636096072345,610.7355393721255,7,0
2024-01-01 07:38:00,192.168.1.1,192.168.1.3,ICMP,BLOCK,0.3064114518962697,875.9295537911984,7,1
2024-01-01 14:36:00,192.168.1.2,192.168.1.3,TCP,ALLOW,-0.24149286356787125,300.1562481665105,0,1
2024-01-01 05:48:00,192.168.1.2,8.8.4.4,TCP,BLOCK,0.4762381862952332,696.3632022122531,8,0
2024-01-01 15:05:00,172.16.0.1,192.168.1.3,ICMP,BLOCK,-0.08069839414354063,1015.3294214325515,9,0
2024-01-01 01:44:00,192.168.1.1,8.8.4.4,ICMP,ALLOW,-0.7451276570189946,407.4696472965248,1,0
2024-01-01 09:35:00,10.0.0.1,172.16.0.2,ICMP,ALLOW,-0.16709066566748532,832.7870936294421,3,1
2024-01-01 01:27:00,10.0.0.1,10.0.0.3,ICMP,BLOCK,0.07762723073852462,1416.252302388208,2,0
2024-01-01 08:33:00,192.168.1.1,172.16.0.2,TCP,ALLOW,-0.569794062812135,1299.876435119405,3,0
2024-01-01 09:17:00,10.0.0.1,8.8.8.8,ICMP,BLOCK,-0.45078280998122433,1407.7383560205776,4,0
2024-01-01 04:44:00,10.0.0.1,172.16.0.2,TCP,ALLOW,0.1595833223252694,694.4121559021164,2,0
2024-01-01 02:09:00,10.0.0.1,8.8.8.8,UDP,ALLOW,-0.6768907332170295,932.1664356516857,8,0
2024-01-01 07:10:00,10.0.0.1,8.8.4.4,UDP,ALLOW,-0.0529760127617509,762.4506711708616,3,1
2024-01-01 16:13:00,192.168.1.2,10.0.0.3,ICMP,BLOCK,-0.9994925870868547,636.7196531816998,5,1
2024-01-01 15:29:00,172.16.0.1,172.16.0.2,UDP,ALLOW,0.37943576242276666,727.6455368011525,6,1
2024-01-01 10:08:00,172.16.0.1,10.0.0.3,UDP,ALLOW,0.5228961300408665,418.04847801328685,3,0
2024-01-01 02:07:00,10.0.0.1,192.168.1.3,TCP,BLOCK,0.8683500832336746,1079.7478221374636,2,0
2024-01-01 09:20:00,192.168.1.2,10.0.0.3,UDP,BLOCK,0.7613754443971674,253.2072812645801,6,1
2024-01-01 01:56:00,172.16.0.1,10.0.0.3,ICMP,ALLOW,-0.5717417624961378,128.7360310091099,7,0
2024-01-01 13:33:00,192.168.1.2,8.8.4.4,TCP,ALLOW,-0.7396712406424231,532.1705905020495,8,0
2024-01-01 10:14:00,10.0.0.2,8.8.4.4,ICMP,BLOCK,-0.124695790275559,114.64307747014675,7,0
2024-01-01 04:43:00,172.16.0.1,8.8.4.4,UDP,ALLOW,0.5626553674808337,919.3350826462757,5,1
2024-01-01 13:31:00,192.168.1.2,8.8.4.4,TCP,BLOCK,0.9528775515869867,184.98790195307305,7,1
2024-01-01 01:30:00,192.168.1.2,192.168.1.3,ICMP,BLOCK,-0.07361813742521939,1291.2996498277896,1,0
2024-01-01 11:03:00,10.0.0.2,8.8.4.4,UDP,ALLOW,0.25856781045864596,1281.835467794045,1,0
2024-01-01 15:43:00,172.16.0.1,8.8.4.4,UDP,ALLOW,-0.6676671499673001,639.9324716170672,2,0
2024-01-01 01:49:00,10.0.0.2,8.8.8.8,ICMP,ALLOW,-0.7101189557922556,1116.6980355774258,1,0
2024-01-01 04:00:00,192.168.1.1,8.8.8.8,UDP,BLOCK,-0.040235193747957476,677.597563926626,1,0
2024-01-01 03:50:00,10.0.0.1,172.16.0.2,UDP,ALLOW,0.8182067904160126,298.4378618977107,9,1
2024-01-01 15:46:00,172.16.0.1,192.168.1.3,TCP,BLOCK,0.6190570742916723,1442.472423688326,2,0
2024-01-01 14:42:00,172.16.0.1,192.168.1.3,ICMP,BLOCK,-0.32928469726508625,1303.9363556493906,0,1
2024-01-01 09:22:00,10.0.0.2,8.8.4.4,ICMP,BLOCK,-0.9045923881251952,1138.807091560269,3,1
2024-01-01 12:31:00,192.168.1.1,8.8.8.8,UDP,ALLOW,0.45257221609497056,1023.2375357364527,5,1
2024-01-01 05:34:00,192.168.1.2,10.0.0.3,TCP,ALLOW,0.6816715373545512,268.2712553953768,10,1
2024-01-01 12:01:00,10.0.0.2,192.168.1.3,ICMP,BLOCK,0.3581476059114588,828.7155821245389,10,1
2024-01-01 06:54:00,192.168.1.2,192.168.1.3,ICMP,BLOCK,0.12364096508259559,1035.436105575087,2,0
2024-01-01 15:09:00,172.16.0.1,8.8.4.4,ICMP,BLOCK,-0.7411129463942996,600.7967427252468,8,1
2024-01-01 06:02:00,192.168.1.1,8.8.8.8,TCP,ALLOW,0.332228194853323,1364.1595542809364,9,0
2024-01-01 03:21:00,10.0.0.1,192.168.1.3,ICMP,ALLOW,-0.5317022958498745,374.5612702840291,2,1
2024-01-01 05:53:00,192.168.1.1,8.8.8.8,UDP,BLOCK,-0.9305768031009132,115.29157882457845,8,1
2024-01-01 03:56:00,172.16.0.1,172.16.0.2,UDP,ALLOW,-0.4736105210276813,1134.8794811236037,8,0
2024-01-01 09:24:00,192.168.1.2,8.8.8.8,TCP,BLOCK,0.3711157232290798,1098.7800675635876,3,1
2024-01-01 03:09:00,10.0.0.1,192.168.1.3,UDP,BLOCK,0.4474223252480398,1372.7200497516667,8,1
2024-01-01 14:24:00,10.0.0.2,192.168.1.3,ICMP,ALLOW,-0.5491536047850805,102.67413812333635,7,0
2024-01-01 15:10:00,192.168.1.1,8.8.8.8,ICMP,ALLOW,-0.7666603369525651,1396.7083811329207,8,0
2024-01-01 08:15:00,10.0.0.1,192.168.1.3,UDP,BLOCK,-0.24464483671092396,135.19523347834382,1,0
2024-01-01 04:01:00,10.0.0.1,8.8.4.4,UDP,BLOCK,0.953270657398581,228.8863168298934,7,0
2024-01-01 07:55:00,10.0.0.1,192.168.1.3,TCP,ALLOW,0.8795789907415918,1140.8470844582303,6,0
2024-01-01 04:14:00,192.168.1.1,192.168.1.3,UDP,ALLOW,0.5153225636482464,138.21118725865443,0,0
2024-01-01 11:02:00,192.168.1.2,8.8.4.4,ICMP,BLOCK,-0.12240760936267447,754.875563656771,4,1
2024-01-01 04:44:00,10.0.0.1,192.168.1.3,TCP,ALLOW,-0.223612088028174,544.1771785148767,10,1
2024-01-01 13:49:00,172.16.0.1,8.8.8.8,TCP,BLOCK,-0.9233566764151957,881.2031127573845,5,1
2024-01-01 13:16:00,172.16.0.1,10.0.0.3,ICMP,BLOCK,-0.7037853857579,1301.0451552976358,8,1
2024-01-01 03:08:00,192.168.1.2,192.168.1.3,TCP,BLOCK,0.8553283192925969,399.56744202359516,5,1
2024-01-01 13:28:00,172.16.0.1,192.168.1.3,UDP,ALLOW,0.34024397742463597,1220.9073295976807,8,1
2024-01-01 05:09:00,172.16.0.1,10.0.0.3,UDP,BLOCK,0.48097504155958215,270.6025581575683,0,0
2024-01-01 10:17:00,192.168.1.1,8.8.4.4,ICMP,BLOCK,-0.012276734281696955,807.4086445237494,4,0
2024-01-01 10:08:00,192.168.1.2,10.0.0.3,TCP,ALLOW,-0.6299606504838937,726.7818073633046,3,0
2024-01-01 08:16:00,10.0.0.2,192.168.1.3,TCP,ALLOW,0.3637967540396301,1135.295597060712,3,0
2024-01-01 13:38:00,172.16.0.1,10.0.0.3,ICMP,ALLOW,-0.16604877257683426,320.7121933401262,8,0
2024-01-01 02:14:00,10.0.0.1,8.8.4.4,TCP,ALLOW,-0.5721648221824058,1373.4942186660976,7,0
2024-01-01 03:37:00,192.168.1.2,8.8.4.4,UDP,ALLOW,0.7543368742985166,847.3109539825223,6,0
2024-01-01 09:20:00,192.168.1.2,10.0.0.3,TCP,ALLOW,-0.4333348608812557,1096.7206243063865,2,0
2024-01-01 02:43:00,10.0.0.1,8.8.8.8,ICMP,BLOCK,0.1284220859150247,834.5749020263099,5,1
2024-01-01 13:19:00,10.0.0.1,8.8.4.4,UDP,BLOCK,0.6046508153504426,948.4152268396259,6,0
2024-01-01 13:58:00,192.168.1.1,10.0.0.3,UDP,BLOCK,-0.5882075196477887,645.4646637786782,9,1
2024-01-01 03:29:00,10.0.0.2,8.8.4.4,TCP,BLOCK,0.3385457751694829,241.49004995135024,6,1
2024-01-01 15:44:00,10.0.0.1,10.0.0.3,TCP,BLOCK,-0.6056874736786095,440.5766335152246,7,1
2024-01-01 10:15:00,192.168.1.2,8.8.4.4,ICMP,BLOCK,0.6669316525067865,436.2542978093321,0,1
2024-01-01 14:40:00,192.168.1.2,8.8.4.4,UDP,ALLOW,0.03380392823189071,1033.6425317518497,3,1
2024-01-01 12:32:00,192.168.1.1,8.8.4.4,TCP,BLOCK,0.37667143221345145,1400.9934783063254,6,1
2024-01-01 16:04:00,192.168.1.2,10.0.0.3,TCP,ALLOW,-0.27611588426937117,1425.041744556241,8,1
2024-01-01 14:43:00,192.168.1.1,192.168.1.3,UDP,BLOCK,0.4615386619989834,1331.0909952138204,8,1
2024-01-01 03:17:00,10.0.0.2,10.0.0.3,TCP,BLOCK,0.9133801176423209,1311.3031825780736,4,1
2024-01-01 05:00:00,192.168.1.2,172.16.0.2,UDP,ALLOW,0.37899895645314396,288.55429514288033,1,0
2024-01-01 10:57:00,192.168.1.1,8.8.8.8,UDP,ALLOW,-0.07766314518452755,383.35843285362637,4,0
2024-01-01 15:50:00,10.0.0.1,8.8.4.4,UDP,ALLOW,-0.5483686697296324,1088.49513031159,8,0
2024-01-01 14:26:00,172.16.0.1,10.0.0.3,TCP,ALLOW,-0.036837261198822135,939.4600730665516,9,0
2024-01-01 06:30:00,192.168.1.1,8.8.8.8,ICMP,ALLOW,0.26202713097442887,1334.4074946598082,0,1
2024-01-01 12:17:00,192.168.1.1,8.8.8.8,TCP,BLOCK,-0.1990107001058532,1068.517190716742,3,0
2024-01-01 15:28:00,172.16.0.1,8.8.8.8,ICMP,ALLOW,0.26238119598911314,187.0628180283286,9,1
2024-01-01 02:12:00,10.0.0.2,8.8.8.8,ICMP,ALLOW,-0.2317964717613783,886.411091116955,3,1
2024-01-01 09:26:00,192.168.1.1,192.168.1.3,UDP,BLOCK,-0.4075541540111334,1288.752053115738,7,1
2024-01-01 06:20:00,10.0.0.1,10.0.0.3,TCP,ALLOW,0.11348856874248692,123.37032376032866,9,1
2024-01-01 09:42:00,192.168.1.1,192.168.1.3,UDP,BLOCK,-0.8956612560542261,1279.4679979178227,6,1
2024-01-01 08:32:00,172.16.0.1,8.8.4.4,UDP,ALLOW,0.08817187836653062,1253.1239014409648,4,1
2024-01-01 16:23:00,172.16.0.1,8.8.8.8,ICMP,BLOCK,0.162638230905497,882.8934460880656,9,0
2024-01-01 15:36:00,172.16.0.1,10.0.0.3,ICMP,ALLOW,-0.19052432944908193,134.27005872616064,1,0
2024-01-01 08:12:00,192.168.1.1,10.0.0.3,ICMP,ALLOW,-0.08867266754246317,478.08200821550577,2,1
2024-01-01 12:26:00,192.168.1.2,8.8.8.8,UDP,BLOCK,-0.9132186845032086,979.6712519217563,2,0
2024-01-01 06:09:00,10.0.0.1,8.8.8.8,ICMP,ALLOW,-0.5647773189950234,743.4061980010472,10,0
2024-01-01 13:57:00,10.0.0.1,192.168.1.3,TCP,ALLOW,-0.8716811373736764,396.8174369714103,3,1
2024-01-01 06:29:00,192.168.1.1,8.8.8.8,TCP,ALLOW,-0.4964432102168135,816.9659985854669,3,0
2024-01-01 08:29:00,192.168.1.1,8.8.8.8,UDP,BLOCK,0.16230010906682923,706.7099793573187,9,0
2024-01-01 03:47:00,192.168.1.2,8.8.4.4,ICMP,ALLOW,0.8460458585093655,619.1117988587603,7,1
2024-01-01 02:40:00,10.0.0.1,10.0.0.3,TCP,ALLOW,0.913173351673706,434.3351680975301,1,0
2024-01-01 08:56:00,192.168.1.1,10.0.0.3,ICMP,ALLOW,-0.9804763345972731,827.952475126342,7,0
2024-01-01 08:11:00,10.0.0.2,10.0.0.3,UDP,ALLOW,-0.30793234180207807,170.76432073258607,0,1
2024-01-01 04:09:00,192.168.1.1,192.168.1.3,UDP,ALLOW,0.8119124294779669,970.1337343426237,7,1
2024-01-01 05:01:00,10.0.0.1,8.8.4.4,ICMP,BLOCK,0.2178178466607099,1354.278287813579,10,1
2024-01-01 05:48:00,192.168.1.1,8.8.4.4,UDP,BLOCK,-0.9804008145551322,315.30039856053617,10,0
2024-01-01 09:04:00,10.0.0.1,8.8.8.8,TCP,BLOCK,0.8841860073846821,430.9148457814079,1,1
2024-01-01 12:37:00,10.0.0.2,172.16.0.2,TCP,ALLOW,-0.4427043657851628,766.6515581011881,10,1
2024-01-01 07:27:00,192.168.1.1,192.168.1.3,ICMP,BLOCK,0.6219680134673105,801.6096830029145,4,0
2024-01-01 04:28:00,192.168.1.1,10.0.0.3,TCP,BLOCK,-0.7975108163207743,778.0390200827545,0,0
2024-01-01 07:55:00,10.0.0.2,10.0.0.3,UDP,ALLOW,0.8851630960918397,415.4510320856901,5,1
2024-01-01 13:33:00,10.0.0.2,192.168.1.3,ICMP,BLOCK,-0.062290446103854924,1242.0584019025914,4,1
2024-01-01 01:27:00,172.16.0.1,192.168.1.3,ICMP,BLOCK,0.9539830142635384,829.0191148956986,5,1
2024-01-01 07:10:00,10.0.0.1,8.8.4.4,TCP,ALLOW,0.40617935836309726,1338.9743276333315,0,0
2024-01-01 06:02:00,172.16.0.1,10.0.0.3,TCP,BLOCK,0.5754475001037167,1179.0326298600628,10,1
2024-01-01 14:01:00,192.168.1.1,8.8.8.8,ICMP,BLOCK,0.5950105951846318,698.1921996706305,6,0
2024-01-01 00:13:00,10.0.0.1,172.16.0.2,TCP,ALLOW,0.8298528852333131,1450.6154094037827,6,0
2024-01-01 02:14:00,192.168.1.2,8.8.4.4,UDP,BLOCK,-0.9527659767648282,974.0390383603258,5,0
2024-01-01 01:27:00,10.0.0.2,192.168.1.3,TCP,ALLOW,0.5526685229079262,695.3549044085634,4,1
2024-01-01 08:24:00,192.168.1.2,192.168.1.3,UDP,BLOCK,0.16512354476554325,1237.4413994184022,1,0
2024-01-01 13:29:00,172.16.0.1,10.0.0.3,UDP,BLOCK,0.5874316634774466,1158.2981565343537,7,1
2024-01-01 08:59:00,10.0.0.1,192.168.1.3,ICMP,ALLOW,0.4056862015659437,870.0158377504047,7,0
2024-01-01 09:05:00,10.0.0.2,192.168.1.3,ICMP,ALLOW,0.061081225873343525,945.8523177737509,6,0
2024-01-01 14:44:00,10.0.0.2,8.8.4.4,UDP,BLOCK,0.8574729570993656,617.9193229030154,3,1
2024-01-01 16:24:00,172.16.0.1,8.8.8.8,TCP,ALLOW,-0.3109678240944125,614.0664872211933,2,1
2024-01-01 06:03:00,192.168.1.2,8.8.8.8,ICMP,BLOCK,0.8910473438537256,578.3591639918898,4,1
2024-01-01 10:41:00,192.168.1.2,192.168.1.3,TCP,ALLOW,0.7258649879408254,1106.1014043729365,2,1
2024-01-01 01:48:00,172.16.0.1,8.8.4.4,TCP,BLOCK,-0.1688906966858208,590.7186636324373,2,0
2024-01-01 02:44:00,10.0.0.1,192.168.1.3,TCP,BLOCK,0.41370565630324685,1326.6611958665437,4,1
2024-01-01 12:43:00,10.0.0.2,10.0.0.3,ICMP,BLOCK,-0.3061122842456798,388.1994954002364,8,0
2024-01-01 11:10:00,192.168.1.1,8.8.4.4,TCP,BLOCK,0.4817688407491605,314.5664762703983,7,1
2024-01-01 06:17:00,192.168.1.2,8.8.8.8,UDP,ALLOW,0.1576485833997412,578.8358207386246,0,0
2024-01-01 06:38:00,192.168.1.2,8.8.8.8,UDP,BLOCK,0.9881279517195043,454.6886644085449,1,0
2024-01-01 15:55:00,10.0.0.1,192.168.1.3,TCP,ALLOW,-0.5413929832923057,909.6074683844016,3,1
2024-01-01 00:20:00,192.168.1.2,10.0.0.3,UDP,ALLOW,-0.10585377661750628,209.8625411801582,7,1
2024-01-01 15:35:00,172.16.0.1,10.0.0.3,UDP,ALLOW,-0.4944472619001026,306.4398870826992,0,0
2024-01-01 12:01:00,10.0.0.2,172.16.0.2,TCP,BLOCK,0.7632556964581105,1205.8153836255149,4,0
2024-01-01 16:28:00,172.16.0.1,10.0.0.3,UDP,ALLOW,0.5048424451363953,835.1957880500042,5,1
2024-01-01 12:23:00,192.168.1.1,10.0.0.3,ICMP,ALLOW,-0.009933166241725688,756.8979586007445,3,0
2024-01-01 00:15:00,172.16.0.1,172.16.0.2,TCP,BLOCK,-0.1863270898949705,840.4159176037368,1,0
2024-01-01 06:10:00,192.168.1.2,192.168.1.3,ICMP,BLOCK,-0.4089816588926589,1247.162190857995,7,0
2024-01-01 03:38:00,192.168.1.1,8.8.4.4,UDP,ALLOW,-0.517206599822259,1452.5849821971244,6,0
2024-01-01 01:28:00,10.0.0.1,10.0.0.3,UDP,ALLOW,-0.7181953793597542,690.297230160168,8,1
2024-01-01 07:02:00,192.168.1.2,8.8.4.4,UDP,ALLOW,0.37270674714579144,464.3720811868823,4,0
2024-01-01 05:12:00,192.168.1.2,8.8.4.4,TCP,BLOCK,-0.7295160776735741,163.76952471559517,5,0
2024-01-01 05:50:00,172.16.0.1,8.8.4.4,TCP,ALLOW,-0.8089336293312854,953.9364013169579,7,1
2024-01-01 05:07:00,10.0.0.2,192.168.1.3,TCP,ALLOW,0.020350869039164055,1024.163733136777,4,1
2024-01-01 16:28:00,10.0.0.2,8.8.4.4,UDP,BLOCK,-0.426455744390299,291.2559338225095,2,0
2024-01-01 12:50:00,172.16.0.1,10.0.0.3,ICMP,ALLOW,0.71235957790564,957.7260980446115,0,1
2024-01-01 00:13:00,10.0.0.2,192.168.1.3,TCP,BLOCK,-0.5460709233317693,1021.0922343570451,5,0
2024-01-01 08:32:00,192.168.1.2,10.0.0.3,ICMP,BLOCK,0.12321837874198094,535.4394766397205,6,0
2024-01-01 16:22:00,10.0.0.1,172.16.0.2,TCP,ALLOW,-0.07457580410982989,592.8474930645834,3,0
2024-01-01 06:43:00,10.0.0.1,172.16.0.2,TCP,ALLOW,-0.9187846080880109,579.1034293213972,7,0
2024-01-01 12:48:00,10.0.0.2,192.168.1.3,TCP,BLOCK,-0.7442581744735692,721.1482839714218,8,0
2024-01-01 00:29:00,172.16.0.1,8.8.4.4,UDP,BLOCK,-0.08432015203483201,569.6543795703508,6,1
2024-01-01 04:42:00,10.0.0.2,10.0.0.3,TCP,BLOCK,0.21058039906243198,1294.3843150519078,2,1
2024-01-01 04:21:00,10.0.0.2,192.168.1.3,UDP,ALLOW,-0.7219658127588209,1156.4712142878325,8,1
2024-01-01 13:41:00,10.0.0.2,172.16.0.2,UDP,BLOCK,0.7097022253101202,1390.1927442377887,10,1
2024-01-01 12:26:00,192.168.1.1,10.0.0.3,ICMP,ALLOW,0.28987777787719415,1051.1035531996185,10,1
2024-01-01 00:26:00,192.168.1.2,8.8.4.4,ICMP,ALLOW,0.45993204789983455,1195.2030394675955,7,0
2024-01-01 06:03:00,10.0.0.2,172.16.0.2,TCP,BLOCK,-0.22365420215562404,1412.4219446543477,0,0
2024-01-01 11:21:00,192.168.1.1,8.8.8.8,UDP,BLOCK,-0.9046105401600597,515.5503152924591,4,0
2024-01-01 05:40:00,10.0.0.2,8.8.8.8,ICMP,BLOCK,-0.009784964973148957,1011.6448664823627,9,0
2024-01-01 01:20:00,192.168.1.2,172.16.0.2,ICMP,BLOCK,-0.3186841115007075,1399.9999472593734,4,0
2024-01-01 04:47:00,10.0.0.2,8.8.8.8,ICMP,ALLOW,-0.5749347608787396,143.72244730741048,9,1
2024-01-01 03:19:00,10.0.0.1,10.0.0.3,UDP,BLOCK,0.7514622966836251,768.0193610443075,1,0
2024-01-01 14:31:00,192.168.1.2,192.168.1.3,ICMP,BLOCK,0.6740880303113648,986.5090259964644,10,1
2024-01-01 14:23:00,10.0.0.1,192.168.1.3,TCP,BLOCK,-0.04575793349710455,798.8556575741677,7,0
2024-01-01 09:22:00,10.0.0.1,192.168.1.3,TCP,BLOCK,0.42089830946273366,606.3834724310088,2,0
2024-01-01 00:09:00,10.0.0.1,192.168.1.3,TCP,ALLOW,-0.9426854457434843,610.147837934783,0,1
2024-01-01 09:46:00,10.0.0.2,8.8.4.4,ICMP,BLOCK,-0.6684317605415573,1267.1675015996382,5,1
2024-01-01 00:45:00,10.0.0.1,172.16.0.2,TCP,ALLOW,0.999659315184313,644.3597998398258,7,1
2024-01-01 11:56:00,10.0.0.2,8.8.8.8,TCP,ALLOW,0.04057895178917148,550.8870812250251,10,0
2024-01-01 13:10:00,192.168.1.2,172.16.0.2,TCP,ALLOW,-0.27519365783606275,393.04199122510045,1,0
2024-01-01 03:11:00,172.16.0.1,192.168.1.3,TCP,ALLOW,-0.7206611635181417,589.763003669166,1,0
2024-01-01 03:33:00,192.168.1.1,192.168.1.3,ICMP,ALLOW,0.2252945976440517,1363.766089112797,4,0
2024-01-01 07:27:00,10.0.0.1,8.8.8.8,TCP,BLOCK,-0.29728932746341186,401.2176486944721,3,1
2024-01-01 13:41:00,192.168.1.2,192.168.1.3,UDP,ALLOW,0.03141537499916547,189.52270629953927,2,0
2024-01-01 10:02:00,10.0.0.1,8.8.4.4,UDP,BLOCK,-0.8469744616337322,941.8929669670556,1,0
2024-01-01 10:29:00,192.168.1.2,10.0.0.3,TCP,ALLOW,-0.5847043891312762,1233.7085779591844,4,1
2024-01-01 03:37:00,192.168.1.2,8.8.4.4,TCP,ALLOW,0.20595541357263403,899.8805463526836,4,1
2024-01-01 11:55:00,192.168.1.1,10.0.0.3,ICMP,ALLOW,-0.9916383173839416,1171.801226858478,7,1
2024-01-01 02:20:00,192.168.1.1,10.0.0.3,TCP,BLOCK,-0.6432524007967513,716.7848733031092,7,0
2024-01-01 02:24:00,10.0.0.1,192.168.1.3,TCP,ALLOW,-0.6228611138938149,256.6846538585809,0,1
2024-01-01 02:36:00,10.0.0.2,10.0.0.3,UDP,BLOCK,-0.09010888978794274,138.70521614415372,1,0
2024-01-01 01:52:00,192.168.1.2,10.0.0.3,TCP,BLOCK,-0.1043650641662861,860.7829102716707,6,1
2024-01-01 09:34:00,10.0.0.2,8.8.8.8,TCP,BLOCK,-0.7057005954807476,1287.595192119368,1,1
2024-01-01 07:24:00,10.0.0.1,192.168.1.3,ICMP,BLOCK,0.032774227628068475,906.6628591386977,3,0
2024-01-01 06:57:00,192.168.1.2,192.168.1.3,UDP,BLOCK,0.6048001537376242,495.0643888088723,4,0
2024-01-01 12:03:00,192.168.1.2,192.168.1.3,TCP,BLOCK,-0.2767893784201101,146.78428903258708,1,1
2024-01-01 03:56:00,172.16.0.1,172.16.0.2,ICMP,ALLOW,0.4482500921430359,1486.4359177763006,9,1
2024-01-01 15:57:00,172.16.0.1,8.8.8.8,UDP,ALLOW,-0.38862109959302304,140.96894989762808,1,1
2024-01-01 10:12:00,10.0.0.2,172.16.0.2,ICMP,BLOCK,0.8668177253625549,1374.374719408273,4,1
2024-01-01 01:27:00,192.168.1.1,8.8.4.4,TCP,ALLOW,0.4676103399306506,680.0234787825477,0,0
2024-01-01 11:20:00,192.168.1.1,8.8.8.8,UDP,BLOCK,-0.17242883403900278,924.0312502024899,4,0
2024-01-01 12:15:00,192.168.1.1,172.16.0.2,TCP,ALLOW,-0.7658001157394747,1486.9628616850728,2,0
2024-01-01 01:45:00,172.16.0.1,8.8.8.8,UDP,ALLOW,0.9596482117349343,1286.2481667518862,10,0
2024-01-01 14:48:00,10.0.0.1,172.16.0.2,TCP,BLOCK,-0.3614752427204353,1363.830326252735,0,0
2024-01-01 02:56:00,10.0.0.1,8.8.8.8,TCP,ALLOW,0.9438956945449641,511.90362797986313,2,1
2024-01-01 09:14:00,10.0.0.2,8.8.4.4,UDP,BLOCK,0.09259598168623984,590.96712125429,7,1
2024-01-01 03:32:00,10.0.0.2,10.0.0.3,ICMP,BLOCK,-0.6401169011461683,416.8328201261867,7,0
2024-01-01 06:49:00,10.0.0.2,192.168.1.3,TCP,ALLOW,-0.3325218622652901,875.4512916676412,9,1
